#-----------------------------------------------------------
# Vivado v2024.2 (64-bit)
# SW Build 5239630 on Fri Nov 08 22:35:27 MST 2024
# IP Build 5239520 on Sun Nov 10 16:12:51 MST 2024
# SharedData Build 5239561 on Fri Nov 08 14:39:27 MST 2024
# Start of session at: Mon Sep 22 14:18:35 2025
# Process ID         : 12320
# Current directory  : C:/Users/eleves/Desktop/ES_FPGA/TP_ASCON/project_ascon
# Command line       : vivado.exe -gui_launcher_event rodinguilauncherevent8240 C:\Users\eleves\Desktop\ES_FPGA\TP_ASCON\project_ascon\project_ascon.xpr
# Log file           : C:/Users/eleves/Desktop/ES_FPGA/TP_ASCON/project_ascon/vivado.log
# Journal file       : C:/Users/eleves/Desktop/ES_FPGA/TP_ASCON/project_ascon\vivado.jou
# Running On         : GCP-E106-23
# Platform           : Windows Server 2016 or Windows 10
# Operating System   : 26100
# Processor Detail   : Intel(R) Core(TM) i5-10500 CPU @ 3.10GHz
# CPU Frequency      : 3096 MHz
# CPU Physical cores : 6
# CPU Logical cores  : 12
# Host memory        : 16474 MB
# Swap memory        : 16642 MB
# Total Virtual      : 33117 MB
# Available Virtual  : 25707 MB
#-----------------------------------------------------------
start_gui
open_project C:/Users/eleves/Desktop/ES_FPGA/TP_ASCON/project_ascon/project_ascon.xpr
WARNING: [Board 49-26] cannot add Board Part xilinx.com:zcu208ld:part0:2.0 available at C:/Xilinx/Vivado/2024.2/data/xhub/boards/XilinxBoardStore/boards/Xilinx/zcu208ld/production/2.0/board.xml as part xczu58dr-fsvg1517-2-i specified in board_part file is either invalid or not available
WARNING: [Board 49-26] cannot add Board Part xilinx.com:zcu216ld:part0:2.0 available at C:/Xilinx/Vivado/2024.2/data/xhub/boards/XilinxBoardStore/boards/Xilinx/zcu216ld/production/2.0/board.xml as part xczu59dr-ffvf1760-2-i specified in board_part file is either invalid or not available
WARNING: [Board 49-26] cannot add Board Part xilinx.com:zcu670ld:part0:1.0 available at C:/Xilinx/Vivado/2024.2/data/xhub/boards/XilinxBoardStore/boards/Xilinx/zcu670ld/1.0/board.xml as part xczu57dr-fsve1156-2-i specified in board_part file is either invalid or not available
Scanning sources...
Finished scanning sources
INFO: [IP_Flow 19-234] Refreshing IP repositories
INFO: [IP_Flow 19-1704] No user IP repositories specified
INFO: [IP_Flow 19-2313] Loaded Vivado IP repository 'C:/Xilinx/Vivado/2024.2/data/ip'.
open_project: Time (s): cpu = 00:00:15 ; elapsed = 00:00:07 . Memory (MB): peak = 1304.852 ; gain = 209.430
update_compile_order -fileset sources_1
exit
INFO: [Common 17-206] Exiting Vivado at Mon Sep 22 14:20:45 2025...
_ascon.srcs/constrs_1
file mkdir C:/Users/eleves/Desktop/ES_FPGA/TP_ASCON/project_ascon/project_ascon.srcs/constrs_1/new
close [ open C:/Users/eleves/Desktop/ES_FPGA/TP_ASCON/project_ascon/project_ascon.srcs/constrs_1/new/contrainte_top_ascon.xdc w ]
add_files -fileset constrs_1 C:/Users/eleves/Desktop/ES_FPGA/TP_ASCON/project_ascon/project_ascon.srcs/constrs_1/new/contrainte_top_ascon.xdc
reset_run synth_1
INFO: [Project 1-1161] Replacing file C:/Users/eleves/Desktop/ES_FPGA/TP_ASCON/project_ascon/project_ascon.srcs/utils_1/imports/synth_1/ascon.dcp with file C:/Users/eleves/Desktop/ES_FPGA/TP_ASCON/project_ascon/project_ascon.runs/synth_1/top_ascon.dcp
launch_runs synth_1 -jobs 12
[Mon Sep 22 14:24:00 2025] Launched synth_1...
Run output will be captured here: C:/Users/eleves/Desktop/ES_FPGA/TP_ASCON/project_ascon/project_ascon.runs/synth_1/runme.log
open_run synth_1 -name synth_1
Design is defaulting to impl run constrset: constrs_1
Design is defaulting to synth run part: xc7z020clg484-1
INFO: [Device 21-403] Loading part xc7z020clg484-1
INFO: [Project 1-454] Reading design checkpoint 'c:/Users/eleves/Desktop/ES_FPGA/TP_ASCON/project_ascon/project_ascon.gen/sources_1/ip/clk_wiz_0/clk_wiz_0.dcp' for cell 'clock_100MHz'
INFO: [Project 1-454] Reading design checkpoint 'c:/Users/eleves/Desktop/ES_FPGA/TP_ASCON/project_ascon/project_ascon.gen/sources_1/ip/blk_mem_gen_0/blk_mem_gen_0.dcp' for cell 'memory_rom'
Netlist sorting complete. Time (s): cpu = 00:00:00 ; elapsed = 00:00:00.002 . Memory (MB): peak = 1585.961 ; gain = 0.000
INFO: [Netlist 29-17] Analyzing 2 Unisim elements for replacement
INFO: [Netlist 29-28] Unisim Transformation completed in 0 CPU seconds
INFO: [Project 1-479] Netlist was created with Vivado 2024.2
INFO: [Project 1-570] Preparing netlist for logic optimization
Parsing XDC File [c:/Users/eleves/Desktop/ES_FPGA/TP_ASCON/project_ascon/project_ascon.gen/sources_1/ip/clk_wiz_0/clk_wiz_0_board.xdc] for cell 'clock_100MHz/inst'
Finished Parsing XDC File [c:/Users/eleves/Desktop/ES_FPGA/TP_ASCON/project_ascon/project_ascon.gen/sources_1/ip/clk_wiz_0/clk_wiz_0_board.xdc] for cell 'clock_100MHz/inst'
Parsing XDC File [c:/Users/eleves/Desktop/ES_FPGA/TP_ASCON/project_ascon/project_ascon.gen/sources_1/ip/clk_wiz_0/clk_wiz_0.xdc] for cell 'clock_100MHz/inst'
INFO: [Timing 38-35] Done setting XDC timing constraints. [c:/Users/eleves/Desktop/ES_FPGA/TP_ASCON/project_ascon/project_ascon.gen/sources_1/ip/clk_wiz_0/clk_wiz_0.xdc:54]
INFO: [Timing 38-2] Deriving generated clocks [c:/Users/eleves/Desktop/ES_FPGA/TP_ASCON/project_ascon/project_ascon.gen/sources_1/ip/clk_wiz_0/clk_wiz_0.xdc:54]
Finished Parsing XDC File [c:/Users/eleves/Desktop/ES_FPGA/TP_ASCON/project_ascon/project_ascon.gen/sources_1/ip/clk_wiz_0/clk_wiz_0.xdc] for cell 'clock_100MHz/inst'
Parsing XDC File [C:/Users/eleves/Desktop/ES_FPGA/TP_ASCON/project_ascon/project_ascon.srcs/constrs_1/new/contrainte_top_ascon.xdc]
WARNING: [Vivado 12-584] No ports matched 'btn[0]'. [C:/Users/eleves/Desktop/ES_FPGA/TP_ASCON/project_ascon/project_ascon.srcs/constrs_1/new/contrainte_top_ascon.xdc:1]
CRITICAL WARNING: [Common 17-55] 'set_property' expects at least one object. [C:/Users/eleves/Desktop/ES_FPGA/TP_ASCON/project_ascon/project_ascon.srcs/constrs_1/new/contrainte_top_ascon.xdc:1]
Resolution: If [get_<value>] was used to populate the object, check to make sure this command returns at least one valid object.
Finished Parsing XDC File [C:/Users/eleves/Desktop/ES_FPGA/TP_ASCON/project_ascon/project_ascon.srcs/constrs_1/new/contrainte_top_ascon.xdc]
INFO: [Opt 31-138] Pushed 0 inverter(s) to 0 load pin(s).
Netlist sorting complete. Time (s): cpu = 00:00:00 ; elapsed = 00:00:00 . Memory (MB): peak = 2213.699 ; gain = 0.000
INFO: [Project 1-111] Unisim Transformation Summary:
No Unisim elements were transformed.

open_run: Time (s): cpu = 00:00:21 ; elapsed = 00:00:15 . Memory (MB): peak = 2519.480 ; gain = 1181.605
reset_run synth_1
INFO: [Project 1-1161] Replacing file C:/Users/eleves/Desktop/ES_FPGA/TP_ASCON/project_ascon/project_ascon.srcs/utils_1/imports/synth_1/ascon.dcp with file C:/Users/eleves/Desktop/ES_FPGA/TP_ASCON/project_ascon/project_ascon.runs/synth_1/top_ascon.dcp
launch_runs synth_1 -jobs 12
[Mon Sep 22 14:37:11 2025] Launched synth_1...
Run output will be captured here: C:/Users/eleves/Desktop/ES_FPGA/TP_ASCON/project_ascon/project_ascon.runs/synth_1/runme.log
launch_runs impl_1 -jobs 12
WARNING: [Project 1-478] Design 'synth_1' is stale and will not be used when launching 'impl_1'
[Mon Sep 22 14:38:14 2025] Launched impl_1...
Run output will be captured here: C:/Users/eleves/Desktop/ES_FPGA/TP_ASCON/project_ascon/project_ascon.runs/impl_1/runme.log
launch_runs impl_1 -to_step write_bitstream -jobs 12
[Mon Sep 22 14:39:42 2025] Launched impl_1...
Run output will be captured here: C:/Users/eleves/Desktop/ES_FPGA/TP_ASCON/project_ascon/project_ascon.runs/impl_1/runme.log
set_property SOURCE_SET sources_1 [get_filesets sim_1]
close [ open C:/Users/eleves/Desktop/ES_FPGA/TP_ASCON/project_ascon/project_ascon.srcs/sim_1/new/top_ascon_tb_2.sv w ]
add_files -fileset sim_1 C:/Users/eleves/Desktop/ES_FPGA/TP_ASCON/project_ascon/project_ascon.srcs/sim_1/new/top_ascon_tb_2.sv
update_compile_order -fileset sim_1
WARNING: [filemgmt 56-199] Attempt to get parsing info during refresh. "On-the-fly" syntax checking information may be incorrect. [C:\Users\eleves\Desktop\ES_FPGA\TP_ASCON\project_ascon\project_ascon.srcs\sources_1\new\top_ascon.sv:]
WARNING: [filemgmt 56-199] Attempt to get parsing info during refresh. "On-the-fly" syntax checking information may be incorrect. [C:\Users\eleves\Desktop\ES_FPGA\TP_ASCON\project_ascon\project_ascon.srcs\sim_1\new\top_ascon_tb_2.sv:]
WARNING: [filemgmt 56-199] Attempt to get parsing info during refresh. "On-the-fly" syntax checking information may be incorrect. [C:\Users\eleves\Desktop\ES_FPGA\TP_ASCON\project_ascon\project_ascon.srcs\sources_1\new\fsm_top.sv:]
WARNING: [filemgmt 56-199] Attempt to get parsing info during refresh. "On-the-fly" syntax checking information may be incorrect. [C:\Users\eleves\Desktop\ES_FPGA\TP_ASCON\project_ascon\project_ascon.srcs\sim_1\new\top_ascon_tb_2.sv:]
WARNING: [filemgmt 56-199] Attempt to get parsing info during refresh. "On-the-fly" syntax checking information may be incorrect. [C:\Users\eleves\Desktop\ES_FPGA\TP_ASCON\project_ascon\project_ascon.srcs\sim_1\new\top_ascon_tb_2.sv:]
WARNING: [filemgmt 56-199] Attempt to get parsing info during refresh. "On-the-fly" syntax checking information may be incorrect. [C:\Users\eleves\Desktop\ES_FPGA\TP_ASCON\project_ascon\project_ascon.srcs\sources_1\new\top_ascon.sv:]
WARNING: [filemgmt 56-199] Attempt to get parsing info during refresh. "On-the-fly" syntax checking information may be incorrect. [C:\Users\eleves\Desktop\ES_FPGA\TP_ASCON\project_ascon\project_ascon.srcs\sim_1\new\top_ascon_tb_2.sv:]
WARNING: [filemgmt 56-199] Attempt to get parsing info during refresh. "On-the-fly" syntax checking information may be incorrect. [C:\Users\eleves\Desktop\ES_FPGA\TP_ASCON\project_ascon\project_ascon.srcs\sources_1\new\fsm_top.sv:]
WARNING: [filemgmt 56-199] Attempt to get parsing info during refresh. "On-the-fly" syntax checking information may be incorrect. [C:\Users\eleves\Desktop\ES_FPGA\TP_ASCON\project_ascon\project_ascon.srcs\sim_1\new\top_ascon_tb_2.sv:]
WARNING: [filemgmt 56-199] Attempt to get parsing info during refresh. "On-the-fly" syntax checking information may be incorrect. [C:\Users\eleves\Desktop\ES_FPGA\TP_ASCON\project_ascon\project_ascon.srcs\sim_1\new\top_ascon_tb_2.sv:]
ERROR: [Common 17-180] Spawn failed: No error
ERROR: [Common 17-180] Spawn failed: No error
WARNING: [filemgmt 56-199] Attempt to get parsing info during refresh. "On-the-fly" syntax checking information may be incorrect. [C:\Users\eleves\Desktop\ES_FPGA\TP_ASCON\project_ascon\project_ascon.srcs\sources_1\new\top_ascon.sv:]
WARNING: [filemgmt 56-199] Attempt to get parsing info during refresh. "On-the-fly" syntax checking information may be incorrect. [C:\Users\eleves\Desktop\ES_FPGA\TP_ASCON\project_ascon\project_ascon.srcs\sources_1\new\top_ascon.sv:]
WARNING: [filemgmt 56-199] Attempt to get parsing info during refresh. "On-the-fly" syntax checking information may be incorrect. [C:\Users\eleves\Desktop\ES_FPGA\TP_ASCON\project_ascon\project_ascon.srcs\sim_1\new\top_ascon_tb_2.sv:]
WARNING: [filemgmt 56-199] Attempt to get parsing info during refresh. "On-the-fly" syntax checking information may be incorrect. [C:\Users\eleves\Desktop\ES_FPGA\TP_ASCON\project_ascon\project_ascon.srcs\sources_1\new\fsm_top.sv:]
WARNING: [filemgmt 56-199] Attempt to get parsing info during refresh. "On-the-fly" syntax checking information may be incorrect. [C:\Users\eleves\Desktop\ES_FPGA\TP_ASCON\project_ascon\project_ascon.srcs\sim_1\new\top_ascon_tb_2.sv:]
WARNING: [filemgmt 56-199] Attempt to get parsing info during refresh. "On-the-fly" syntax checking information may be incorrect. [C:\Users\eleves\Desktop\ES_FPGA\TP_ASCON\project_ascon\project_ascon.srcs\sim_1\new\top_ascon_tb_2.sv:]
WARNING: [filemgmt 56-199] Attempt to get parsing info during refresh. "On-the-fly" syntax checking information may be incorrect. [C:\Users\eleves\Desktop\ES_FPGA\TP_ASCON\project_ascon\project_ascon.srcs\sources_1\new\top_ascon.sv:]
WARNING: [filemgmt 56-199] Attempt to get parsing info during refresh. "On-the-fly" syntax checking information may be incorrect. [C:\Users\eleves\Desktop\ES_FPGA\TP_ASCON\project_ascon\project_ascon.srcs\sim_1\new\top_ascon_tb_2.sv:]
WARNING: [filemgmt 56-199] Attempt to get parsing info during refresh. "On-the-fly" syntax checking information may be incorrect. [C:\Users\eleves\Desktop\ES_FPGA\TP_ASCON\project_ascon\project_ascon.srcs\sources_1\new\fsm_top.sv:]
WARNING: [filemgmt 56-199] Attempt to get parsing info during refresh. "On-the-fly" syntax checking information may be incorrect. [C:\Users\eleves\Desktop\ES_FPGA\TP_ASCON\project_ascon\project_ascon.srcs\sources_1\new\fsm_top.sv:]
WARNING: [filemgmt 56-199] Attempt to get parsing info during refresh. "On-the-fly" syntax checking information may be incorrect. [C:\Users\eleves\Desktop\ES_FPGA\TP_ASCON\project_ascon\project_ascon.srcs\sources_1\new\fsm_top.sv:]
WARNING: [filemgmt 56-199] Attempt to get parsing info during refresh. "On-the-fly" syntax checking information may be incorrect. [C:\Users\eleves\Desktop\ES_FPGA\TP_ASCON\project_ascon\project_ascon.srcs\sources_1\new\top_ascon.sv:]
WARNING: [filemgmt 56-199] Attempt to get parsing info during refresh. "On-the-fly" syntax checking information may be incorrect. [C:\Users\eleves\Desktop\ES_FPGA\TP_ASCON\project_ascon\project_ascon.srcs\sim_1\new\top_ascon_tb_2.sv:]
WARNING: [filemgmt 56-199] Attempt to get parsing info during refresh. "On-the-fly" syntax checking information may be incorrect. [C:\Users\eleves\Desktop\ES_FPGA\TP_ASCON\project_ascon\project_ascon.srcs\sources_1\new\fsm_top.sv:]
WARNING: [filemgmt 56-199] Attempt to get parsing info during refresh. "On-the-fly" syntax checking information may be incorrect. [C:\Users\eleves\Desktop\ES_FPGA\TP_ASCON\project_ascon\project_ascon.srcs\sim_1\new\top_ascon_tb_2.sv:]
WARNING: [filemgmt 56-199] Attempt to get parsing info during refresh. "On-the-fly" syntax checking information may be incorrect. [C:\Users\eleves\Desktop\ES_FPGA\TP_ASCON\project_ascon\project_ascon.srcs\sim_1\new\top_ascon_tb_2.sv:]
WARNING: [filemgmt 56-199] Attempt to get parsing info during refresh. "On-the-fly" syntax checking information may be incorrect. [C:\Users\eleves\Desktop\ES_FPGA\TP_ASCON\project_ascon\project_ascon.srcs\sources_1\new\top_ascon.sv:]
WARNING: [filemgmt 56-199] Attempt to get parsing info during refresh. "On-the-fly" syntax checking information may be incorrect. [C:\Users\eleves\Desktop\ES_FPGA\TP_ASCON\project_ascon\project_ascon.srcs\sources_1\new\top_ascon.sv:]
WARNING: [filemgmt 56-199] Attempt to get parsing info during refresh. "On-the-fly" syntax checking information may be incorrect. [C:\Users\eleves\Desktop\ES_FPGA\TP_ASCON\project_ascon\project_ascon.srcs\sim_1\new\top_ascon_tb_2.sv:]
WARNING: [filemgmt 56-199] Attempt to get parsing info during refresh. "On-the-fly" syntax checking information may be incorrect. [C:\Users\eleves\Desktop\ES_FPGA\TP_ASCON\project_ascon\project_ascon.srcs\sources_1\new\fsm_top.sv:]
WARNING: [filemgmt 56-199] Attempt to get parsing info during refresh. "On-the-fly" syntax checking information may be incorrect. [C:\Users\eleves\Desktop\ES_FPGA\TP_ASCON\project_ascon\project_ascon.srcs\sim_1\new\top_ascon_tb_2.sv:]
WARNING: [filemgmt 56-199] Attempt to get parsing info during refresh. "On-the-fly" syntax checking information may be incorrect. [C:\Users\eleves\Desktop\ES_FPGA\TP_ASCON\project_ascon\project_ascon.srcs\sim_1\new\top_ascon_tb_2.sv:]
WARNING: [filemgmt 56-199] Attempt to get parsing info during refresh. "On-the-fly" syntax checking information may be incorrect. [C:\Users\eleves\Desktop\ES_FPGA\TP_ASCON\project_ascon\project_ascon.srcs\sources_1\new\top_ascon.sv:]
WARNING: [filemgmt 56-199] Attempt to get parsing info during refresh. "On-the-fly" syntax checking information may be incorrect. [C:\Users\eleves\Desktop\ES_FPGA\TP_ASCON\project_ascon\project_ascon.srcs\sim_1\new\top_ascon_tb_2.sv:]
WARNING: [filemgmt 56-199] Attempt to get parsing info during refresh. "On-the-fly" syntax checking information may be incorrect. [C:\Users\eleves\Desktop\ES_FPGA\TP_ASCON\project_ascon\project_ascon.srcs\sources_1\new\fsm_top.sv:]
WARNING: [filemgmt 56-199] Attempt to get parsing info during refresh. "On-the-fly" syntax checking information may be incorrect. [C:\Users\eleves\Desktop\ES_FPGA\TP_ASCON\project_ascon\project_ascon.srcs\sources_1\new\fsm_top.sv:]
WARNING: [filemgmt 56-199] Attempt to get parsing info during refresh. "On-the-fly" syntax checking information may be incorrect. [C:\Users\eleves\Desktop\ES_FPGA\TP_ASCON\project_ascon\project_ascon.srcs\sources_1\new\fsm_top.sv:]
WARNING: [filemgmt 56-199] Attempt to get parsing info during refresh. "On-the-fly" syntax checking information may be incorrect. [C:\Users\eleves\Desktop\ES_FPGA\TP_ASCON\project_ascon\project_ascon.srcs\sources_1\new\top_ascon.sv:]
WARNING: [filemgmt 56-199] Attempt to get parsing info during refresh. "On-the-fly" syntax checking information may be incorrect. [C:\Users\eleves\Desktop\ES_FPGA\TP_ASCON\project_ascon\project_ascon.srcs\sim_1\new\top_ascon_tb_2.sv:]
WARNING: [filemgmt 56-199] Attempt to get parsing info during refresh. "On-the-fly" syntax checking information may be incorrect. [C:\Users\eleves\Desktop\ES_FPGA\TP_ASCON\project_ascon\project_ascon.srcs\sources_1\new\fsm_top.sv:]
WARNING: [filemgmt 56-199] Attempt to get parsing info during refresh. "On-the-fly" syntax checking information may be incorrect. [C:\Users\eleves\Desktop\ES_FPGA\TP_ASCON\project_ascon\project_ascon.srcs\sim_1\new\top_ascon_tb_2.sv:]
WARNING: [filemgmt 56-199] Attempt to get parsing info during refresh. "On-the-fly" syntax checking information may be incorrect. [C:\Users\eleves\Desktop\ES_FPGA\TP_ASCON\project_ascon\project_ascon.srcs\sim_1\new\top_ascon_tb_2.sv:]
WARNING: [filemgmt 56-199] Attempt to get parsing info during refresh. "On-the-fly" syntax checking information may be incorrect. [C:\Users\eleves\Desktop\ES_FPGA\TP_ASCON\project_ascon\project_ascon.srcs\sources_1\new\top_ascon.sv:]
WARNING: [filemgmt 56-199] Attempt to get parsing info during refresh. "On-the-fly" syntax checking information may be incorrect. [C:\Users\eleves\Desktop\ES_FPGA\TP_ASCON\project_ascon\project_ascon.srcs\sim_1\new\top_ascon_tb_2.sv:]
WARNING: [filemgmt 56-199] Attempt to get parsing info during refresh. "On-the-fly" syntax checking information may be incorrect. [C:\Users\eleves\Desktop\ES_FPGA\TP_ASCON\project_ascon\project_ascon.srcs\sources_1\new\fsm_top.sv:]
WARNING: [filemgmt 56-199] Attempt to get parsing info during refresh. "On-the-fly" syntax checking information may be incorrect. [C:\Users\eleves\Desktop\ES_FPGA\TP_ASCON\project_ascon\project_ascon.srcs\sources_1\new\fsm_top.sv:]
WARNING: [filemgmt 56-199] Attempt to get parsing info during refresh. "On-the-fly" syntax checking information may be incorrect. [C:\Users\eleves\Desktop\ES_FPGA\TP_ASCON\project_ascon\project_ascon.srcs\sources_1\new\fsm_top.sv:]
WARNING: [filemgmt 56-199] Attempt to get parsing info during refresh. "On-the-fly" syntax checking information may be incorrect. [C:\Users\eleves\Desktop\ES_FPGA\TP_ASCON\project_ascon\project_ascon.srcs\sources_1\new\top_ascon.sv:]
WARNING: [filemgmt 56-199] Attempt to get parsing info during refresh. "On-the-fly" syntax checking information may be incorrect. [C:\Users\eleves\Desktop\ES_FPGA\TP_ASCON\project_ascon\project_ascon.srcs\sim_1\new\top_ascon_tb_2.sv:]
WARNING: [filemgmt 56-199] Attempt to get parsing info during refresh. "On-the-fly" syntax checking information may be incorrect. [C:\Users\eleves\Desktop\ES_FPGA\TP_ASCON\project_ascon\project_ascon.srcs\sources_1\new\fsm_top.sv:]
WARNING: [filemgmt 56-199] Attempt to get parsing info during refresh. "On-the-fly" syntax checking information may be incorrect. [C:\Users\eleves\Desktop\ES_FPGA\TP_ASCON\project_ascon\project_ascon.srcs\sim_1\new\top_ascon_tb_2.sv:]
WARNING: [filemgmt 56-199] Attempt to get parsing info during refresh. "On-the-fly" syntax checking information may be incorrect. [C:\Users\eleves\Desktop\ES_FPGA\TP_ASCON\project_ascon\project_ascon.srcs\sim_1\new\top_ascon_tb_2.sv:]
WARNING: [filemgmt 56-199] Attempt to get parsing info during refresh. "On-the-fly" syntax checking information may be incorrect. [C:\Users\eleves\Desktop\ES_FPGA\TP_ASCON\project_ascon\project_ascon.srcs\sources_1\new\top_ascon.sv:]
WARNING: [filemgmt 56-199] Attempt to get parsing info during refresh. "On-the-fly" syntax checking information may be incorrect. [C:\Users\eleves\Desktop\ES_FPGA\TP_ASCON\project_ascon\project_ascon.srcs\sim_1\new\top_ascon_tb_2.sv:]
WARNING: [filemgmt 56-199] Attempt to get parsing info during refresh. "On-the-fly" syntax checking information may be incorrect. [C:\Users\eleves\Desktop\ES_FPGA\TP_ASCON\project_ascon\project_ascon.srcs\sources_1\new\fsm_top.sv:]
WARNING: [filemgmt 56-199] Attempt to get parsing info during refresh. "On-the-fly" syntax checking information may be incorrect. [C:\Users\eleves\Desktop\ES_FPGA\TP_ASCON\project_ascon\project_ascon.srcs\sources_1\new\fsm_top.sv:]
WARNING: [filemgmt 56-199] Attempt to get parsing info during refresh. "On-the-fly" syntax checking information may be incorrect. [C:\Users\eleves\Desktop\ES_FPGA\TP_ASCON\project_ascon\project_ascon.srcs\sources_1\new\fsm_top.sv:]
WARNING: [filemgmt 56-199] Attempt to get parsing info during refresh. "On-the-fly" syntax checking information may be incorrect. [C:\Users\eleves\Desktop\ES_FPGA\TP_ASCON\project_ascon\project_ascon.srcs\sources_1\new\top_ascon.sv:]
WARNING: [filemgmt 56-199] Attempt to get parsing info during refresh. "On-the-fly" syntax checking information may be incorrect. [C:\Users\eleves\Desktop\ES_FPGA\TP_ASCON\project_ascon\project_ascon.srcs\sim_1\new\top_ascon_tb_2.sv:]
WARNING: [filemgmt 56-199] Attempt to get parsing info during refresh. "On-the-fly" syntax checking information may be incorrect. [C:\Users\eleves\Desktop\ES_FPGA\TP_ASCON\project_ascon\project_ascon.srcs\sources_1\new\fsm_top.sv:]
WARNING: [filemgmt 56-199] Attempt to get parsing info during refresh. "On-the-fly" syntax checking information may be incorrect. [C:\Users\eleves\Desktop\ES_FPGA\TP_ASCON\project_ascon\project_ascon.srcs\sim_1\new\top_ascon_tb_2.sv:]
WARNING: [filemgmt 56-199] Attempt to get parsing info during refresh. "On-the-fly" syntax checking information may be incorrect. [C:\Users\eleves\Desktop\ES_FPGA\TP_ASCON\project_ascon\project_ascon.srcs\sim_1\new\top_ascon_tb_2.sv:]
WARNING: [filemgmt 56-199] Attempt to get parsing info during refresh. "On-the-fly" syntax checking information may be incorrect. [C:\Users\eleves\Desktop\ES_FPGA\TP_ASCON\project_ascon\project_ascon.srcs\sources_1\new\top_ascon.sv:]
WARNING: [filemgmt 56-199] Attempt to get parsing info during refresh. "On-the-fly" syntax checking information may be incorrect. [C:\Users\eleves\Desktop\ES_FPGA\TP_ASCON\project_ascon\project_ascon.srcs\sim_1\new\top_ascon_tb_2.sv:]
WARNING: [filemgmt 56-199] Attempt to get parsing info during refresh. "On-the-fly" syntax checking information may be incorrect. [C:\Users\eleves\Desktop\ES_FPGA\TP_ASCON\project_ascon\project_ascon.srcs\sources_1\new\fsm_top.sv:]
WARNING: [filemgmt 56-199] Attempt to get parsing info during refresh. "On-the-fly" syntax checking information may be incorrect. [C:\Users\eleves\Desktop\ES_FPGA\TP_ASCON\project_ascon\project_ascon.srcs\sources_1\new\top_ascon.sv:]
WARNING: [filemgmt 56-199] Attempt to get parsing info during refresh. "On-the-fly" syntax checking information may be incorrect. [C:\Users\eleves\Desktop\ES_FPGA\TP_ASCON\project_ascon\project_ascon.srcs\sources_1\new\top_ascon.sv:]
WARNING: [filemgmt 56-199] Attempt to get parsing info during refresh. "On-the-fly" syntax checking information may be incorrect. [C:\Users\eleves\Desktop\ES_FPGA\TP_ASCON\project_ascon\project_ascon.srcs\sources_1\new\top_ascon.sv:]
WARNING: [filemgmt 56-199] Attempt to get parsing info during refresh. "On-the-fly" syntax checking information may be incorrect. [C:\Users\eleves\Desktop\ES_FPGA\TP_ASCON\project_ascon\project_ascon.srcs\sim_1\new\top_ascon_tb_2.sv:]
WARNING: [filemgmt 56-199] Attempt to get parsing info during refresh. "On-the-fly" syntax checking information may be incorrect. [C:\Users\eleves\Desktop\ES_FPGA\TP_ASCON\project_ascon\project_ascon.srcs\sources_1\new\fsm_top.sv:]
WARNING: [filemgmt 56-199] Attempt to get parsing info during refresh. "On-the-fly" syntax checking information may be incorrect. [C:\Users\eleves\Desktop\ES_FPGA\TP_ASCON\project_ascon\project_ascon.srcs\sim_1\new\top_ascon_tb_2.sv:]
WARNING: [filemgmt 56-199] Attempt to get parsing info during refresh. "On-the-fly" syntax checking information may be incorrect. [C:\Users\eleves\Desktop\ES_FPGA\TP_ASCON\project_ascon\project_ascon.srcs\sim_1\new\top_ascon_tb_2.sv:]
WARNING: [filemgmt 56-199] Attempt to get parsing info during refresh. "On-the-fly" syntax checking information may be incorrect. [C:\Users\eleves\Desktop\ES_FPGA\TP_ASCON\project_ascon\project_ascon.srcs\sources_1\new\top_ascon.sv:]
WARNING: [filemgmt 56-199] Attempt to get parsing info during refresh. "On-the-fly" syntax checking information may be incorrect. [C:\Users\eleves\Desktop\ES_FPGA\TP_ASCON\project_ascon\project_ascon.srcs\sim_1\new\top_ascon_tb_2.sv:]
WARNING: [filemgmt 56-199] Attempt to get parsing info during refresh. "On-the-fly" syntax checking information may be incorrect. [C:\Users\eleves\Desktop\ES_FPGA\TP_ASCON\project_ascon\project_ascon.srcs\sources_1\new\fsm_top.sv:]
WARNING: [filemgmt 56-199] Attempt to get parsing info during refresh. "On-the-fly" syntax checking information may be incorrect. [C:\Users\eleves\Desktop\ES_FPGA\TP_ASCON\project_ascon\project_ascon.srcs\sources_1\new\fsm_top.sv:]
WARNING: [filemgmt 56-199] Attempt to get parsing info during refresh. "On-the-fly" syntax checking information may be incorrect. [C:\Users\eleves\Desktop\ES_FPGA\TP_ASCON\project_ascon\project_ascon.srcs\sources_1\new\fsm_top.sv:]
WARNING: [filemgmt 56-199] Attempt to get parsing info during refresh. "On-the-fly" syntax checking information may be incorrect. [C:\Users\eleves\Desktop\ES_FPGA\TP_ASCON\project_ascon\project_ascon.srcs\sources_1\new\top_ascon.sv:]
WARNING: [filemgmt 56-199] Attempt to get parsing info during refresh. "On-the-fly" syntax checking information may be incorrect. [C:\Users\eleves\Desktop\ES_FPGA\TP_ASCON\project_ascon\project_ascon.srcs\sim_1\new\top_ascon_tb_2.sv:]
WARNING: [filemgmt 56-199] Attempt to get parsing info during refresh. "On-the-fly" syntax checking information may be incorrect. [C:\Users\eleves\Desktop\ES_FPGA\TP_ASCON\project_ascon\project_ascon.srcs\sources_1\new\fsm_top.sv:]
WARNING: [filemgmt 56-199] Attempt to get parsing info during refresh. "On-the-fly" syntax checking information may be incorrect. [C:\Users\eleves\Desktop\ES_FPGA\TP_ASCON\project_ascon\project_ascon.srcs\sim_1\new\top_ascon_tb_2.sv:]
WARNING: [filemgmt 56-199] Attempt to get parsing info during refresh. "On-the-fly" syntax checking information may be incorrect. [C:\Users\eleves\Desktop\ES_FPGA\TP_ASCON\project_ascon\project_ascon.srcs\sim_1\new\top_ascon_tb_2.sv:]
WARNING: [filemgmt 56-199] Attempt to get parsing info during refresh. "On-the-fly" syntax checking information may be incorrect. [C:\Users\eleves\Desktop\ES_FPGA\TP_ASCON\project_ascon\project_ascon.srcs\sources_1\new\top_ascon.sv:]
WARNING: [filemgmt 56-199] Attempt to get parsing info during refresh. "On-the-fly" syntax checking information may be incorrect. [C:\Users\eleves\Desktop\ES_FPGA\TP_ASCON\project_ascon\project_ascon.srcs\sim_1\new\top_ascon_tb_2.sv:]
WARNING: [filemgmt 56-199] Attempt to get parsing info during refresh. "On-the-fly" syntax checking information may be incorrect. [C:\Users\eleves\Desktop\ES_FPGA\TP_ASCON\project_ascon\project_ascon.srcs\sources_1\new\fsm_top.sv:]
WARNING: [filemgmt 56-199] Attempt to get parsing info during refresh. "On-the-fly" syntax checking information may be incorrect. [C:\Users\eleves\Desktop\ES_FPGA\TP_ASCON\project_ascon\project_ascon.srcs\sources_1\new\fsm_top.sv:]
WARNING: [filemgmt 56-199] Attempt to get parsing info during refresh. "On-the-fly" syntax checking information may be incorrect. [C:\Users\eleves\Desktop\ES_FPGA\TP_ASCON\project_ascon\project_ascon.srcs\sources_1\new\fsm_top.sv:]
WARNING: [filemgmt 56-199] Attempt to get parsing info during refresh. "On-the-fly" syntax checking information may be incorrect. [C:\Users\eleves\Desktop\ES_FPGA\TP_ASCON\project_ascon\project_ascon.srcs\sources_1\new\top_ascon.sv:]
WARNING: [filemgmt 56-199] Attempt to get parsing info during refresh. "On-the-fly" syntax checking information may be incorrect. [C:\Users\eleves\Desktop\ES_FPGA\TP_ASCON\project_ascon\project_ascon.srcs\sim_1\new\top_ascon_tb_2.sv:]
WARNING: [filemgmt 56-199] Attempt to get parsing info during refresh. "On-the-fly" syntax checking information may be incorrect. [C:\Users\eleves\Desktop\ES_FPGA\TP_ASCON\project_ascon\project_ascon.srcs\sources_1\new\fsm_top.sv:]
WARNING: [filemgmt 56-199] Attempt to get parsing info during refresh. "On-the-fly" syntax checking information may be incorrect. [C:\Users\eleves\Desktop\ES_FPGA\TP_ASCON\project_ascon\project_ascon.srcs\sim_1\new\top_ascon_tb_2.sv:]
WARNING: [filemgmt 56-199] Attempt to get parsing info during refresh. "On-the-fly" syntax checking information may be incorrect. [C:\Users\eleves\Desktop\ES_FPGA\TP_ASCON\project_ascon\project_ascon.srcs\sim_1\new\top_ascon_tb_2.sv:]
WARNING: [filemgmt 56-199] Attempt to get parsing info during refresh. "On-the-fly" syntax checking information may be incorrect. [C:\Users\eleves\Desktop\ES_FPGA\TP_ASCON\project_ascon\project_ascon.srcs\sources_1\new\top_ascon.sv:]
WARNING: [filemgmt 56-199] Attempt to get parsing info during refresh. "On-the-fly" syntax checking information may be incorrect. [C:\Users\eleves\Desktop\ES_FPGA\TP_ASCON\project_ascon\project_ascon.srcs\sim_1\new\top_ascon_tb_2.sv:]
WARNING: [filemgmt 56-199] Attempt to get parsing info during refresh. "On-the-fly" syntax checking information may be incorrect. [C:\Users\eleves\Desktop\ES_FPGA\TP_ASCON\project_ascon\project_ascon.srcs\sources_1\new\fsm_top.sv:]
WARNING: [filemgmt 56-199] Attempt to get parsing info during refresh. "On-the-fly" syntax checking information may be incorrect. [C:\Users\eleves\Desktop\ES_FPGA\TP_ASCON\project_ascon\project_ascon.srcs\sources_1\new\fsm_top.sv:]
WARNING: [filemgmt 56-199] Attempt to get parsing info during refresh. "On-the-fly" syntax checking information may be incorrect. [C:\Users\eleves\Desktop\ES_FPGA\TP_ASCON\project_ascon\project_ascon.srcs\sources_1\new\fsm_top.sv:]
WARNING: [filemgmt 56-199] Attempt to get parsing info during refresh. "On-the-fly" syntax checking information may be incorrect. [C:\Users\eleves\Desktop\ES_FPGA\TP_ASCON\project_ascon\project_ascon.srcs\sources_1\new\top_ascon.sv:]
WARNING: [filemgmt 56-199] Attempt to get parsing info during refresh. "On-the-fly" syntax checking information may be incorrect. [C:\Users\eleves\Desktop\ES_FPGA\TP_ASCON\project_ascon\project_ascon.srcs\sim_1\new\top_ascon_tb_2.sv:]
WARNING: [filemgmt 56-199] Attempt to get parsing info during refresh. "On-the-fly" syntax checking information may be incorrect. [C:\Users\eleves\Desktop\ES_FPGA\TP_ASCON\project_ascon\project_ascon.srcs\sources_1\new\fsm_top.sv:]
WARNING: [filemgmt 56-199] Attempt to get parsing info during refresh. "On-the-fly" syntax checking information may be incorrect. [C:\Users\eleves\Desktop\ES_FPGA\TP_ASCON\project_ascon\project_ascon.srcs\sim_1\new\top_ascon_tb_2.sv:]
WARNING: [filemgmt 56-199] Attempt to get parsing info during refresh. "On-the-fly" syntax checking information may be incorrect. [C:\Users\eleves\Desktop\ES_FPGA\TP_ASCON\project_ascon\project_ascon.srcs\sim_1\new\top_ascon_tb_2.sv:]
WARNING: [filemgmt 56-199] Attempt to get parsing info during refresh. "On-the-fly" syntax checking information may be incorrect. [C:\Users\eleves\Desktop\ES_FPGA\TP_ASCON\project_ascon\project_ascon.srcs\sources_1\new\top_ascon.sv:]
WARNING: [filemgmt 56-199] Attempt to get parsing info during refresh. "On-the-fly" syntax checking information may be incorrect. [C:\Users\eleves\Desktop\ES_FPGA\TP_ASCON\project_ascon\project_ascon.srcs\sim_1\new\top_ascon_tb_2.sv:]
WARNING: [filemgmt 56-199] Attempt to get parsing info during refresh. "On-the-fly" syntax checking information may be incorrect. [C:\Users\eleves\Desktop\ES_FPGA\TP_ASCON\project_ascon\project_ascon.srcs\sources_1\new\fsm_top.sv:]
WARNING: [filemgmt 56-199] Attempt to get parsing info during refresh. "On-the-fly" syntax checking information may be incorrect. [C:\Users\eleves\Desktop\ES_FPGA\TP_ASCON\project_ascon\project_ascon.srcs\sources_1\new\fsm_top.sv:]
WARNING: [filemgmt 56-199] Attempt to get parsing info during refresh. "On-the-fly" syntax checking information may be incorrect. [C:\Users\eleves\Desktop\ES_FPGA\TP_ASCON\project_ascon\project_ascon.srcs\sources_1\new\fsm_top.sv:]
WARNING: [filemgmt 56-199] Attempt to get parsing info during refresh. "On-the-fly" syntax checking information may be incorrect. [C:\Users\eleves\Desktop\ES_FPGA\TP_ASCON\project_ascon\project_ascon.srcs\sources_1\new\top_ascon.sv:]
WARNING: [filemgmt 56-199] Attempt to get parsing info during refresh. "On-the-fly" syntax checking information may be incorrect. [C:\Users\eleves\Desktop\ES_FPGA\TP_ASCON\project_ascon\project_ascon.srcs\sim_1\new\top_ascon_tb_2.sv:]
WARNING: [filemgmt 56-199] Attempt to get parsing info during refresh. "On-the-fly" syntax checking information may be incorrect. [C:\Users\eleves\Desktop\ES_FPGA\TP_ASCON\project_ascon\project_ascon.srcs\sources_1\new\fsm_top.sv:]
WARNING: [filemgmt 56-199] Attempt to get parsing info during refresh. "On-the-fly" syntax checking information may be incorrect. [C:\Users\eleves\Desktop\ES_FPGA\TP_ASCON\project_ascon\project_ascon.srcs\sim_1\new\top_ascon_tb_2.sv:]
WARNING: [filemgmt 56-199] Attempt to get parsing info during refresh. "On-the-fly" syntax checking information may be incorrect. [C:\Users\eleves\Desktop\ES_FPGA\TP_ASCON\project_ascon\project_ascon.srcs\sim_1\new\top_ascon_tb_2.sv:]
WARNING: [filemgmt 56-199] Attempt to get parsing info during refresh. "On-the-fly" syntax checking information may be incorrect. [C:\Users\eleves\Desktop\ES_FPGA\TP_ASCON\project_ascon\project_ascon.srcs\sources_1\new\top_ascon.sv:]
WARNING: [filemgmt 56-199] Attempt to get parsing info during refresh. "On-the-fly" syntax checking information may be incorrect. [C:\Users\eleves\Desktop\ES_FPGA\TP_ASCON\project_ascon\project_ascon.srcs\sim_1\new\top_ascon_tb_2.sv:]
WARNING: [filemgmt 56-199] Attempt to get parsing info during refresh. "On-the-fly" syntax checking information may be incorrect. [C:\Users\eleves\Desktop\ES_FPGA\TP_ASCON\project_ascon\project_ascon.srcs\sources_1\new\fsm_top.sv:]
WARNING: [filemgmt 56-199] Attempt to get parsing info during refresh. "On-the-fly" syntax checking information may be incorrect. [C:\Users\eleves\Desktop\ES_FPGA\TP_ASCON\project_ascon\project_ascon.srcs\sources_1\new\top_ascon.sv:]
WARNING: [filemgmt 56-199] Attempt to get parsing info during refresh. "On-the-fly" syntax checking information may be incorrect. [C:\Users\eleves\Desktop\ES_FPGA\TP_ASCON\project_ascon\project_ascon.srcs\sources_1\new\top_ascon.sv:]
set_property top top_ascon_tb_2 [get_filesets sim_1]
set_property top_lib xil_defaultlib [get_filesets sim_1]
WARNING: [filemgmt 56-199] Attempt to get parsing info during refresh. "On-the-fly" syntax checking information may be incorrect. [C:\Users\eleves\Desktop\ES_FPGA\TP_ASCON\project_ascon\project_ascon.srcs\sources_1\new\top_ascon.sv:]
WARNING: [filemgmt 56-199] Attempt to get parsing info during refresh. "On-the-fly" syntax checking information may be incorrect. [C:\Users\eleves\Desktop\ES_FPGA\TP_ASCON\project_ascon\project_ascon.srcs\sim_1\new\top_ascon_tb_2.sv:]
WARNING: [filemgmt 56-199] Attempt to get parsing info during refresh. "On-the-fly" syntax checking information may be incorrect. [C:\Users\eleves\Desktop\ES_FPGA\TP_ASCON\project_ascon\project_ascon.srcs\sources_1\new\fsm_top.sv:]
WARNING: [filemgmt 56-199] Attempt to get parsing info during refresh. "On-the-fly" syntax checking information may be incorrect. [C:\Users\eleves\Desktop\ES_FPGA\TP_ASCON\project_ascon\project_ascon.srcs\sim_1\new\top_ascon_tb_2.sv:]
WARNING: [filemgmt 56-199] Attempt to get parsing info during refresh. "On-the-fly" syntax checking information may be incorrect. [C:\Users\eleves\Desktop\ES_FPGA\TP_ASCON\project_ascon\project_ascon.srcs\sim_1\new\top_ascon_tb_2.sv:]
WARNING: [filemgmt 56-199] Attempt to get parsing info during refresh. "On-the-fly" syntax checking information may be incorrect. [C:\Users\eleves\Desktop\ES_FPGA\TP_ASCON\project_ascon\project_ascon.srcs\sources_1\new\top_ascon.sv:]
WARNING: [filemgmt 56-199] Attempt to get parsing info during refresh. "On-the-fly" syntax checking information may be incorrect. [C:\Users\eleves\Desktop\ES_FPGA\TP_ASCON\project_ascon\project_ascon.srcs\sim_1\new\top_ascon_tb_2.sv:]
WARNING: [filemgmt 56-199] Attempt to get parsing info during refresh. "On-the-fly" syntax checking information may be incorrect. [C:\Users\eleves\Desktop\ES_FPGA\TP_ASCON\project_ascon\project_ascon.srcs\sources_1\new\fsm_top.sv:]
WARNING: [filemgmt 56-199] Attempt to get parsing info during refresh. "On-the-fly" syntax checking information may be incorrect. [C:\Users\eleves\Desktop\ES_FPGA\TP_ASCON\project_ascon\project_ascon.srcs\sources_1\new\fsm_top.sv:]
WARNING: [filemgmt 56-199] Attempt to get parsing info during refresh. "On-the-fly" syntax checking information may be incorrect. [C:\Users\eleves\Desktop\ES_FPGA\TP_ASCON\project_ascon\project_ascon.srcs\sources_1\new\fsm_top.sv:]
update_compile_order -fileset sim_1
WARNING: [filemgmt 56-199] Attempt to get parsing info during refresh. "On-the-fly" syntax checking information may be incorrect. [C:\Users\eleves\Desktop\ES_FPGA\TP_ASCON\project_ascon\project_ascon.srcs\sources_1\new\top_ascon.sv:]
WARNING: [filemgmt 56-199] Attempt to get parsing info during refresh. "On-the-fly" syntax checking information may be incorrect. [C:\Users\eleves\Desktop\ES_FPGA\TP_ASCON\project_ascon\project_ascon.srcs\sim_1\new\top_ascon_tb_2.sv:]
WARNING: [filemgmt 56-199] Attempt to get parsing info during refresh. "On-the-fly" syntax checking information may be incorrect. [C:\Users\eleves\Desktop\ES_FPGA\TP_ASCON\project_ascon\project_ascon.srcs\sources_1\new\fsm_top.sv:]
WARNING: [filemgmt 56-199] Attempt to get parsing info during refresh. "On-the-fly" syntax checking information may be incorrect. [C:\Users\eleves\Desktop\ES_FPGA\TP_ASCON\project_ascon\project_ascon.srcs\sim_1\new\top_ascon_tb_2.sv:]
WARNING: [filemgmt 56-199] Attempt to get parsing info during refresh. "On-the-fly" syntax checking information may be incorrect. [C:\Users\eleves\Desktop\ES_FPGA\TP_ASCON\project_ascon\project_ascon.srcs\sim_1\new\top_ascon_tb_2.sv:]
WARNING: [filemgmt 56-199] Attempt to get parsing info during refresh. "On-the-fly" syntax checking information may be incorrect. [C:\Users\eleves\Desktop\ES_FPGA\TP_ASCON\project_ascon\project_ascon.srcs\sources_1\new\top_ascon.sv:]
WARNING: [filemgmt 56-199] Attempt to get parsing info during refresh. "On-the-fly" syntax checking information may be incorrect. [C:\Users\eleves\Desktop\ES_FPGA\TP_ASCON\project_ascon\project_ascon.srcs\sim_1\new\top_ascon_tb_2.sv:]
WARNING: [filemgmt 56-199] Attempt to get parsing info during refresh. "On-the-fly" syntax checking information may be incorrect. [C:\Users\eleves\Desktop\ES_FPGA\TP_ASCON\project_ascon\project_ascon.srcs\sources_1\new\fsm_top.sv:]
WARNING: [filemgmt 56-199] Attempt to get parsing info during refresh. "On-the-fly" syntax checking information may be incorrect. [C:\Users\eleves\Desktop\ES_FPGA\TP_ASCON\project_ascon\project_ascon.srcs\sources_1\new\fsm_top.sv:]
WARNING: [filemgmt 56-199] Attempt to get parsing info during refresh. "On-the-fly" syntax checking information may be incorrect. [C:\Users\eleves\Desktop\ES_FPGA\TP_ASCON\project_ascon\project_ascon.srcs\sources_1\new\fsm_top.sv:]
launch_simulation
Command: launch_simulation 
INFO: [Vivado 12-12493] Simulation top is 'top_ascon_tb_2'
WARNING: [Vivado 12-13340] Unable to auto find GCC executables from simulator install path! (path not set)
INFO: [Vivado 12-5698] Checking validity of IPs in the design for the 'XSim' simulator...
INFO: [Vivado 12-5682] Launching behavioral simulation in 'C:/Users/eleves/Desktop/ES_FPGA/TP_ASCON/project_ascon/project_ascon.sim/sim_1/behav/xsim'
INFO: [Vivado 12-4795] Using compiled simulation libraries for IPs
INFO: [SIM-utils-51] Simulation object is 'sim_1'
INFO: [SIM-utils-72] Using boost library from 'C:/Xilinx/Vivado/2024.2/tps/boost_1_72_0'
INFO: [USF-XSim-7] Finding pre-compiled libraries...
INFO: [USF-XSim-11] File 'C:/Xilinx/Vivado/2024.2/data/xsim/xsim.ini' copied to run dir:'C:/Users/eleves/Desktop/ES_FPGA/TP_ASCON/project_ascon/project_ascon.sim/sim_1/behav/xsim'
INFO: [SIM-utils-54] Inspecting design source files for 'top_ascon_tb_2' in fileset 'sim_1'...
INFO: [SIM-utils-43] Exported 'C:/Users/eleves/Desktop/ES_FPGA/TP_ASCON/project_ascon/project_ascon.sim/sim_1/behav/xsim/blk_mem_gen_0.mif'
INFO: [SIM-utils-43] Exported 'C:/Users/eleves/Desktop/ES_FPGA/TP_ASCON/project_ascon/project_ascon.sim/sim_1/behav/xsim/donnees.coe'
INFO: [USF-XSim-97] Finding global include files...
INFO: [USF-XSim-98] Fetching design files from 'sim_1'...
INFO: [USF-XSim-2] XSim::Compile design
INFO: [USF-XSim-61] Executing 'COMPILE and ANALYZE' step in 'C:/Users/eleves/Desktop/ES_FPGA/TP_ASCON/project_ascon/project_ascon.sim/sim_1/behav/xsim'
"xvlog --incr --relax -L uvm -prj top_ascon_tb_2_vlog.prj"
INFO: [VRFC 10-2263] Analyzing SystemVerilog file "C:/Users/eleves/Desktop/ES_FPGA/TP_ASCON/project_ascon/project_ascon.srcs/sources_1/imports/RTL/ascon_pack.sv" into library xil_defaultlib
INFO: [VRFC 10-2263] Analyzing SystemVerilog file "C:/Users/eleves/Desktop/ES_FPGA/TP_ASCON/project_ascon/project_ascon.srcs/sources_1/imports/RTL/Pc.sv" into library xil_defaultlib
INFO: [VRFC 10-311] analyzing module Pc
INFO: [VRFC 10-2263] Analyzing SystemVerilog file "C:/Users/eleves/Desktop/ES_FPGA/TP_ASCON/project_ascon/project_ascon.srcs/sources_1/imports/RTL/Permutation.sv" into library xil_defaultlib
INFO: [VRFC 10-311] analyzing module Permutation
INFO: [VRFC 10-2263] Analyzing SystemVerilog file "C:/Users/eleves/Desktop/ES_FPGA/TP_ASCON/project_ascon/project_ascon.srcs/sources_1/imports/RTL/Pl.sv" into library xil_defaultlib
INFO: [VRFC 10-311] analyzing module Pl
INFO: [VRFC 10-2263] Analyzing SystemVerilog file "C:/Users/eleves/Desktop/ES_FPGA/TP_ASCON/project_ascon/project_ascon.srcs/sources_1/imports/RTL/Ps.sv" into library xil_defaultlib
INFO: [VRFC 10-311] analyzing module Ps
INFO: [VRFC 10-2263] Analyzing SystemVerilog file "C:/Users/eleves/Desktop/ES_FPGA/TP_ASCON/project_ascon/project_ascon.srcs/sources_1/imports/RTL/Sbox.sv" into library xil_defaultlib
INFO: [VRFC 10-311] analyzing module sbox
INFO: [VRFC 10-2263] Analyzing SystemVerilog file "C:/Users/eleves/Desktop/ES_FPGA/TP_ASCON/project_ascon/project_ascon.srcs/sources_1/imports/RTL/ascon.sv" into library xil_defaultlib
INFO: [VRFC 10-311] analyzing module ascon
INFO: [VRFC 10-2263] Analyzing SystemVerilog file "C:/Users/eleves/Desktop/ES_FPGA/TP_ASCON/project_ascon/project_ascon.srcs/sources_1/imports/RTL/compteur_double_init.sv" into library xil_defaultlib
INFO: [VRFC 10-311] analyzing module compteur_double_init
INFO: [VRFC 10-2263] Analyzing SystemVerilog file "C:/Users/eleves/Desktop/ES_FPGA/TP_ASCON/project_ascon/project_ascon.srcs/sources_1/imports/RTL/fsm_moore.sv" into library xil_defaultlib
INFO: [VRFC 10-311] analyzing module fsm_moore
INFO: [VRFC 10-2263] Analyzing SystemVerilog file "C:/Users/eleves/Desktop/ES_FPGA/TP_ASCON/project_ascon/project_ascon.srcs/sources_1/new/fsm_top.sv" into library xil_defaultlib
INFO: [VRFC 10-311] analyzing module fsm_top
INFO: [VRFC 10-2263] Analyzing SystemVerilog file "C:/Users/eleves/Desktop/ES_FPGA/TP_ASCON/project_ascon/project_ascon.srcs/sources_1/imports/RTL/mux_state.sv" into library xil_defaultlib
INFO: [VRFC 10-311] analyzing module mux_state
INFO: [VRFC 10-2263] Analyzing SystemVerilog file "C:/Users/eleves/Desktop/ES_FPGA/TP_ASCON/project_ascon/project_ascon.srcs/sources_1/imports/RTL/register_w_en.sv" into library xil_defaultlib
INFO: [VRFC 10-311] analyzing module register_w_en
INFO: [VRFC 10-2263] Analyzing SystemVerilog file "C:/Users/eleves/Desktop/ES_FPGA/TP_ASCON/project_ascon/project_ascon.srcs/sources_1/imports/RTL/state_register_w_en.sv" into library xil_defaultlib
INFO: [VRFC 10-311] analyzing module state_register_w_en
INFO: [VRFC 10-2263] Analyzing SystemVerilog file "C:/Users/eleves/Desktop/ES_FPGA/TP_ASCON/project_ascon/project_ascon.srcs/sources_1/new/top_ascon.sv" into library xil_defaultlib
INFO: [VRFC 10-311] analyzing module top_ascon
INFO: [VRFC 10-2263] Analyzing SystemVerilog file "C:/Users/eleves/Desktop/ES_FPGA/TP_ASCON/project_ascon/project_ascon.srcs/sources_1/imports/RTL/xor_begin_perm.sv" into library xil_defaultlib
INFO: [VRFC 10-311] analyzing module xor_begin_perm
INFO: [VRFC 10-2263] Analyzing SystemVerilog file "C:/Users/eleves/Desktop/ES_FPGA/TP_ASCON/project_ascon/project_ascon.srcs/sources_1/imports/RTL/xor_end_perm.sv" into library xil_defaultlib
INFO: [VRFC 10-311] analyzing module xor_end_perm
INFO: [VRFC 10-2263] Analyzing SystemVerilog file "C:/Users/eleves/Desktop/ES_FPGA/TP_ASCON/project_ascon/project_ascon.srcs/sim_1/new/top_ascon_tb_2.sv" into library xil_defaultlib
INFO: [VRFC 10-311] analyzing module top_ascon_tb_2
INFO: [USF-XSim-69] 'compile' step finished in '2' seconds
INFO: [USF-XSim-3] XSim::Elaborate design
INFO: [USF-XSim-61] Executing 'ELABORATE' step in 'C:/Users/eleves/Desktop/ES_FPGA/TP_ASCON/project_ascon/project_ascon.sim/sim_1/behav/xsim'
"xelab --incr --debug typical --relax --mt 2 -L xil_defaultlib -L blk_mem_gen_v8_4_9 -L uvm -L unisims_ver -L unimacro_ver -L secureip -L xpm --snapshot top_ascon_tb_2_behav xil_defaultlib.top_ascon_tb_2 xil_defaultlib.glbl -log elaborate.log"
Vivado Simulator v2024.2.0
Copyright 1986-2022 Xilinx, Inc. All Rights Reserved.
Copyright 2022-2024 Advanced Micro Devices, Inc. All Rights Reserved.
Running: C:/Xilinx/Vivado/2024.2/bin/unwrapped/win64.o/xelab.exe --incr --debug typical --relax --mt 2 -L xil_defaultlib -L blk_mem_gen_v8_4_9 -L uvm -L unisims_ver -L unimacro_ver -L secureip -L xpm --snapshot top_ascon_tb_2_behav xil_defaultlib.top_ascon_tb_2 xil_defaultlib.glbl -log elaborate.log 
Using 2 slave threads.
Starting static elaboration
Pass Through NonSizing Optimizer
WARNING: [VRFC 10-3091] actual bit length 8 differs from formal bit length 4 for port 'mux2_i' [C:/Users/eleves/Desktop/ES_FPGA/TP_ASCON/project_ascon/project_ascon.srcs/sim_1/new/top_ascon_tb_2.sv:38]
WARNING: [VRFC 10-3823] variable 'affichage_s' might have multiple concurrent drivers [C:/Users/eleves/Desktop/ES_FPGA/TP_ASCON/project_ascon/project_ascon.srcs/sim_1/new/top_ascon_tb_2.sv:48]
Completed static elaboration
Starting simulation data flow analysis
WARNING: [XSIM 43-4100] "C:/Users/eleves/Desktop/ES_FPGA/TP_ASCON/project_ascon/project_ascon.srcs/sim_1/new/top_ascon_tb_2.sv" Line 23. Module top_ascon_tb_2 has a timescale but at least one module in design doesn't have timescale.
WARNING: [XSIM 43-4100] "C:/Users/eleves/Desktop/ES_FPGA/TP_ASCON/project_ascon/project_ascon.srcs/sources_1/new/top_ascon.sv" Line 23. Module top_ascon has a timescale but at least one module in design doesn't have timescale.
WARNING: [XSIM 43-4100] "C:/Users/eleves/Desktop/ES_FPGA/TP_ASCON/project_ascon/project_ascon.srcs/sources_1/imports/RTL/ascon.sv" Line 5. Module ascon has a timescale but at least one module in design doesn't have timescale.
WARNING: [XSIM 43-4100] "C:/Users/eleves/Desktop/ES_FPGA/TP_ASCON/project_ascon/project_ascon.srcs/sources_1/imports/RTL/fsm_moore.sv" Line 4. Module fsm_moore has a timescale but at least one module in design doesn't have timescale.
WARNING: [XSIM 43-4100] "C:/Users/eleves/Desktop/ES_FPGA/TP_ASCON/project_ascon/project_ascon.srcs/sources_1/imports/RTL/compteur_double_init.sv" Line 12. Module compteur_double_init has a timescale but at least one module in design doesn't have timescale.
WARNING: [XSIM 43-4100] "C:/Users/eleves/Desktop/ES_FPGA/TP_ASCON/project_ascon/project_ascon.srcs/sources_1/imports/RTL/mux_state.sv" Line 12. Module mux_state has a timescale but at least one module in design doesn't have timescale.
WARNING: [XSIM 43-4100] "C:/Users/eleves/Desktop/ES_FPGA/TP_ASCON/project_ascon/project_ascon.srcs/sources_1/imports/RTL/xor_begin_perm.sv" Line 12. Module xor_begin_perm has a timescale but at least one module in design doesn't have timescale.
WARNING: [XSIM 43-4100] "C:/Users/eleves/Desktop/ES_FPGA/TP_ASCON/project_ascon/project_ascon.srcs/sources_1/imports/RTL/register_w_en.sv" Line 12. Module register_w_en(nb_bits_g=64) has a timescale but at least one module in design doesn't have timescale.
WARNING: [XSIM 43-4100] "C:/Users/eleves/Desktop/ES_FPGA/TP_ASCON/project_ascon/project_ascon.srcs/sources_1/imports/RTL/xor_end_perm.sv" Line 12. Module xor_end_perm has a timescale but at least one module in design doesn't have timescale.
WARNING: [XSIM 43-4100] "C:/Users/eleves/Desktop/ES_FPGA/TP_ASCON/project_ascon/project_ascon.srcs/sources_1/imports/RTL/state_register_w_en.sv" Line 12. Module state_register_w_en has a timescale but at least one module in design doesn't have timescale.
WARNING: [XSIM 43-4100] "C:/Users/eleves/Desktop/ES_FPGA/TP_ASCON/project_ascon/project_ascon.srcs/sources_1/imports/RTL/register_w_en.sv" Line 12. Module register_w_en(nb_bits_g=128) has a timescale but at least one module in design doesn't have timescale.
WARNING: [XSIM 43-4100] "C:/Users/eleves/Desktop/ES_FPGA/TP_ASCON/project_ascon/project_ascon.srcs/sources_1/new/fsm_top.sv" Line 23. Module fsm_top has a timescale but at least one module in design doesn't have timescale.
WARNING: [XSIM 43-4100] "C:/Users/eleves/Desktop/ES_FPGA/TP_ASCON/project_ascon/project_ascon.gen/sources_1/ip/clk_wiz_0/clk_wiz_0.v" Line 65. Module clk_wiz_0 has a timescale but at least one module in design doesn't have timescale.
WARNING: [XSIM 43-4100] "C:/Users/eleves/Desktop/ES_FPGA/TP_ASCON/project_ascon/project_ascon.gen/sources_1/ip/clk_wiz_0/clk_wiz_0_clk_wiz.v" Line 65. Module clk_wiz_0_clk_wiz has a timescale but at least one module in design doesn't have timescale.
WARNING: [XSIM 43-4100] "/proj/xbuilds/SWIP/2024.2_1107_2045/installs/lin64/Vivado/2024.2/data/verilog/src/unisims/IBUF.v" Line 29. Module IBUF has a timescale but at least one module in design doesn't have timescale.
WARNING: [XSIM 43-4100] "/proj/xbuilds/SWIP/2024.2_1107_2045/installs/lin64/Vivado/2024.2/data/verilog/src/unisims/MMCME2_ADV.v" Line 123. Module MMCME2_ADV(CLKFBOUT_MULT_F=10.0,CLKIN1_PERIOD=10.0,CLKOUT0_DIVIDE_F=10.0) has a timescale but at least one module in design doesn't have timescale.
WARNING: [XSIM 43-4100] "/proj/xbuilds/SWIP/2024.2_1107_2045/installs/lin64/Vivado/2024.2/data/verilog/src/unisims/BUFG.v" Line 27. Module BUFG has a timescale but at least one module in design doesn't have timescale.
WARNING: [XSIM 43-4100] "/proj/xbuilds/SWIP/2024.2_1107_2045/installs/lin64/Vivado/2024.2/data/verilog/src/unisims/BUFG.v" Line 27. Module BUFG has a timescale but at least one module in design doesn't have timescale.
WARNING: [XSIM 43-4100] "C:/Users/eleves/Desktop/ES_FPGA/TP_ASCON/project_ascon/project_ascon.gen/sources_1/ip/blk_mem_gen_0/sim/blk_mem_gen_0.v" Line 55. Module blk_mem_gen_0 has a timescale but at least one module in design doesn't have timescale.
WARNING: [XSIM 43-4100] "/wrk/ci/prod/2024.2/sw/continuous/3059/packages/customer/vivado/data/ip/xilinx/blk_mem_gen_v8_4/simulation/blk_mem_gen_v8_4.v" Line 3457. Module blk_mem_gen_v8_4_9(C_FAMILY="zynq",C_XDEVICEFAMILY="zynq",C_ELABORATION_DIR="./",C_AXI_TYPE=1,C_MEM_TYPE=3,C_PRIM_TYPE=1,C_LOAD_INIT_FILE=1,C_INIT_FILE_NAME="blk_mem_gen_0.mif",C_INIT_FILE="blk_mem_gen_0.mem",C_HAS_ENA=0,C_WRITE_WIDTH_A=64,C_READ_WIDTH_A=64,C_WRITE_DEPTH_A=4,C_READ_DEPTH_A=4,C_ADDRA_WIDTH=2,C_INITB_VAL="0",C_HAS_ENB=0,C_WRITE_WIDTH_B=64,C_READ_WIDTH_B=64,C_WRITE_DEPTH_B=4,C_READ_DEPTH_B=4,C_ADDRB_WIDTH=2,C_SIM_COLLISION_CHECK="ALL",C_COMMON_CLK=0,C_COUNT_36K_BRAM="1",C_COUNT_18K_BRAM="0",C_EST_POWER_SUMMARY="Estimated_Power_for_IP_____:_____6.370399_mW") has a timescale but at least one module in design doesn't have timescale.
WARNING: [XSIM 43-4100] "/wrk/ci/prod/2024.2/sw/continuous/3059/packages/customer/vivado/data/ip/xilinx/blk_mem_gen_v8_4/simulation/blk_mem_gen_v8_4.v" Line 1996. Module blk_mem_gen_v8_4_9_mem_module(C_FAMILY="zynq",C_XDEVICEFAMILY="zynq",C_MEM_TYPE=3,C_PRIM_TYPE=1,C_LOAD_INIT_FILE=1,C_INIT_FILE_NAME="blk_mem_gen_0.mif",C_INIT_FILE="blk_mem_gen_0.mem",C_HAS_ENA=0,C_WRITE_WIDTH_A=64,C_READ_WIDTH_A=64,C_WRITE_DEPTH_A=4,C_READ_DEPTH_A=4,C_ADDRA_WIDTH=2,C_INITB_VAL="0",C_HAS_ENB=0,C_WRITE_WIDTH_B=64,C_READ_WIDTH_B=64,C_WRITE_DEPTH_B=4,C_READ_DEPTH_B=4,C_ADDRB_WIDTH=2,C_SIM_COLLISION_CHECK="ALL",C_COMMON_CLK=0) has a timescale but at least one module in design doesn't have timescale.
WARNING: [XSIM 43-4100] "/wrk/ci/prod/2024.2/sw/continuous/3059/packages/customer/vivado/data/ip/xilinx/blk_mem_gen_v8_4/simulation/blk_mem_gen_v8_4.v" Line 1608. Module blk_mem_gen_v8_4_9_output_stage(C_FAMILY="zynq",C_XDEVICEFAMILY="zynq",C_DATA_WIDTH=64,C_ADDRB_WIDTH=2,NUM_STAGES=0) has a timescale but at least one module in design doesn't have timescale.
WARNING: [XSIM 43-4100] "/wrk/ci/prod/2024.2/sw/continuous/3059/packages/customer/vivado/data/ip/xilinx/blk_mem_gen_v8_4/simulation/blk_mem_gen_v8_4.v" Line 1608. Module blk_mem_gen_v8_4_9_output_stage(C_FAMILY="zynq",C_XDEVICEFAMILY="zynq",C_DATA_WIDTH=64,C_ADDRB_WIDTH=2,NUM_STAGES=0) has a timescale but at least one module in design doesn't have timescale.
WARNING: [XSIM 43-4100] "/wrk/ci/prod/2024.2/sw/continuous/3059/packages/customer/vivado/data/ip/xilinx/blk_mem_gen_v8_4/simulation/blk_mem_gen_v8_4.v" Line 1904. Module blk_mem_gen_v8_4_9_softecc_output_reg_stage(C_DATA_WIDTH=64,C_ADDRB_WIDTH=2) has a timescale but at least one module in design doesn't have timescale.
WARNING: [XSIM 43-4100] "C:/Users/eleves/Desktop/ES_FPGA/TP_ASCON/project_ascon/project_ascon.srcs/sim_1/new/top_ascon_tb_2.sv" Line 23. Module top_ascon_tb_2 has a timescale but at least one module in design doesn't have timescale.
WARNING: [XSIM 43-4100] "C:/Users/eleves/Desktop/ES_FPGA/TP_ASCON/project_ascon/project_ascon.srcs/sources_1/new/top_ascon.sv" Line 23. Module top_ascon has a timescale but at least one module in design doesn't have timescale.
WARNING: [XSIM 43-4100] "C:/Users/eleves/Desktop/ES_FPGA/TP_ASCON/project_ascon/project_ascon.srcs/sources_1/imports/RTL/ascon.sv" Line 5. Module ascon has a timescale but at least one module in design doesn't have timescale.
WARNING: [XSIM 43-4100] "C:/Users/eleves/Desktop/ES_FPGA/TP_ASCON/project_ascon/project_ascon.srcs/sources_1/imports/RTL/fsm_moore.sv" Line 4. Module fsm_moore has a timescale but at least one module in design doesn't have timescale.
WARNING: [XSIM 43-4100] "C:/Users/eleves/Desktop/ES_FPGA/TP_ASCON/project_ascon/project_ascon.srcs/sources_1/imports/RTL/compteur_double_init.sv" Line 12. Module compteur_double_init has a timescale but at least one module in design doesn't have timescale.
WARNING: [XSIM 43-4100] "C:/Users/eleves/Desktop/ES_FPGA/TP_ASCON/project_ascon/project_ascon.srcs/sources_1/imports/RTL/mux_state.sv" Line 12. Module mux_state has a timescale but at least one module in design doesn't have timescale.
WARNING: [XSIM 43-4100] "C:/Users/eleves/Desktop/ES_FPGA/TP_ASCON/project_ascon/project_ascon.srcs/sources_1/imports/RTL/xor_begin_perm.sv" Line 12. Module xor_begin_perm has a timescale but at least one module in design doesn't have timescale.
WARNING: [XSIM 43-4100] "C:/Users/eleves/Desktop/ES_FPGA/TP_ASCON/project_ascon/project_ascon.srcs/sources_1/imports/RTL/register_w_en.sv" Line 12. Module register_w_en(nb_bits_g=64) has a timescale but at least one module in design doesn't have timescale.
WARNING: [XSIM 43-4100] "C:/Users/eleves/Desktop/ES_FPGA/TP_ASCON/project_ascon/project_ascon.srcs/sources_1/imports/RTL/xor_end_perm.sv" Line 12. Module xor_end_perm has a timescale but at least one module in design doesn't have timescale.
WARNING: [XSIM 43-4100] "C:/Users/eleves/Desktop/ES_FPGA/TP_ASCON/project_ascon/project_ascon.srcs/sources_1/imports/RTL/state_register_w_en.sv" Line 12. Module state_register_w_en has a timescale but at least one module in design doesn't have timescale.
WARNING: [XSIM 43-4100] "C:/Users/eleves/Desktop/ES_FPGA/TP_ASCON/project_ascon/project_ascon.srcs/sources_1/imports/RTL/register_w_en.sv" Line 12. Module register_w_en(nb_bits_g=128) has a timescale but at least one module in design doesn't have timescale.
WARNING: [XSIM 43-4100] "C:/Users/eleves/Desktop/ES_FPGA/TP_ASCON/project_ascon/project_ascon.srcs/sources_1/new/fsm_top.sv" Line 23. Module fsm_top has a timescale but at least one module in design doesn't have timescale.
WARNING: [XSIM 43-4100] "C:/Users/eleves/Desktop/ES_FPGA/TP_ASCON/project_ascon/project_ascon.gen/sources_1/ip/clk_wiz_0/clk_wiz_0.v" Line 65. Module clk_wiz_0 has a timescale but at least one module in design doesn't have timescale.
WARNING: [XSIM 43-4100] "C:/Users/eleves/Desktop/ES_FPGA/TP_ASCON/project_ascon/project_ascon.gen/sources_1/ip/clk_wiz_0/clk_wiz_0_clk_wiz.v" Line 65. Module clk_wiz_0_clk_wiz has a timescale but at least one module in design doesn't have timescale.
WARNING: [XSIM 43-4100] "/proj/xbuilds/SWIP/2024.2_1107_2045/installs/lin64/Vivado/2024.2/data/verilog/src/unisims/IBUF.v" Line 29. Module IBUF has a timescale but at least one module in design doesn't have timescale.
WARNING: [XSIM 43-4100] "/proj/xbuilds/SWIP/2024.2_1107_2045/installs/lin64/Vivado/2024.2/data/verilog/src/unisims/MMCME2_ADV.v" Line 123. Module MMCME2_ADV(CLKFBOUT_MULT_F=10.0,CLKIN1_PERIOD=10.0,CLKOUT0_DIVIDE_F=10.0) has a timescale but at least one module in design doesn't have timescale.
WARNING: [XSIM 43-4100] "/proj/xbuilds/SWIP/2024.2_1107_2045/installs/lin64/Vivado/2024.2/data/verilog/src/unisims/BUFG.v" Line 27. Module BUFG has a timescale but at least one module in design doesn't have timescale.
WARNING: [XSIM 43-4100] "/proj/xbuilds/SWIP/2024.2_1107_2045/installs/lin64/Vivado/2024.2/data/verilog/src/unisims/BUFG.v" Line 27. Module BUFG has a timescale but at least one module in design doesn't have timescale.
WARNING: [XSIM 43-4100] "C:/Users/eleves/Desktop/ES_FPGA/TP_ASCON/project_ascon/project_ascon.gen/sources_1/ip/blk_mem_gen_0/sim/blk_mem_gen_0.v" Line 55. Module blk_mem_gen_0 has a timescale but at least one module in design doesn't have timescale.
WARNING: [XSIM 43-4100] "/wrk/ci/prod/2024.2/sw/continuous/3059/packages/customer/vivado/data/ip/xilinx/blk_mem_gen_v8_4/simulation/blk_mem_gen_v8_4.v" Line 3457. Module blk_mem_gen_v8_4_9(C_FAMILY="zynq",C_XDEVICEFAMILY="zynq",C_ELABORATION_DIR="./",C_AXI_TYPE=1,C_MEM_TYPE=3,C_PRIM_TYPE=1,C_LOAD_INIT_FILE=1,C_INIT_FILE_NAME="blk_mem_gen_0.mif",C_INIT_FILE="blk_mem_gen_0.mem",C_HAS_ENA=0,C_WRITE_WIDTH_A=64,C_READ_WIDTH_A=64,C_WRITE_DEPTH_A=4,C_READ_DEPTH_A=4,C_ADDRA_WIDTH=2,C_INITB_VAL="0",C_HAS_ENB=0,C_WRITE_WIDTH_B=64,C_READ_WIDTH_B=64,C_WRITE_DEPTH_B=4,C_READ_DEPTH_B=4,C_ADDRB_WIDTH=2,C_SIM_COLLISION_CHECK="ALL",C_COMMON_CLK=0,C_COUNT_36K_BRAM="1",C_COUNT_18K_BRAM="0",C_EST_POWER_SUMMARY="Estimated_Power_for_IP_____:_____6.370399_mW") has a timescale but at least one module in design doesn't have timescale.
WARNING: [XSIM 43-4100] "/wrk/ci/prod/2024.2/sw/continuous/3059/packages/customer/vivado/data/ip/xilinx/blk_mem_gen_v8_4/simulation/blk_mem_gen_v8_4.v" Line 1996. Module blk_mem_gen_v8_4_9_mem_module(C_FAMILY="zynq",C_XDEVICEFAMILY="zynq",C_MEM_TYPE=3,C_PRIM_TYPE=1,C_LOAD_INIT_FILE=1,C_INIT_FILE_NAME="blk_mem_gen_0.mif",C_INIT_FILE="blk_mem_gen_0.mem",C_HAS_ENA=0,C_WRITE_WIDTH_A=64,C_READ_WIDTH_A=64,C_WRITE_DEPTH_A=4,C_READ_DEPTH_A=4,C_ADDRA_WIDTH=2,C_INITB_VAL="0",C_HAS_ENB=0,C_WRITE_WIDTH_B=64,C_READ_WIDTH_B=64,C_WRITE_DEPTH_B=4,C_READ_DEPTH_B=4,C_ADDRB_WIDTH=2,C_SIM_COLLISION_CHECK="ALL",C_COMMON_CLK=0) has a timescale but at least one module in design doesn't have timescale.
WARNING: [XSIM 43-4100] "/wrk/ci/prod/2024.2/sw/continuous/3059/packages/customer/vivado/data/ip/xilinx/blk_mem_gen_v8_4/simulation/blk_mem_gen_v8_4.v" Line 3457. Module blk_mem_gen_v8_4_9 has a timescale but at least one module in design doesn't have timescale.
WARNING: [XSIM 43-4100] "/wrk/ci/prod/2024.2/sw/continuous/3059/packages/customer/vivado/data/ip/xilinx/blk_mem_gen_v8_4/simulation/blk_mem_gen_v8_4.v" Line 3457. Module blk_mem_gen_v8_4_9(C_FAMILY="zynq",C_XDEVICEFAMILY="zynq",C_ELABORATION_DIR="./",C_AXI_TYPE=1,C_MEM_TYPE=3,C_PRIM_TYPE=1,C_LOAD_INIT_FILE=1,C_INIT_FILE_NAME="blk_mem_gen_0.mif",C_INIT_FILE="blk_mem_gen_0.mem",C_HAS_ENA=0,C_WRITE_WIDTH_A=64,C_READ_WIDTH_A=64,C_WRITE_DEPTH_A=4,C_READ_DEPTH_A=4,C_ADDRA_WIDTH=2,C_INITB_VAL="0",C_HAS_ENB=0,C_WRITE_WIDTH_B=64,C_READ_WIDTH_B=64,C_WRITE_DEPTH_B=4,C_READ_DEPTH_B=4,C_ADDRB_WIDTH=2,C_SIM_COLLISION_CHECK="ALL",C_COMMON_CLK=0,C_COUNT_36K_BRAM="1",C_COUNT_18K_BRAM="0",C_EST_POWER_SUMMARY="Estimated_Power_for_IP_____:_____6.370399_mW") has a timescale but at least one module in design doesn't have timescale.
WARNING: [XSIM 43-4100] "/wrk/ci/prod/2024.2/sw/continuous/3059/packages/customer/vivado/data/ip/xilinx/blk_mem_gen_v8_4/simulation/blk_mem_gen_v8_4.v" Line 3457. Module blk_mem_gen_v8_4_9 has a timescale but at least one module in design doesn't have timescale.
WARNING: [XSIM 43-4100] "/wrk/ci/prod/2024.2/sw/continuous/3059/packages/customer/vivado/data/ip/xilinx/blk_mem_gen_v8_4/simulation/blk_mem_gen_v8_4.v" Line 3457. Module blk_mem_gen_v8_4_9(C_FAMILY="zynq",C_XDEVICEFAMILY="zynq",C_ELABORATION_DIR="./",C_AXI_TYPE=1,C_MEM_TYPE=3,C_PRIM_TYPE=1,C_LOAD_INIT_FILE=1,C_INIT_FILE_NAME="blk_mem_gen_0.mif",C_INIT_FILE="blk_mem_gen_0.mem",C_HAS_ENA=0,C_WRITE_WIDTH_A=64,C_READ_WIDTH_A=64,C_WRITE_DEPTH_A=4,C_READ_DEPTH_A=4,C_ADDRA_WIDTH=2,C_INITB_VAL="0",C_HAS_ENB=0,C_WRITE_WIDTH_B=64,C_READ_WIDTH_B=64,C_WRITE_DEPTH_B=4,C_READ_DEPTH_B=4,C_ADDRB_WIDTH=2,C_SIM_COLLISION_CHECK="ALL",C_COMMON_CLK=0,C_COUNT_36K_BRAM="1",C_COUNT_18K_BRAM="0",C_EST_POWER_SUMMARY="Estimated_Power_for_IP_____:_____6.370399_mW") has a timescale but at least one module in design doesn't have timescale.
WARNING: [XSIM 43-4100] "/wrk/ci/prod/2024.2/sw/continuous/3059/packages/customer/vivado/data/ip/xilinx/blk_mem_gen_v8_4/simulation/blk_mem_gen_v8_4.v" Line 3457. Module blk_mem_gen_v8_4_9 has a timescale but at least one module in design doesn't have timescale.
WARNING: [XSIM 43-4100] "/wrk/ci/prod/2024.2/sw/continuous/3059/packages/customer/vivado/data/ip/xilinx/blk_mem_gen_v8_4/simulation/blk_mem_gen_v8_4.v" Line 3457. Module blk_mem_gen_v8_4_9(C_FAMILY="zynq",C_XDEVICEFAMILY="zynq",C_ELABORATION_DIR="./",C_AXI_TYPE=1,C_MEM_TYPE=3,C_PRIM_TYPE=1,C_LOAD_INIT_FILE=1,C_INIT_FILE_NAME="blk_mem_gen_0.mif",C_INIT_FILE="blk_mem_gen_0.mem",C_HAS_ENA=0,C_WRITE_WIDTH_A=64,C_READ_WIDTH_A=64,C_WRITE_DEPTH_A=4,C_READ_DEPTH_A=4,C_ADDRA_WIDTH=2,C_INITB_VAL="0",C_HAS_ENB=0,C_WRITE_WIDTH_B=64,C_READ_WIDTH_B=64,C_WRITE_DEPTH_B=4,C_READ_DEPTH_B=4,C_ADDRB_WIDTH=2,C_SIM_COLLISION_CHECK="ALL",C_COMMON_CLK=0,C_COUNT_36K_BRAM="1",C_COUNT_18K_BRAM="0",C_EST_POWER_SUMMARY="Estimated_Power_for_IP_____:_____6.370399_mW") has a timescale but at least one module in design doesn't have timescale.
WARNING: [XSIM 43-4100] "/wrk/ci/prod/2024.2/sw/continuous/3059/packages/customer/vivado/data/ip/xilinx/blk_mem_gen_v8_4/simulation/blk_mem_gen_v8_4.v" Line 3457. Module blk_mem_gen_v8_4_9 has a timescale but at least one module in design doesn't have timescale.
WARNING: [XSIM 43-4100] "/wrk/ci/prod/2024.2/sw/continuous/3059/packages/customer/vivado/data/ip/xilinx/blk_mem_gen_v8_4/simulation/blk_mem_gen_v8_4.v" Line 3457. Module blk_mem_gen_v8_4_9(C_FAMILY="zynq",C_XDEVICEFAMILY="zynq",C_ELABORATION_DIR="./",C_AXI_TYPE=1,C_MEM_TYPE=3,C_PRIM_TYPE=1,C_LOAD_INIT_FILE=1,C_INIT_FILE_NAME="blk_mem_gen_0.mif",C_INIT_FILE="blk_mem_gen_0.mem",C_HAS_ENA=0,C_WRITE_WIDTH_A=64,C_READ_WIDTH_A=64,C_WRITE_DEPTH_A=4,C_READ_DEPTH_A=4,C_ADDRA_WIDTH=2,C_INITB_VAL="0",C_HAS_ENB=0,C_WRITE_WIDTH_B=64,C_READ_WIDTH_B=64,C_WRITE_DEPTH_B=4,C_READ_DEPTH_B=4,C_ADDRB_WIDTH=2,C_SIM_COLLISION_CHECK="ALL",C_COMMON_CLK=0,C_COUNT_36K_BRAM="1",C_COUNT_18K_BRAM="0",C_EST_POWER_SUMMARY="Estimated_Power_for_IP_____:_____6.370399_mW") has a timescale but at least one module in design doesn't have timescale.
WARNING: [XSIM 43-4100] "/wrk/ci/prod/2024.2/sw/continuous/3059/packages/customer/vivado/data/ip/xilinx/blk_mem_gen_v8_4/simulation/blk_mem_gen_v8_4.v" Line 3457. Module blk_mem_gen_v8_4_9 has a timescale but at least one module in design doesn't have timescale.
WARNING: [XSIM 43-4100] "/wrk/ci/prod/2024.2/sw/continuous/3059/packages/customer/vivado/data/ip/xilinx/blk_mem_gen_v8_4/simulation/blk_mem_gen_v8_4.v" Line 3457. Module blk_mem_gen_v8_4_9(C_FAMILY="zynq",C_XDEVICEFAMILY="zynq",C_ELABORATION_DIR="./",C_AXI_TYPE=1,C_MEM_TYPE=3,C_PRIM_TYPE=1,C_LOAD_INIT_FILE=1,C_INIT_FILE_NAME="blk_mem_gen_0.mif",C_INIT_FILE="blk_mem_gen_0.mem",C_HAS_ENA=0,C_WRITE_WIDTH_A=64,C_READ_WIDTH_A=64,C_WRITE_DEPTH_A=4,C_READ_DEPTH_A=4,C_ADDRA_WIDTH=2,C_INITB_VAL="0",C_HAS_ENB=0,C_WRITE_WIDTH_B=64,C_READ_WIDTH_B=64,C_WRITE_DEPTH_B=4,C_READ_DEPTH_B=4,C_ADDRB_WIDTH=2,C_SIM_COLLISION_CHECK="ALL",C_COMMON_CLK=0,C_COUNT_36K_BRAM="1",C_COUNT_18K_BRAM="0",C_EST_POWER_SUMMARY="Estimated_Power_for_IP_____:_____6.370399_mW") has a timescale but at least one module in design doesn't have timescale.
WARNING: [XSIM 43-4100] "/wrk/ci/prod/2024.2/sw/continuous/3059/packages/customer/vivado/data/ip/xilinx/blk_mem_gen_v8_4/simulation/blk_mem_gen_v8_4.v" Line 3457. Module blk_mem_gen_v8_4_9 has a timescale but at least one module in design doesn't have timescale.
WARNING: [XSIM 43-4100] "/wrk/ci/prod/2024.2/sw/continuous/3059/packages/customer/vivado/data/ip/xilinx/blk_mem_gen_v8_4/simulation/blk_mem_gen_v8_4.v" Line 3457. Module blk_mem_gen_v8_4_9(C_FAMILY="zynq",C_XDEVICEFAMILY="zynq",C_ELABORATION_DIR="./",C_AXI_TYPE=1,C_MEM_TYPE=3,C_PRIM_TYPE=1,C_LOAD_INIT_FILE=1,C_INIT_FILE_NAME="blk_mem_gen_0.mif",C_INIT_FILE="blk_mem_gen_0.mem",C_HAS_ENA=0,C_WRITE_WIDTH_A=64,C_READ_WIDTH_A=64,C_WRITE_DEPTH_A=4,C_READ_DEPTH_A=4,C_ADDRA_WIDTH=2,C_INITB_VAL="0",C_HAS_ENB=0,C_WRITE_WIDTH_B=64,C_READ_WIDTH_B=64,C_WRITE_DEPTH_B=4,C_READ_DEPTH_B=4,C_ADDRB_WIDTH=2,C_SIM_COLLISION_CHECK="ALL",C_COMMON_CLK=0,C_COUNT_36K_BRAM="1",C_COUNT_18K_BRAM="0",C_EST_POWER_SUMMARY="Estimated_Power_for_IP_____:_____6.370399_mW") has a timescale but at least one module in design doesn't have timescale.
WARNING: [XSIM 43-4100] "/wrk/ci/prod/2024.2/sw/continuous/3059/packages/customer/vivado/data/ip/xilinx/blk_mem_gen_v8_4/simulation/blk_mem_gen_v8_4.v" Line 1608. Module blk_mem_gen_v8_4_9_output_stage(C_FAMILY="zynq",C_XDEVICEFAMILY="zynq",C_DATA_WIDTH=64,C_ADDRB_WIDTH=2,NUM_STAGES=0) has a timescale but at least one module in design doesn't have timescale.
WARNING: [XSIM 43-4100] "/wrk/ci/prod/2024.2/sw/continuous/3059/packages/customer/vivado/data/ip/xilinx/blk_mem_gen_v8_4/simulation/blk_mem_gen_v8_4.v" Line 1608. Module blk_mem_gen_v8_4_9_output_stage(C_FAMILY="zynq",C_XDEVICEFAMILY="zynq",C_DATA_WIDTH=64,C_ADDRB_WIDTH=2,NUM_STAGES=0) has a timescale but at least one module in design doesn't have timescale.
WARNING: [XSIM 43-4100] "/wrk/ci/prod/2024.2/sw/continuous/3059/packages/customer/vivado/data/ip/xilinx/blk_mem_gen_v8_4/simulation/blk_mem_gen_v8_4.v" Line 1904. Module blk_mem_gen_v8_4_9_softecc_output_reg_stage(C_DATA_WIDTH=64,C_ADDRB_WIDTH=2) has a timescale but at least one module in design doesn't have timescale.
WARNING: [XSIM 43-4100] "C:/Users/eleves/Desktop/ES_FPGA/TP_ASCON/project_ascon/project_ascon.sim/sim_1/behav/xsim/glbl.v" Line 6. Module glbl has a timescale but at least one module in design doesn't have timescale.
WARNING: [XSIM 43-4100] "C:/Users/eleves/Desktop/ES_FPGA/TP_ASCON/project_ascon/project_ascon.sim/sim_1/behav/xsim/glbl.v" Line 6. Module glbl has a timescale but at least one module in design doesn't have timescale.
Completed simulation data flow analysis
Time Resolution for simulation is 1ps
Compiling package xil_defaultlib.ascon_pack
Compiling module xil_defaultlib.fsm_moore
Compiling module xil_defaultlib.compteur_double_init
Compiling module xil_defaultlib.mux_state
Compiling module xil_defaultlib.xor_begin_perm
Compiling module xil_defaultlib.register_w_en(nb_bits_g=64)
Compiling module xil_defaultlib.Pc
Compiling module xil_defaultlib.sbox
Compiling module xil_defaultlib.Ps_default
Compiling module xil_defaultlib.Pl
Compiling module xil_defaultlib.xor_end_perm
Compiling module xil_defaultlib.state_register_w_en
Compiling module xil_defaultlib.register_w_en(nb_bits_g=128)
Compiling module xil_defaultlib.Permutation
Compiling module xil_defaultlib.ascon
Compiling module xil_defaultlib.fsm_top
Compiling module unisims_ver.IBUF
Compiling module unisims_ver.MMCME2_ADV(CLKFBOUT_MULT_F=10.0,...
Compiling module unisims_ver.BUFG
Compiling module xil_defaultlib.clk_wiz_0_clk_wiz
Compiling module xil_defaultlib.clk_wiz_0
Compiling module blk_mem_gen_v8_4_9.blk_mem_gen_v8_4_9_output_stage(...
Compiling module blk_mem_gen_v8_4_9.blk_mem_gen_v8_4_9_softecc_outpu...
Compiling module blk_mem_gen_v8_4_9.blk_mem_gen_v8_4_9_mem_module(C_...
Compiling module blk_mem_gen_v8_4_9.blk_mem_gen_v8_4_9(C_FAMILY="zyn...
Compiling module xil_defaultlib.blk_mem_gen_0
Compiling module xil_defaultlib.top_ascon
Compiling module xil_defaultlib.top_ascon_tb_2
Compiling module xil_defaultlib.glbl
Built simulation snapshot top_ascon_tb_2_behav
run_program: Time (s): cpu = 00:00:01 ; elapsed = 00:00:14 . Memory (MB): peak = 2545.879 ; gain = 0.000
INFO: [USF-XSim-69] 'elaborate' step finished in '13' seconds
INFO: [USF-XSim-4] XSim::Simulate design
INFO: [USF-XSim-61] Executing 'SIMULATE' step in 'C:/Users/eleves/Desktop/ES_FPGA/TP_ASCON/project_ascon/project_ascon.sim/sim_1/behav/xsim'
INFO: [USF-XSim-98] *** Running xsim
   with args "top_ascon_tb_2_behav -key {Behavioral:sim_1:Functional:top_ascon_tb_2} -tclbatch {top_ascon_tb_2.tcl} -log {simulate.log}"
INFO: [USF-XSim-8] Loading simulator feature
Time resolution is 1 ps
source top_ascon_tb_2.tcl
# set curr_wave [current_wave_config]
# if { [string length $curr_wave] == 0 } {
#   if { [llength [get_objects]] > 0} {
#     add_wave /
#     set_property needs_save false [current_wave_config]
#   } else {
#      send_msg_id Add_Wave-1 WARNING "No top level signals found. Simulator will start without a wave window. If you want to open a wave window go to 'File->New Waveform Configuration' or type 'create_wave_config' in the TCL console."
#   }
# }
# run 1000ns
 Block Memory Generator module loading initial data...
 Block Memory Generator data initialization complete.
Block Memory Generator module top_ascon_tb_2.DUT.memory_rom.inst.native_mem_module.blk_mem_gen_v8_4_9_inst is using a behavioral model for simulation which will not precisely model memory collision behavior.
INFO: [USF-XSim-96] XSim completed. Design snapshot 'top_ascon_tb_2_behav' loaded.
INFO: [USF-XSim-97] XSim simulation ran for 1000ns
launch_simulation: Time (s): cpu = 00:00:07 ; elapsed = 00:00:21 . Memory (MB): peak = 2621.305 ; gain = 80.348
WARNING: [filemgmt 56-199] Attempt to get parsing info during refresh. "On-the-fly" syntax checking information may be incorrect. [C:\Users\eleves\Desktop\ES_FPGA\TP_ASCON\project_ascon\project_ascon.srcs\sim_1\new\top_ascon_tb_2.sv:]
WARNING: [filemgmt 56-199] Attempt to get parsing info during refresh. "On-the-fly" syntax checking information may be incorrect. [C:\Users\eleves\Desktop\ES_FPGA\TP_ASCON\project_ascon\project_ascon.srcs\sources_1\new\fsm_top.sv:]
WARNING: [filemgmt 56-199] Attempt to get parsing info during refresh. "On-the-fly" syntax checking information may be incorrect. [C:\Users\eleves\Desktop\ES_FPGA\TP_ASCON\project_ascon\project_ascon.srcs\sources_1\new\fsm_top.sv:]
WARNING: [filemgmt 56-199] Attempt to get parsing info during refresh. "On-the-fly" syntax checking information may be incorrect. [C:\Users\eleves\Desktop\ES_FPGA\TP_ASCON\project_ascon\project_ascon.srcs\sources_1\new\fsm_top.sv:]
ERROR: [Common 17-180] Spawn failed: No error
WARNING: [filemgmt 56-199] Attempt to get parsing info during refresh. "On-the-fly" syntax checking information may be incorrect. [C:\Users\eleves\Desktop\ES_FPGA\TP_ASCON\project_ascon\project_ascon.srcs\sources_1\new\top_ascon.sv:]
WARNING: [filemgmt 56-199] Attempt to get parsing info during refresh. "On-the-fly" syntax checking information may be incorrect. [C:\Users\eleves\Desktop\ES_FPGA\TP_ASCON\project_ascon\project_ascon.srcs\sim_1\new\top_ascon_tb_2.sv:]
WARNING: [filemgmt 56-199] Attempt to get parsing info during refresh. "On-the-fly" syntax checking information may be incorrect. [C:\Users\eleves\Desktop\ES_FPGA\TP_ASCON\project_ascon\project_ascon.srcs\sources_1\new\fsm_top.sv:]
WARNING: [filemgmt 56-199] Attempt to get parsing info during refresh. "On-the-fly" syntax checking information may be incorrect. [C:\Users\eleves\Desktop\ES_FPGA\TP_ASCON\project_ascon\project_ascon.srcs\sources_1\new\fsm_top.sv:]
WARNING: [filemgmt 56-199] Attempt to get parsing info during refresh. "On-the-fly" syntax checking information may be incorrect. [C:\Users\eleves\Desktop\ES_FPGA\TP_ASCON\project_ascon\project_ascon.srcs\sources_1\new\fsm_top.sv:]
WARNING: [filemgmt 56-199] Attempt to get parsing info during refresh. "On-the-fly" syntax checking information may be incorrect. [C:\Users\eleves\Desktop\ES_FPGA\TP_ASCON\project_ascon\project_ascon.srcs\sources_1\new\top_ascon.sv:]
WARNING: [filemgmt 56-199] Attempt to get parsing info during refresh. "On-the-fly" syntax checking information may be incorrect. [C:\Users\eleves\Desktop\ES_FPGA\TP_ASCON\project_ascon\project_ascon.srcs\sim_1\new\top_ascon_tb_2.sv:]
WARNING: [filemgmt 56-199] Attempt to get parsing info during refresh. "On-the-fly" syntax checking information may be incorrect. [C:\Users\eleves\Desktop\ES_FPGA\TP_ASCON\project_ascon\project_ascon.srcs\sources_1\new\fsm_top.sv:]
WARNING: [filemgmt 56-199] Attempt to get parsing info during refresh. "On-the-fly" syntax checking information may be incorrect. [C:\Users\eleves\Desktop\ES_FPGA\TP_ASCON\project_ascon\project_ascon.srcs\sim_1\new\top_ascon_tb_2.sv:]
WARNING: [filemgmt 56-199] Attempt to get parsing info during refresh. "On-the-fly" syntax checking information may be incorrect. [C:\Users\eleves\Desktop\ES_FPGA\TP_ASCON\project_ascon\project_ascon.srcs\sim_1\new\top_ascon_tb_2.sv:]
WARNING: [filemgmt 56-199] Attempt to get parsing info during refresh. "On-the-fly" syntax checking information may be incorrect. [C:\Users\eleves\Desktop\ES_FPGA\TP_ASCON\project_ascon\project_ascon.srcs\sources_1\new\top_ascon.sv:]
WARNING: [filemgmt 56-199] Attempt to get parsing info during refresh. "On-the-fly" syntax checking information may be incorrect. [C:\Users\eleves\Desktop\ES_FPGA\TP_ASCON\project_ascon\project_ascon.srcs\sim_1\new\top_ascon_tb_2.sv:]
WARNING: [filemgmt 56-199] Attempt to get parsing info during refresh. "On-the-fly" syntax checking information may be incorrect. [C:\Users\eleves\Desktop\ES_FPGA\TP_ASCON\project_ascon\project_ascon.srcs\sources_1\new\fsm_top.sv:]
WARNING: [filemgmt 56-199] Attempt to get parsing info during refresh. "On-the-fly" syntax checking information may be incorrect. [C:\Users\eleves\Desktop\ES_FPGA\TP_ASCON\project_ascon\project_ascon.srcs\sources_1\new\fsm_top.sv:]
WARNING: [filemgmt 56-199] Attempt to get parsing info during refresh. "On-the-fly" syntax checking information may be incorrect. [C:\Users\eleves\Desktop\ES_FPGA\TP_ASCON\project_ascon\project_ascon.srcs\sources_1\new\fsm_top.sv:]
WARNING: [filemgmt 56-199] Attempt to get parsing info during refresh. "On-the-fly" syntax checking information may be incorrect. [C:\Users\eleves\Desktop\ES_FPGA\TP_ASCON\project_ascon\project_ascon.srcs\sources_1\new\top_ascon.sv:]
WARNING: [filemgmt 56-199] Attempt to get parsing info during refresh. "On-the-fly" syntax checking information may be incorrect. [C:\Users\eleves\Desktop\ES_FPGA\TP_ASCON\project_ascon\project_ascon.srcs\sim_1\new\top_ascon_tb_2.sv:]
WARNING: [filemgmt 56-199] Attempt to get parsing info during refresh. "On-the-fly" syntax checking information may be incorrect. [C:\Users\eleves\Desktop\ES_FPGA\TP_ASCON\project_ascon\project_ascon.srcs\sources_1\new\fsm_top.sv:]
WARNING: [filemgmt 56-199] Attempt to get parsing info during refresh. "On-the-fly" syntax checking information may be incorrect. [C:\Users\eleves\Desktop\ES_FPGA\TP_ASCON\project_ascon\project_ascon.srcs\sim_1\new\top_ascon_tb_2.sv:]
WARNING: [filemgmt 56-199] Attempt to get parsing info during refresh. "On-the-fly" syntax checking information may be incorrect. [C:\Users\eleves\Desktop\ES_FPGA\TP_ASCON\project_ascon\project_ascon.srcs\sim_1\new\top_ascon_tb_2.sv:]
WARNING: [filemgmt 56-199] Attempt to get parsing info during refresh. "On-the-fly" syntax checking information may be incorrect. [C:\Users\eleves\Desktop\ES_FPGA\TP_ASCON\project_ascon\project_ascon.srcs\sources_1\new\top_ascon.sv:]
WARNING: [filemgmt 56-199] Attempt to get parsing info during refresh. "On-the-fly" syntax checking information may be incorrect. [C:\Users\eleves\Desktop\ES_FPGA\TP_ASCON\project_ascon\project_ascon.srcs\sim_1\new\top_ascon_tb_2.sv:]
WARNING: [filemgmt 56-199] Attempt to get parsing info during refresh. "On-the-fly" syntax checking information may be incorrect. [C:\Users\eleves\Desktop\ES_FPGA\TP_ASCON\project_ascon\project_ascon.srcs\sources_1\new\fsm_top.sv:]
WARNING: [filemgmt 56-199] Attempt to get parsing info during refresh. "On-the-fly" syntax checking information may be incorrect. [C:\Users\eleves\Desktop\ES_FPGA\TP_ASCON\project_ascon\project_ascon.srcs\sources_1\new\fsm_top.sv:]
WARNING: [filemgmt 56-199] Attempt to get parsing info during refresh. "On-the-fly" syntax checking information may be incorrect. [C:\Users\eleves\Desktop\ES_FPGA\TP_ASCON\project_ascon\project_ascon.srcs\sources_1\new\fsm_top.sv:]
WARNING: [filemgmt 56-199] Attempt to get parsing info during refresh. "On-the-fly" syntax checking information may be incorrect. [C:\Users\eleves\Desktop\ES_FPGA\TP_ASCON\project_ascon\project_ascon.srcs\sources_1\new\top_ascon.sv:]
WARNING: [filemgmt 56-199] Attempt to get parsing info during refresh. "On-the-fly" syntax checking information may be incorrect. [C:\Users\eleves\Desktop\ES_FPGA\TP_ASCON\project_ascon\project_ascon.srcs\sim_1\new\top_ascon_tb_2.sv:]
WARNING: [filemgmt 56-199] Attempt to get parsing info during refresh. "On-the-fly" syntax checking information may be incorrect. [C:\Users\eleves\Desktop\ES_FPGA\TP_ASCON\project_ascon\project_ascon.srcs\sources_1\new\fsm_top.sv:]
WARNING: [filemgmt 56-199] Attempt to get parsing info during refresh. "On-the-fly" syntax checking information may be incorrect. [C:\Users\eleves\Desktop\ES_FPGA\TP_ASCON\project_ascon\project_ascon.srcs\sources_1\new\top_ascon.sv:]
WARNING: [filemgmt 56-199] Attempt to get parsing info during refresh. "On-the-fly" syntax checking information may be incorrect. [C:\Users\eleves\Desktop\ES_FPGA\TP_ASCON\project_ascon\project_ascon.srcs\sources_1\new\top_ascon.sv:]
close_sim
INFO: [Simtcl 6-16] Simulation closed
launch_simulation
Command: launch_simulation 
INFO: [Vivado 12-12493] Simulation top is 'top_ascon_tb_2'
WARNING: [Vivado 12-13340] Unable to auto find GCC executables from simulator install path! (path not set)
INFO: [Vivado 12-5698] Checking validity of IPs in the design for the 'XSim' simulator...
INFO: [Vivado 12-5682] Launching behavioral simulation in 'C:/Users/eleves/Desktop/ES_FPGA/TP_ASCON/project_ascon/project_ascon.sim/sim_1/behav/xsim'
INFO: [Vivado 12-4795] Using compiled simulation libraries for IPs
INFO: [SIM-utils-51] Simulation object is 'sim_1'
INFO: [SIM-utils-72] Using boost library from 'C:/Xilinx/Vivado/2024.2/tps/boost_1_72_0'
INFO: [USF-XSim-7] Finding pre-compiled libraries...
INFO: [USF-XSim-11] File 'C:/Xilinx/Vivado/2024.2/data/xsim/xsim.ini' copied to run dir:'C:/Users/eleves/Desktop/ES_FPGA/TP_ASCON/project_ascon/project_ascon.sim/sim_1/behav/xsim'
INFO: [SIM-utils-54] Inspecting design source files for 'top_ascon_tb_2' in fileset 'sim_1'...
INFO: [SIM-utils-43] Exported 'C:/Users/eleves/Desktop/ES_FPGA/TP_ASCON/project_ascon/project_ascon.sim/sim_1/behav/xsim/blk_mem_gen_0.mif'
INFO: [SIM-utils-43] Exported 'C:/Users/eleves/Desktop/ES_FPGA/TP_ASCON/project_ascon/project_ascon.sim/sim_1/behav/xsim/donnees.coe'
INFO: [USF-XSim-97] Finding global include files...
INFO: [USF-XSim-98] Fetching design files from 'sim_1'...
INFO: [USF-XSim-2] XSim::Compile design
INFO: [USF-XSim-61] Executing 'COMPILE and ANALYZE' step in 'C:/Users/eleves/Desktop/ES_FPGA/TP_ASCON/project_ascon/project_ascon.sim/sim_1/behav/xsim'
"xvlog --incr --relax -L uvm -prj top_ascon_tb_2_vlog.prj"
INFO: [VRFC 10-2263] Analyzing SystemVerilog file "C:/Users/eleves/Desktop/ES_FPGA/TP_ASCON/project_ascon/project_ascon.srcs/sources_1/imports/RTL/ascon_pack.sv" into library xil_defaultlib
INFO: [VRFC 10-2263] Analyzing SystemVerilog file "C:/Users/eleves/Desktop/ES_FPGA/TP_ASCON/project_ascon/project_ascon.srcs/sources_1/imports/RTL/Pc.sv" into library xil_defaultlib
INFO: [VRFC 10-311] analyzing module Pc
INFO: [VRFC 10-2263] Analyzing SystemVerilog file "C:/Users/eleves/Desktop/ES_FPGA/TP_ASCON/project_ascon/project_ascon.srcs/sources_1/imports/RTL/Permutation.sv" into library xil_defaultlib
INFO: [VRFC 10-311] analyzing module Permutation
INFO: [VRFC 10-2263] Analyzing SystemVerilog file "C:/Users/eleves/Desktop/ES_FPGA/TP_ASCON/project_ascon/project_ascon.srcs/sources_1/imports/RTL/Pl.sv" into library xil_defaultlib
INFO: [VRFC 10-311] analyzing module Pl
INFO: [VRFC 10-2263] Analyzing SystemVerilog file "C:/Users/eleves/Desktop/ES_FPGA/TP_ASCON/project_ascon/project_ascon.srcs/sources_1/imports/RTL/Ps.sv" into library xil_defaultlib
INFO: [VRFC 10-311] analyzing module Ps
INFO: [VRFC 10-2263] Analyzing SystemVerilog file "C:/Users/eleves/Desktop/ES_FPGA/TP_ASCON/project_ascon/project_ascon.srcs/sources_1/imports/RTL/Sbox.sv" into library xil_defaultlib
INFO: [VRFC 10-311] analyzing module sbox
INFO: [VRFC 10-2263] Analyzing SystemVerilog file "C:/Users/eleves/Desktop/ES_FPGA/TP_ASCON/project_ascon/project_ascon.srcs/sources_1/imports/RTL/ascon.sv" into library xil_defaultlib
INFO: [VRFC 10-311] analyzing module ascon
INFO: [VRFC 10-2263] Analyzing SystemVerilog file "C:/Users/eleves/Desktop/ES_FPGA/TP_ASCON/project_ascon/project_ascon.srcs/sources_1/imports/RTL/compteur_double_init.sv" into library xil_defaultlib
INFO: [VRFC 10-311] analyzing module compteur_double_init
INFO: [VRFC 10-2263] Analyzing SystemVerilog file "C:/Users/eleves/Desktop/ES_FPGA/TP_ASCON/project_ascon/project_ascon.srcs/sources_1/imports/RTL/fsm_moore.sv" into library xil_defaultlib
INFO: [VRFC 10-311] analyzing module fsm_moore
INFO: [VRFC 10-2263] Analyzing SystemVerilog file "C:/Users/eleves/Desktop/ES_FPGA/TP_ASCON/project_ascon/project_ascon.srcs/sources_1/new/fsm_top.sv" into library xil_defaultlib
INFO: [VRFC 10-311] analyzing module fsm_top
INFO: [VRFC 10-2263] Analyzing SystemVerilog file "C:/Users/eleves/Desktop/ES_FPGA/TP_ASCON/project_ascon/project_ascon.srcs/sources_1/imports/RTL/mux_state.sv" into library xil_defaultlib
INFO: [VRFC 10-311] analyzing module mux_state
INFO: [VRFC 10-2263] Analyzing SystemVerilog file "C:/Users/eleves/Desktop/ES_FPGA/TP_ASCON/project_ascon/project_ascon.srcs/sources_1/imports/RTL/register_w_en.sv" into library xil_defaultlib
INFO: [VRFC 10-311] analyzing module register_w_en
INFO: [VRFC 10-2263] Analyzing SystemVerilog file "C:/Users/eleves/Desktop/ES_FPGA/TP_ASCON/project_ascon/project_ascon.srcs/sources_1/imports/RTL/state_register_w_en.sv" into library xil_defaultlib
INFO: [VRFC 10-311] analyzing module state_register_w_en
INFO: [VRFC 10-2263] Analyzing SystemVerilog file "C:/Users/eleves/Desktop/ES_FPGA/TP_ASCON/project_ascon/project_ascon.srcs/sources_1/new/top_ascon.sv" into library xil_defaultlib
INFO: [VRFC 10-311] analyzing module top_ascon
INFO: [VRFC 10-2263] Analyzing SystemVerilog file "C:/Users/eleves/Desktop/ES_FPGA/TP_ASCON/project_ascon/project_ascon.srcs/sources_1/imports/RTL/xor_begin_perm.sv" into library xil_defaultlib
INFO: [VRFC 10-311] analyzing module xor_begin_perm
INFO: [VRFC 10-2263] Analyzing SystemVerilog file "C:/Users/eleves/Desktop/ES_FPGA/TP_ASCON/project_ascon/project_ascon.srcs/sources_1/imports/RTL/xor_end_perm.sv" into library xil_defaultlib
INFO: [VRFC 10-311] analyzing module xor_end_perm
INFO: [VRFC 10-2263] Analyzing SystemVerilog file "C:/Users/eleves/Desktop/ES_FPGA/TP_ASCON/project_ascon/project_ascon.srcs/sim_1/new/top_ascon_tb_2.sv" into library xil_defaultlib
INFO: [VRFC 10-311] analyzing module top_ascon_tb_2
INFO: [USF-XSim-69] 'compile' step finished in '2' seconds
INFO: [USF-XSim-3] XSim::Elaborate design
INFO: [USF-XSim-61] Executing 'ELABORATE' step in 'C:/Users/eleves/Desktop/ES_FPGA/TP_ASCON/project_ascon/project_ascon.sim/sim_1/behav/xsim'
"xelab --incr --debug typical --relax --mt 2 -L xil_defaultlib -L blk_mem_gen_v8_4_9 -L uvm -L unisims_ver -L unimacro_ver -L secureip -L xpm --snapshot top_ascon_tb_2_behav xil_defaultlib.top_ascon_tb_2 xil_defaultlib.glbl -log elaborate.log"
Vivado Simulator v2024.2.0
Copyright 1986-2022 Xilinx, Inc. All Rights Reserved.
Copyright 2022-2024 Advanced Micro Devices, Inc. All Rights Reserved.
Running: C:/Xilinx/Vivado/2024.2/bin/unwrapped/win64.o/xelab.exe --incr --debug typical --relax --mt 2 -L xil_defaultlib -L blk_mem_gen_v8_4_9 -L uvm -L unisims_ver -L unimacro_ver -L secureip -L xpm --snapshot top_ascon_tb_2_behav xil_defaultlib.top_ascon_tb_2 xil_defaultlib.glbl -log elaborate.log 
Using 2 slave threads.
Starting static elaboration
Pass Through NonSizing Optimizer
WARNING: [VRFC 10-3091] actual bit length 8 differs from formal bit length 4 for port 'mux2_i' [C:/Users/eleves/Desktop/ES_FPGA/TP_ASCON/project_ascon/project_ascon.srcs/sim_1/new/top_ascon_tb_2.sv:38]
WARNING: [VRFC 10-3823] variable 'affichage_s' might have multiple concurrent drivers [C:/Users/eleves/Desktop/ES_FPGA/TP_ASCON/project_ascon/project_ascon.srcs/sim_1/new/top_ascon_tb_2.sv:48]
Completed static elaboration
Starting simulation data flow analysis
WARNING: [XSIM 43-4100] "C:/Users/eleves/Desktop/ES_FPGA/TP_ASCON/project_ascon/project_ascon.srcs/sim_1/new/top_ascon_tb_2.sv" Line 23. Module top_ascon_tb_2 has a timescale but at least one module in design doesn't have timescale.
WARNING: [XSIM 43-4100] "C:/Users/eleves/Desktop/ES_FPGA/TP_ASCON/project_ascon/project_ascon.srcs/sources_1/new/top_ascon.sv" Line 23. Module top_ascon has a timescale but at least one module in design doesn't have timescale.
WARNING: [XSIM 43-4100] "C:/Users/eleves/Desktop/ES_FPGA/TP_ASCON/project_ascon/project_ascon.srcs/sources_1/imports/RTL/ascon.sv" Line 5. Module ascon has a timescale but at least one module in design doesn't have timescale.
WARNING: [XSIM 43-4100] "C:/Users/eleves/Desktop/ES_FPGA/TP_ASCON/project_ascon/project_ascon.srcs/sources_1/imports/RTL/fsm_moore.sv" Line 4. Module fsm_moore has a timescale but at least one module in design doesn't have timescale.
WARNING: [XSIM 43-4100] "C:/Users/eleves/Desktop/ES_FPGA/TP_ASCON/project_ascon/project_ascon.srcs/sources_1/imports/RTL/compteur_double_init.sv" Line 12. Module compteur_double_init has a timescale but at least one module in design doesn't have timescale.
WARNING: [XSIM 43-4100] "C:/Users/eleves/Desktop/ES_FPGA/TP_ASCON/project_ascon/project_ascon.srcs/sources_1/imports/RTL/mux_state.sv" Line 12. Module mux_state has a timescale but at least one module in design doesn't have timescale.
WARNING: [XSIM 43-4100] "C:/Users/eleves/Desktop/ES_FPGA/TP_ASCON/project_ascon/project_ascon.srcs/sources_1/imports/RTL/xor_begin_perm.sv" Line 12. Module xor_begin_perm has a timescale but at least one module in design doesn't have timescale.
WARNING: [XSIM 43-4100] "C:/Users/eleves/Desktop/ES_FPGA/TP_ASCON/project_ascon/project_ascon.srcs/sources_1/imports/RTL/register_w_en.sv" Line 12. Module register_w_en(nb_bits_g=64) has a timescale but at least one module in design doesn't have timescale.
WARNING: [XSIM 43-4100] "C:/Users/eleves/Desktop/ES_FPGA/TP_ASCON/project_ascon/project_ascon.srcs/sources_1/imports/RTL/xor_end_perm.sv" Line 12. Module xor_end_perm has a timescale but at least one module in design doesn't have timescale.
WARNING: [XSIM 43-4100] "C:/Users/eleves/Desktop/ES_FPGA/TP_ASCON/project_ascon/project_ascon.srcs/sources_1/imports/RTL/state_register_w_en.sv" Line 12. Module state_register_w_en has a timescale but at least one module in design doesn't have timescale.
WARNING: [XSIM 43-4100] "C:/Users/eleves/Desktop/ES_FPGA/TP_ASCON/project_ascon/project_ascon.srcs/sources_1/imports/RTL/register_w_en.sv" Line 12. Module register_w_en(nb_bits_g=128) has a timescale but at least one module in design doesn't have timescale.
WARNING: [XSIM 43-4100] "C:/Users/eleves/Desktop/ES_FPGA/TP_ASCON/project_ascon/project_ascon.srcs/sources_1/new/fsm_top.sv" Line 23. Module fsm_top has a timescale but at least one module in design doesn't have timescale.
WARNING: [XSIM 43-4100] "C:/Users/eleves/Desktop/ES_FPGA/TP_ASCON/project_ascon/project_ascon.gen/sources_1/ip/clk_wiz_0/clk_wiz_0.v" Line 65. Module clk_wiz_0 has a timescale but at least one module in design doesn't have timescale.
WARNING: [XSIM 43-4100] "C:/Users/eleves/Desktop/ES_FPGA/TP_ASCON/project_ascon/project_ascon.gen/sources_1/ip/clk_wiz_0/clk_wiz_0_clk_wiz.v" Line 65. Module clk_wiz_0_clk_wiz has a timescale but at least one module in design doesn't have timescale.
WARNING: [XSIM 43-4100] "/proj/xbuilds/SWIP/2024.2_1107_2045/installs/lin64/Vivado/2024.2/data/verilog/src/unisims/IBUF.v" Line 29. Module IBUF has a timescale but at least one module in design doesn't have timescale.
WARNING: [XSIM 43-4100] "/proj/xbuilds/SWIP/2024.2_1107_2045/installs/lin64/Vivado/2024.2/data/verilog/src/unisims/MMCME2_ADV.v" Line 123. Module MMCME2_ADV(CLKFBOUT_MULT_F=10.0,CLKIN1_PERIOD=10.0,CLKOUT0_DIVIDE_F=10.0) has a timescale but at least one module in design doesn't have timescale.
WARNING: [XSIM 43-4100] "/proj/xbuilds/SWIP/2024.2_1107_2045/installs/lin64/Vivado/2024.2/data/verilog/src/unisims/BUFG.v" Line 27. Module BUFG has a timescale but at least one module in design doesn't have timescale.
WARNING: [XSIM 43-4100] "/proj/xbuilds/SWIP/2024.2_1107_2045/installs/lin64/Vivado/2024.2/data/verilog/src/unisims/BUFG.v" Line 27. Module BUFG has a timescale but at least one module in design doesn't have timescale.
WARNING: [XSIM 43-4100] "C:/Users/eleves/Desktop/ES_FPGA/TP_ASCON/project_ascon/project_ascon.gen/sources_1/ip/blk_mem_gen_0/sim/blk_mem_gen_0.v" Line 55. Module blk_mem_gen_0 has a timescale but at least one module in design doesn't have timescale.
WARNING: [XSIM 43-4100] "/wrk/ci/prod/2024.2/sw/continuous/3059/packages/customer/vivado/data/ip/xilinx/blk_mem_gen_v8_4/simulation/blk_mem_gen_v8_4.v" Line 3457. Module blk_mem_gen_v8_4_9(C_FAMILY="zynq",C_XDEVICEFAMILY="zynq",C_ELABORATION_DIR="./",C_AXI_TYPE=1,C_MEM_TYPE=3,C_PRIM_TYPE=1,C_LOAD_INIT_FILE=1,C_INIT_FILE_NAME="blk_mem_gen_0.mif",C_INIT_FILE="blk_mem_gen_0.mem",C_HAS_ENA=0,C_WRITE_WIDTH_A=64,C_READ_WIDTH_A=64,C_WRITE_DEPTH_A=4,C_READ_DEPTH_A=4,C_ADDRA_WIDTH=2,C_INITB_VAL="0",C_HAS_ENB=0,C_WRITE_WIDTH_B=64,C_READ_WIDTH_B=64,C_WRITE_DEPTH_B=4,C_READ_DEPTH_B=4,C_ADDRB_WIDTH=2,C_SIM_COLLISION_CHECK="ALL",C_COMMON_CLK=0,C_COUNT_36K_BRAM="1",C_COUNT_18K_BRAM="0",C_EST_POWER_SUMMARY="Estimated_Power_for_IP_____:_____6.370399_mW") has a timescale but at least one module in design doesn't have timescale.
WARNING: [XSIM 43-4100] "/wrk/ci/prod/2024.2/sw/continuous/3059/packages/customer/vivado/data/ip/xilinx/blk_mem_gen_v8_4/simulation/blk_mem_gen_v8_4.v" Line 1996. Module blk_mem_gen_v8_4_9_mem_module(C_FAMILY="zynq",C_XDEVICEFAMILY="zynq",C_MEM_TYPE=3,C_PRIM_TYPE=1,C_LOAD_INIT_FILE=1,C_INIT_FILE_NAME="blk_mem_gen_0.mif",C_INIT_FILE="blk_mem_gen_0.mem",C_HAS_ENA=0,C_WRITE_WIDTH_A=64,C_READ_WIDTH_A=64,C_WRITE_DEPTH_A=4,C_READ_DEPTH_A=4,C_ADDRA_WIDTH=2,C_INITB_VAL="0",C_HAS_ENB=0,C_WRITE_WIDTH_B=64,C_READ_WIDTH_B=64,C_WRITE_DEPTH_B=4,C_READ_DEPTH_B=4,C_ADDRB_WIDTH=2,C_SIM_COLLISION_CHECK="ALL",C_COMMON_CLK=0) has a timescale but at least one module in design doesn't have timescale.
WARNING: [XSIM 43-4100] "/wrk/ci/prod/2024.2/sw/continuous/3059/packages/customer/vivado/data/ip/xilinx/blk_mem_gen_v8_4/simulation/blk_mem_gen_v8_4.v" Line 1608. Module blk_mem_gen_v8_4_9_output_stage(C_FAMILY="zynq",C_XDEVICEFAMILY="zynq",C_DATA_WIDTH=64,C_ADDRB_WIDTH=2,NUM_STAGES=0) has a timescale but at least one module in design doesn't have timescale.
WARNING: [XSIM 43-4100] "/wrk/ci/prod/2024.2/sw/continuous/3059/packages/customer/vivado/data/ip/xilinx/blk_mem_gen_v8_4/simulation/blk_mem_gen_v8_4.v" Line 1608. Module blk_mem_gen_v8_4_9_output_stage(C_FAMILY="zynq",C_XDEVICEFAMILY="zynq",C_DATA_WIDTH=64,C_ADDRB_WIDTH=2,NUM_STAGES=0) has a timescale but at least one module in design doesn't have timescale.
WARNING: [XSIM 43-4100] "/wrk/ci/prod/2024.2/sw/continuous/3059/packages/customer/vivado/data/ip/xilinx/blk_mem_gen_v8_4/simulation/blk_mem_gen_v8_4.v" Line 1904. Module blk_mem_gen_v8_4_9_softecc_output_reg_stage(C_DATA_WIDTH=64,C_ADDRB_WIDTH=2) has a timescale but at least one module in design doesn't have timescale.
WARNING: [XSIM 43-4100] "C:/Users/eleves/Desktop/ES_FPGA/TP_ASCON/project_ascon/project_ascon.srcs/sim_1/new/top_ascon_tb_2.sv" Line 23. Module top_ascon_tb_2 has a timescale but at least one module in design doesn't have timescale.
WARNING: [XSIM 43-4100] "C:/Users/eleves/Desktop/ES_FPGA/TP_ASCON/project_ascon/project_ascon.srcs/sources_1/new/top_ascon.sv" Line 23. Module top_ascon has a timescale but at least one module in design doesn't have timescale.
WARNING: [XSIM 43-4100] "C:/Users/eleves/Desktop/ES_FPGA/TP_ASCON/project_ascon/project_ascon.srcs/sources_1/imports/RTL/ascon.sv" Line 5. Module ascon has a timescale but at least one module in design doesn't have timescale.
WARNING: [XSIM 43-4100] "C:/Users/eleves/Desktop/ES_FPGA/TP_ASCON/project_ascon/project_ascon.srcs/sources_1/imports/RTL/fsm_moore.sv" Line 4. Module fsm_moore has a timescale but at least one module in design doesn't have timescale.
WARNING: [XSIM 43-4100] "C:/Users/eleves/Desktop/ES_FPGA/TP_ASCON/project_ascon/project_ascon.srcs/sources_1/imports/RTL/compteur_double_init.sv" Line 12. Module compteur_double_init has a timescale but at least one module in design doesn't have timescale.
WARNING: [XSIM 43-4100] "C:/Users/eleves/Desktop/ES_FPGA/TP_ASCON/project_ascon/project_ascon.srcs/sources_1/imports/RTL/mux_state.sv" Line 12. Module mux_state has a timescale but at least one module in design doesn't have timescale.
WARNING: [XSIM 43-4100] "C:/Users/eleves/Desktop/ES_FPGA/TP_ASCON/project_ascon/project_ascon.srcs/sources_1/imports/RTL/xor_begin_perm.sv" Line 12. Module xor_begin_perm has a timescale but at least one module in design doesn't have timescale.
WARNING: [XSIM 43-4100] "C:/Users/eleves/Desktop/ES_FPGA/TP_ASCON/project_ascon/project_ascon.srcs/sources_1/imports/RTL/register_w_en.sv" Line 12. Module register_w_en(nb_bits_g=64) has a timescale but at least one module in design doesn't have timescale.
WARNING: [XSIM 43-4100] "C:/Users/eleves/Desktop/ES_FPGA/TP_ASCON/project_ascon/project_ascon.srcs/sources_1/imports/RTL/xor_end_perm.sv" Line 12. Module xor_end_perm has a timescale but at least one module in design doesn't have timescale.
WARNING: [XSIM 43-4100] "C:/Users/eleves/Desktop/ES_FPGA/TP_ASCON/project_ascon/project_ascon.srcs/sources_1/imports/RTL/state_register_w_en.sv" Line 12. Module state_register_w_en has a timescale but at least one module in design doesn't have timescale.
WARNING: [XSIM 43-4100] "C:/Users/eleves/Desktop/ES_FPGA/TP_ASCON/project_ascon/project_ascon.srcs/sources_1/imports/RTL/register_w_en.sv" Line 12. Module register_w_en(nb_bits_g=128) has a timescale but at least one module in design doesn't have timescale.
WARNING: [XSIM 43-4100] "C:/Users/eleves/Desktop/ES_FPGA/TP_ASCON/project_ascon/project_ascon.srcs/sources_1/new/fsm_top.sv" Line 23. Module fsm_top has a timescale but at least one module in design doesn't have timescale.
WARNING: [XSIM 43-4100] "C:/Users/eleves/Desktop/ES_FPGA/TP_ASCON/project_ascon/project_ascon.gen/sources_1/ip/clk_wiz_0/clk_wiz_0.v" Line 65. Module clk_wiz_0 has a timescale but at least one module in design doesn't have timescale.
WARNING: [XSIM 43-4100] "C:/Users/eleves/Desktop/ES_FPGA/TP_ASCON/project_ascon/project_ascon.gen/sources_1/ip/clk_wiz_0/clk_wiz_0_clk_wiz.v" Line 65. Module clk_wiz_0_clk_wiz has a timescale but at least one module in design doesn't have timescale.
WARNING: [XSIM 43-4100] "/proj/xbuilds/SWIP/2024.2_1107_2045/installs/lin64/Vivado/2024.2/data/verilog/src/unisims/IBUF.v" Line 29. Module IBUF has a timescale but at least one module in design doesn't have timescale.
WARNING: [XSIM 43-4100] "/proj/xbuilds/SWIP/2024.2_1107_2045/installs/lin64/Vivado/2024.2/data/verilog/src/unisims/MMCME2_ADV.v" Line 123. Module MMCME2_ADV(CLKFBOUT_MULT_F=10.0,CLKIN1_PERIOD=10.0,CLKOUT0_DIVIDE_F=10.0) has a timescale but at least one module in design doesn't have timescale.
WARNING: [XSIM 43-4100] "/proj/xbuilds/SWIP/2024.2_1107_2045/installs/lin64/Vivado/2024.2/data/verilog/src/unisims/BUFG.v" Line 27. Module BUFG has a timescale but at least one module in design doesn't have timescale.
WARNING: [XSIM 43-4100] "/proj/xbuilds/SWIP/2024.2_1107_2045/installs/lin64/Vivado/2024.2/data/verilog/src/unisims/BUFG.v" Line 27. Module BUFG has a timescale but at least one module in design doesn't have timescale.
WARNING: [XSIM 43-4100] "C:/Users/eleves/Desktop/ES_FPGA/TP_ASCON/project_ascon/project_ascon.gen/sources_1/ip/blk_mem_gen_0/sim/blk_mem_gen_0.v" Line 55. Module blk_mem_gen_0 has a timescale but at least one module in design doesn't have timescale.
WARNING: [XSIM 43-4100] "/wrk/ci/prod/2024.2/sw/continuous/3059/packages/customer/vivado/data/ip/xilinx/blk_mem_gen_v8_4/simulation/blk_mem_gen_v8_4.v" Line 3457. Module blk_mem_gen_v8_4_9(C_FAMILY="zynq",C_XDEVICEFAMILY="zynq",C_ELABORATION_DIR="./",C_AXI_TYPE=1,C_MEM_TYPE=3,C_PRIM_TYPE=1,C_LOAD_INIT_FILE=1,C_INIT_FILE_NAME="blk_mem_gen_0.mif",C_INIT_FILE="blk_mem_gen_0.mem",C_HAS_ENA=0,C_WRITE_WIDTH_A=64,C_READ_WIDTH_A=64,C_WRITE_DEPTH_A=4,C_READ_DEPTH_A=4,C_ADDRA_WIDTH=2,C_INITB_VAL="0",C_HAS_ENB=0,C_WRITE_WIDTH_B=64,C_READ_WIDTH_B=64,C_WRITE_DEPTH_B=4,C_READ_DEPTH_B=4,C_ADDRB_WIDTH=2,C_SIM_COLLISION_CHECK="ALL",C_COMMON_CLK=0,C_COUNT_36K_BRAM="1",C_COUNT_18K_BRAM="0",C_EST_POWER_SUMMARY="Estimated_Power_for_IP_____:_____6.370399_mW") has a timescale but at least one module in design doesn't have timescale.
WARNING: [XSIM 43-4100] "/wrk/ci/prod/2024.2/sw/continuous/3059/packages/customer/vivado/data/ip/xilinx/blk_mem_gen_v8_4/simulation/blk_mem_gen_v8_4.v" Line 1996. Module blk_mem_gen_v8_4_9_mem_module(C_FAMILY="zynq",C_XDEVICEFAMILY="zynq",C_MEM_TYPE=3,C_PRIM_TYPE=1,C_LOAD_INIT_FILE=1,C_INIT_FILE_NAME="blk_mem_gen_0.mif",C_INIT_FILE="blk_mem_gen_0.mem",C_HAS_ENA=0,C_WRITE_WIDTH_A=64,C_READ_WIDTH_A=64,C_WRITE_DEPTH_A=4,C_READ_DEPTH_A=4,C_ADDRA_WIDTH=2,C_INITB_VAL="0",C_HAS_ENB=0,C_WRITE_WIDTH_B=64,C_READ_WIDTH_B=64,C_WRITE_DEPTH_B=4,C_READ_DEPTH_B=4,C_ADDRB_WIDTH=2,C_SIM_COLLISION_CHECK="ALL",C_COMMON_CLK=0) has a timescale but at least one module in design doesn't have timescale.
WARNING: [XSIM 43-4100] "/wrk/ci/prod/2024.2/sw/continuous/3059/packages/customer/vivado/data/ip/xilinx/blk_mem_gen_v8_4/simulation/blk_mem_gen_v8_4.v" Line 3457. Module blk_mem_gen_v8_4_9 has a timescale but at least one module in design doesn't have timescale.
WARNING: [XSIM 43-4100] "/wrk/ci/prod/2024.2/sw/continuous/3059/packages/customer/vivado/data/ip/xilinx/blk_mem_gen_v8_4/simulation/blk_mem_gen_v8_4.v" Line 3457. Module blk_mem_gen_v8_4_9(C_FAMILY="zynq",C_XDEVICEFAMILY="zynq",C_ELABORATION_DIR="./",C_AXI_TYPE=1,C_MEM_TYPE=3,C_PRIM_TYPE=1,C_LOAD_INIT_FILE=1,C_INIT_FILE_NAME="blk_mem_gen_0.mif",C_INIT_FILE="blk_mem_gen_0.mem",C_HAS_ENA=0,C_WRITE_WIDTH_A=64,C_READ_WIDTH_A=64,C_WRITE_DEPTH_A=4,C_READ_DEPTH_A=4,C_ADDRA_WIDTH=2,C_INITB_VAL="0",C_HAS_ENB=0,C_WRITE_WIDTH_B=64,C_READ_WIDTH_B=64,C_WRITE_DEPTH_B=4,C_READ_DEPTH_B=4,C_ADDRB_WIDTH=2,C_SIM_COLLISION_CHECK="ALL",C_COMMON_CLK=0,C_COUNT_36K_BRAM="1",C_COUNT_18K_BRAM="0",C_EST_POWER_SUMMARY="Estimated_Power_for_IP_____:_____6.370399_mW") has a timescale but at least one module in design doesn't have timescale.
WARNING: [XSIM 43-4100] "/wrk/ci/prod/2024.2/sw/continuous/3059/packages/customer/vivado/data/ip/xilinx/blk_mem_gen_v8_4/simulation/blk_mem_gen_v8_4.v" Line 3457. Module blk_mem_gen_v8_4_9 has a timescale but at least one module in design doesn't have timescale.
WARNING: [XSIM 43-4100] "/wrk/ci/prod/2024.2/sw/continuous/3059/packages/customer/vivado/data/ip/xilinx/blk_mem_gen_v8_4/simulation/blk_mem_gen_v8_4.v" Line 3457. Module blk_mem_gen_v8_4_9(C_FAMILY="zynq",C_XDEVICEFAMILY="zynq",C_ELABORATION_DIR="./",C_AXI_TYPE=1,C_MEM_TYPE=3,C_PRIM_TYPE=1,C_LOAD_INIT_FILE=1,C_INIT_FILE_NAME="blk_mem_gen_0.mif",C_INIT_FILE="blk_mem_gen_0.mem",C_HAS_ENA=0,C_WRITE_WIDTH_A=64,C_READ_WIDTH_A=64,C_WRITE_DEPTH_A=4,C_READ_DEPTH_A=4,C_ADDRA_WIDTH=2,C_INITB_VAL="0",C_HAS_ENB=0,C_WRITE_WIDTH_B=64,C_READ_WIDTH_B=64,C_WRITE_DEPTH_B=4,C_READ_DEPTH_B=4,C_ADDRB_WIDTH=2,C_SIM_COLLISION_CHECK="ALL",C_COMMON_CLK=0,C_COUNT_36K_BRAM="1",C_COUNT_18K_BRAM="0",C_EST_POWER_SUMMARY="Estimated_Power_for_IP_____:_____6.370399_mW") has a timescale but at least one module in design doesn't have timescale.
WARNING: [XSIM 43-4100] "/wrk/ci/prod/2024.2/sw/continuous/3059/packages/customer/vivado/data/ip/xilinx/blk_mem_gen_v8_4/simulation/blk_mem_gen_v8_4.v" Line 3457. Module blk_mem_gen_v8_4_9 has a timescale but at least one module in design doesn't have timescale.
WARNING: [XSIM 43-4100] "/wrk/ci/prod/2024.2/sw/continuous/3059/packages/customer/vivado/data/ip/xilinx/blk_mem_gen_v8_4/simulation/blk_mem_gen_v8_4.v" Line 3457. Module blk_mem_gen_v8_4_9(C_FAMILY="zynq",C_XDEVICEFAMILY="zynq",C_ELABORATION_DIR="./",C_AXI_TYPE=1,C_MEM_TYPE=3,C_PRIM_TYPE=1,C_LOAD_INIT_FILE=1,C_INIT_FILE_NAME="blk_mem_gen_0.mif",C_INIT_FILE="blk_mem_gen_0.mem",C_HAS_ENA=0,C_WRITE_WIDTH_A=64,C_READ_WIDTH_A=64,C_WRITE_DEPTH_A=4,C_READ_DEPTH_A=4,C_ADDRA_WIDTH=2,C_INITB_VAL="0",C_HAS_ENB=0,C_WRITE_WIDTH_B=64,C_READ_WIDTH_B=64,C_WRITE_DEPTH_B=4,C_READ_DEPTH_B=4,C_ADDRB_WIDTH=2,C_SIM_COLLISION_CHECK="ALL",C_COMMON_CLK=0,C_COUNT_36K_BRAM="1",C_COUNT_18K_BRAM="0",C_EST_POWER_SUMMARY="Estimated_Power_for_IP_____:_____6.370399_mW") has a timescale but at least one module in design doesn't have timescale.
WARNING: [XSIM 43-4100] "/wrk/ci/prod/2024.2/sw/continuous/3059/packages/customer/vivado/data/ip/xilinx/blk_mem_gen_v8_4/simulation/blk_mem_gen_v8_4.v" Line 3457. Module blk_mem_gen_v8_4_9 has a timescale but at least one module in design doesn't have timescale.
WARNING: [XSIM 43-4100] "/wrk/ci/prod/2024.2/sw/continuous/3059/packages/customer/vivado/data/ip/xilinx/blk_mem_gen_v8_4/simulation/blk_mem_gen_v8_4.v" Line 3457. Module blk_mem_gen_v8_4_9(C_FAMILY="zynq",C_XDEVICEFAMILY="zynq",C_ELABORATION_DIR="./",C_AXI_TYPE=1,C_MEM_TYPE=3,C_PRIM_TYPE=1,C_LOAD_INIT_FILE=1,C_INIT_FILE_NAME="blk_mem_gen_0.mif",C_INIT_FILE="blk_mem_gen_0.mem",C_HAS_ENA=0,C_WRITE_WIDTH_A=64,C_READ_WIDTH_A=64,C_WRITE_DEPTH_A=4,C_READ_DEPTH_A=4,C_ADDRA_WIDTH=2,C_INITB_VAL="0",C_HAS_ENB=0,C_WRITE_WIDTH_B=64,C_READ_WIDTH_B=64,C_WRITE_DEPTH_B=4,C_READ_DEPTH_B=4,C_ADDRB_WIDTH=2,C_SIM_COLLISION_CHECK="ALL",C_COMMON_CLK=0,C_COUNT_36K_BRAM="1",C_COUNT_18K_BRAM="0",C_EST_POWER_SUMMARY="Estimated_Power_for_IP_____:_____6.370399_mW") has a timescale but at least one module in design doesn't have timescale.
WARNING: [XSIM 43-4100] "/wrk/ci/prod/2024.2/sw/continuous/3059/packages/customer/vivado/data/ip/xilinx/blk_mem_gen_v8_4/simulation/blk_mem_gen_v8_4.v" Line 3457. Module blk_mem_gen_v8_4_9 has a timescale but at least one module in design doesn't have timescale.
WARNING: [XSIM 43-4100] "/wrk/ci/prod/2024.2/sw/continuous/3059/packages/customer/vivado/data/ip/xilinx/blk_mem_gen_v8_4/simulation/blk_mem_gen_v8_4.v" Line 3457. Module blk_mem_gen_v8_4_9(C_FAMILY="zynq",C_XDEVICEFAMILY="zynq",C_ELABORATION_DIR="./",C_AXI_TYPE=1,C_MEM_TYPE=3,C_PRIM_TYPE=1,C_LOAD_INIT_FILE=1,C_INIT_FILE_NAME="blk_mem_gen_0.mif",C_INIT_FILE="blk_mem_gen_0.mem",C_HAS_ENA=0,C_WRITE_WIDTH_A=64,C_READ_WIDTH_A=64,C_WRITE_DEPTH_A=4,C_READ_DEPTH_A=4,C_ADDRA_WIDTH=2,C_INITB_VAL="0",C_HAS_ENB=0,C_WRITE_WIDTH_B=64,C_READ_WIDTH_B=64,C_WRITE_DEPTH_B=4,C_READ_DEPTH_B=4,C_ADDRB_WIDTH=2,C_SIM_COLLISION_CHECK="ALL",C_COMMON_CLK=0,C_COUNT_36K_BRAM="1",C_COUNT_18K_BRAM="0",C_EST_POWER_SUMMARY="Estimated_Power_for_IP_____:_____6.370399_mW") has a timescale but at least one module in design doesn't have timescale.
WARNING: [XSIM 43-4100] "/wrk/ci/prod/2024.2/sw/continuous/3059/packages/customer/vivado/data/ip/xilinx/blk_mem_gen_v8_4/simulation/blk_mem_gen_v8_4.v" Line 3457. Module blk_mem_gen_v8_4_9 has a timescale but at least one module in design doesn't have timescale.
WARNING: [XSIM 43-4100] "/wrk/ci/prod/2024.2/sw/continuous/3059/packages/customer/vivado/data/ip/xilinx/blk_mem_gen_v8_4/simulation/blk_mem_gen_v8_4.v" Line 3457. Module blk_mem_gen_v8_4_9(C_FAMILY="zynq",C_XDEVICEFAMILY="zynq",C_ELABORATION_DIR="./",C_AXI_TYPE=1,C_MEM_TYPE=3,C_PRIM_TYPE=1,C_LOAD_INIT_FILE=1,C_INIT_FILE_NAME="blk_mem_gen_0.mif",C_INIT_FILE="blk_mem_gen_0.mem",C_HAS_ENA=0,C_WRITE_WIDTH_A=64,C_READ_WIDTH_A=64,C_WRITE_DEPTH_A=4,C_READ_DEPTH_A=4,C_ADDRA_WIDTH=2,C_INITB_VAL="0",C_HAS_ENB=0,C_WRITE_WIDTH_B=64,C_READ_WIDTH_B=64,C_WRITE_DEPTH_B=4,C_READ_DEPTH_B=4,C_ADDRB_WIDTH=2,C_SIM_COLLISION_CHECK="ALL",C_COMMON_CLK=0,C_COUNT_36K_BRAM="1",C_COUNT_18K_BRAM="0",C_EST_POWER_SUMMARY="Estimated_Power_for_IP_____:_____6.370399_mW") has a timescale but at least one module in design doesn't have timescale.
WARNING: [XSIM 43-4100] "/wrk/ci/prod/2024.2/sw/continuous/3059/packages/customer/vivado/data/ip/xilinx/blk_mem_gen_v8_4/simulation/blk_mem_gen_v8_4.v" Line 1608. Module blk_mem_gen_v8_4_9_output_stage(C_FAMILY="zynq",C_XDEVICEFAMILY="zynq",C_DATA_WIDTH=64,C_ADDRB_WIDTH=2,NUM_STAGES=0) has a timescale but at least one module in design doesn't have timescale.
WARNING: [XSIM 43-4100] "/wrk/ci/prod/2024.2/sw/continuous/3059/packages/customer/vivado/data/ip/xilinx/blk_mem_gen_v8_4/simulation/blk_mem_gen_v8_4.v" Line 1608. Module blk_mem_gen_v8_4_9_output_stage(C_FAMILY="zynq",C_XDEVICEFAMILY="zynq",C_DATA_WIDTH=64,C_ADDRB_WIDTH=2,NUM_STAGES=0) has a timescale but at least one module in design doesn't have timescale.
WARNING: [XSIM 43-4100] "/wrk/ci/prod/2024.2/sw/continuous/3059/packages/customer/vivado/data/ip/xilinx/blk_mem_gen_v8_4/simulation/blk_mem_gen_v8_4.v" Line 1904. Module blk_mem_gen_v8_4_9_softecc_output_reg_stage(C_DATA_WIDTH=64,C_ADDRB_WIDTH=2) has a timescale but at least one module in design doesn't have timescale.
WARNING: [XSIM 43-4100] "C:/Users/eleves/Desktop/ES_FPGA/TP_ASCON/project_ascon/project_ascon.sim/sim_1/behav/xsim/glbl.v" Line 6. Module glbl has a timescale but at least one module in design doesn't have timescale.
WARNING: [XSIM 43-4100] "C:/Users/eleves/Desktop/ES_FPGA/TP_ASCON/project_ascon/project_ascon.sim/sim_1/behav/xsim/glbl.v" Line 6. Module glbl has a timescale but at least one module in design doesn't have timescale.
Completed simulation data flow analysis
Time Resolution for simulation is 1ps
Compiling package xil_defaultlib.ascon_pack
Compiling module xil_defaultlib.fsm_moore
Compiling module xil_defaultlib.compteur_double_init
Compiling module xil_defaultlib.mux_state
Compiling module xil_defaultlib.xor_begin_perm
Compiling module xil_defaultlib.register_w_en(nb_bits_g=64)
Compiling module xil_defaultlib.Pc
Compiling module xil_defaultlib.sbox
Compiling module xil_defaultlib.Ps_default
Compiling module xil_defaultlib.Pl
Compiling module xil_defaultlib.xor_end_perm
Compiling module xil_defaultlib.state_register_w_en
Compiling module xil_defaultlib.register_w_en(nb_bits_g=128)
Compiling module xil_defaultlib.Permutation
Compiling module xil_defaultlib.ascon
Compiling module xil_defaultlib.fsm_top
Compiling module unisims_ver.IBUF
Compiling module unisims_ver.MMCME2_ADV(CLKFBOUT_MULT_F=10.0,...
Compiling module unisims_ver.BUFG
Compiling module xil_defaultlib.clk_wiz_0_clk_wiz
Compiling module xil_defaultlib.clk_wiz_0
Compiling module blk_mem_gen_v8_4_9.blk_mem_gen_v8_4_9_output_stage(...
Compiling module blk_mem_gen_v8_4_9.blk_mem_gen_v8_4_9_softecc_outpu...
Compiling module blk_mem_gen_v8_4_9.blk_mem_gen_v8_4_9_mem_module(C_...
Compiling module blk_mem_gen_v8_4_9.blk_mem_gen_v8_4_9(C_FAMILY="zyn...
Compiling module xil_defaultlib.blk_mem_gen_0
Compiling module xil_defaultlib.top_ascon
Compiling module xil_defaultlib.top_ascon_tb_2
Compiling module xil_defaultlib.glbl
Built simulation snapshot top_ascon_tb_2_behav
run_program: Time (s): cpu = 00:00:01 ; elapsed = 00:00:12 . Memory (MB): peak = 2716.094 ; gain = 0.000
INFO: [USF-XSim-69] 'elaborate' step finished in '12' seconds
INFO: [USF-XSim-4] XSim::Simulate design
INFO: [USF-XSim-61] Executing 'SIMULATE' step in 'C:/Users/eleves/Desktop/ES_FPGA/TP_ASCON/project_ascon/project_ascon.sim/sim_1/behav/xsim'
INFO: [USF-XSim-98] *** Running xsim
   with args "top_ascon_tb_2_behav -key {Behavioral:sim_1:Functional:top_ascon_tb_2} -tclbatch {top_ascon_tb_2.tcl} -log {simulate.log}"
INFO: [USF-XSim-8] Loading simulator feature
Time resolution is 1 ps
source top_ascon_tb_2.tcl
# set curr_wave [current_wave_config]
# if { [string length $curr_wave] == 0 } {
#   if { [llength [get_objects]] > 0} {
#     add_wave /
#     set_property needs_save false [current_wave_config]
#   } else {
#      send_msg_id Add_Wave-1 WARNING "No top level signals found. Simulator will start without a wave window. If you want to open a wave window go to 'File->New Waveform Configuration' or type 'create_wave_config' in the TCL console."
#   }
# }
# run 1000ns
 Block Memory Generator module loading initial data...
 Block Memory Generator data initialization complete.
Block Memory Generator module top_ascon_tb_2.DUT.memory_rom.inst.native_mem_module.blk_mem_gen_v8_4_9_inst is using a behavioral model for simulation which will not precisely model memory collision behavior.
INFO: [USF-XSim-96] XSim completed. Design snapshot 'top_ascon_tb_2_behav' loaded.
INFO: [USF-XSim-97] XSim simulation ran for 1000ns
launch_simulation: Time (s): cpu = 00:00:06 ; elapsed = 00:00:17 . Memory (MB): peak = 2718.520 ; gain = 2.426
restart
INFO: [Wavedata 42-604] Simulation restarted
run 10 us
 Block Memory Generator module loading initial data...
 Block Memory Generator data initialization complete.
Block Memory Generator module top_ascon_tb_2.DUT.memory_rom.inst.native_mem_module.blk_mem_gen_v8_4_9_inst is using a behavioral model for simulation which will not precisely model memory collision behavior.
restart
INFO: [Wavedata 42-604] Simulation restarted
run 10 us
 Block Memory Generator module loading initial data...
 Block Memory Generator data initialization complete.
Block Memory Generator module top_ascon_tb_2.DUT.memory_rom.inst.native_mem_module.blk_mem_gen_v8_4_9_inst is using a behavioral model for simulation which will not precisely model memory collision behavior.
WARNING: [filemgmt 56-199] Attempt to get parsing info during refresh. "On-the-fly" syntax checking information may be incorrect. [C:\Users\eleves\Desktop\ES_FPGA\TP_ASCON\project_ascon\project_ascon.srcs\sources_1\new\top_ascon.sv:]
WARNING: [filemgmt 56-199] Attempt to get parsing info during refresh. "On-the-fly" syntax checking information may be incorrect. [C:\Users\eleves\Desktop\ES_FPGA\TP_ASCON\project_ascon\project_ascon.srcs\sim_1\new\top_ascon_tb_2.sv:]
WARNING: [filemgmt 56-199] Attempt to get parsing info during refresh. "On-the-fly" syntax checking information may be incorrect. [C:\Users\eleves\Desktop\ES_FPGA\TP_ASCON\project_ascon\project_ascon.srcs\sources_1\new\fsm_top.sv:]
WARNING: [filemgmt 56-199] Attempt to get parsing info during refresh. "On-the-fly" syntax checking information may be incorrect. [C:\Users\eleves\Desktop\ES_FPGA\TP_ASCON\project_ascon\project_ascon.srcs\sources_1\new\fsm_top.sv:]
WARNING: [filemgmt 56-199] Attempt to get parsing info during refresh. "On-the-fly" syntax checking information may be incorrect. [C:\Users\eleves\Desktop\ES_FPGA\TP_ASCON\project_ascon\project_ascon.srcs\sources_1\new\fsm_top.sv:]
WARNING: [filemgmt 56-199] Attempt to get parsing info during refresh. "On-the-fly" syntax checking information may be incorrect. [C:\Users\eleves\Desktop\ES_FPGA\TP_ASCON\project_ascon\project_ascon.srcs\sources_1\new\top_ascon.sv:]
WARNING: [filemgmt 56-199] Attempt to get parsing info during refresh. "On-the-fly" syntax checking information may be incorrect. [C:\Users\eleves\Desktop\ES_FPGA\TP_ASCON\project_ascon\project_ascon.srcs\sim_1\new\top_ascon_tb_2.sv:]
WARNING: [filemgmt 56-199] Attempt to get parsing info during refresh. "On-the-fly" syntax checking information may be incorrect. [C:\Users\eleves\Desktop\ES_FPGA\TP_ASCON\project_ascon\project_ascon.srcs\sources_1\new\fsm_top.sv:]
WARNING: [filemgmt 56-199] Attempt to get parsing info during refresh. "On-the-fly" syntax checking information may be incorrect. [C:\Users\eleves\Desktop\ES_FPGA\TP_ASCON\project_ascon\project_ascon.srcs\sim_1\new\top_ascon_tb_2.sv:]
WARNING: [filemgmt 56-199] Attempt to get parsing info during refresh. "On-the-fly" syntax checking information may be incorrect. [C:\Users\eleves\Desktop\ES_FPGA\TP_ASCON\project_ascon\project_ascon.srcs\sim_1\new\top_ascon_tb_2.sv:]
restart
INFO: [Wavedata 42-604] Simulation restarted
run 10 us
 Block Memory Generator module loading initial data...
 Block Memory Generator data initialization complete.
Block Memory Generator module top_ascon_tb_2.DUT.memory_rom.inst.native_mem_module.blk_mem_gen_v8_4_9_inst is using a behavioral model for simulation which will not precisely model memory collision behavior.
WARNING: [filemgmt 56-199] Attempt to get parsing info during refresh. "On-the-fly" syntax checking information may be incorrect. [C:\Users\eleves\Desktop\ES_FPGA\TP_ASCON\project_ascon\project_ascon.srcs\sources_1\new\top_ascon.sv:]
WARNING: [filemgmt 56-199] Attempt to get parsing info during refresh. "On-the-fly" syntax checking information may be incorrect. [C:\Users\eleves\Desktop\ES_FPGA\TP_ASCON\project_ascon\project_ascon.srcs\sim_1\new\top_ascon_tb_2.sv:]
WARNING: [filemgmt 56-199] Attempt to get parsing info during refresh. "On-the-fly" syntax checking information may be incorrect. [C:\Users\eleves\Desktop\ES_FPGA\TP_ASCON\project_ascon\project_ascon.srcs\sources_1\new\fsm_top.sv:]
WARNING: [filemgmt 56-199] Attempt to get parsing info during refresh. "On-the-fly" syntax checking information may be incorrect. [C:\Users\eleves\Desktop\ES_FPGA\TP_ASCON\project_ascon\project_ascon.srcs\sources_1\new\fsm_top.sv:]
WARNING: [filemgmt 56-199] Attempt to get parsing info during refresh. "On-the-fly" syntax checking information may be incorrect. [C:\Users\eleves\Desktop\ES_FPGA\TP_ASCON\project_ascon\project_ascon.srcs\sources_1\new\fsm_top.sv:]
WARNING: [filemgmt 56-199] Attempt to get parsing info during refresh. "On-the-fly" syntax checking information may be incorrect. [C:\Users\eleves\Desktop\ES_FPGA\TP_ASCON\project_ascon\project_ascon.srcs\sources_1\new\top_ascon.sv:]
WARNING: [filemgmt 56-199] Attempt to get parsing info during refresh. "On-the-fly" syntax checking information may be incorrect. [C:\Users\eleves\Desktop\ES_FPGA\TP_ASCON\project_ascon\project_ascon.srcs\sim_1\new\top_ascon_tb_2.sv:]
WARNING: [filemgmt 56-199] Attempt to get parsing info during refresh. "On-the-fly" syntax checking information may be incorrect. [C:\Users\eleves\Desktop\ES_FPGA\TP_ASCON\project_ascon\project_ascon.srcs\sources_1\new\fsm_top.sv:]
WARNING: [filemgmt 56-199] Attempt to get parsing info during refresh. "On-the-fly" syntax checking information may be incorrect. [C:\Users\eleves\Desktop\ES_FPGA\TP_ASCON\project_ascon\project_ascon.srcs\sim_1\new\top_ascon_tb_2.sv:]
WARNING: [filemgmt 56-199] Attempt to get parsing info during refresh. "On-the-fly" syntax checking information may be incorrect. [C:\Users\eleves\Desktop\ES_FPGA\TP_ASCON\project_ascon\project_ascon.srcs\sim_1\new\top_ascon_tb_2.sv:]
WARNING: [filemgmt 56-199] Attempt to get parsing info during refresh. "On-the-fly" syntax checking information may be incorrect. [C:\Users\eleves\Desktop\ES_FPGA\TP_ASCON\project_ascon\project_ascon.srcs\sources_1\new\top_ascon.sv:]
WARNING: [filemgmt 56-199] Attempt to get parsing info during refresh. "On-the-fly" syntax checking information may be incorrect. [C:\Users\eleves\Desktop\ES_FPGA\TP_ASCON\project_ascon\project_ascon.srcs\sim_1\new\top_ascon_tb_2.sv:]
WARNING: [filemgmt 56-199] Attempt to get parsing info during refresh. "On-the-fly" syntax checking information may be incorrect. [C:\Users\eleves\Desktop\ES_FPGA\TP_ASCON\project_ascon\project_ascon.srcs\sources_1\new\fsm_top.sv:]
WARNING: [filemgmt 56-199] Attempt to get parsing info during refresh. "On-the-fly" syntax checking information may be incorrect. [C:\Users\eleves\Desktop\ES_FPGA\TP_ASCON\project_ascon\project_ascon.srcs\sources_1\new\fsm_top.sv:]
WARNING: [filemgmt 56-199] Attempt to get parsing info during refresh. "On-the-fly" syntax checking information may be incorrect. [C:\Users\eleves\Desktop\ES_FPGA\TP_ASCON\project_ascon\project_ascon.srcs\sources_1\new\fsm_top.sv:]
WARNING: [filemgmt 56-199] Attempt to get parsing info during refresh. "On-the-fly" syntax checking information may be incorrect. [C:\Users\eleves\Desktop\ES_FPGA\TP_ASCON\project_ascon\project_ascon.srcs\sources_1\new\top_ascon.sv:]
WARNING: [filemgmt 56-199] Attempt to get parsing info during refresh. "On-the-fly" syntax checking information may be incorrect. [C:\Users\eleves\Desktop\ES_FPGA\TP_ASCON\project_ascon\project_ascon.srcs\sim_1\new\top_ascon_tb_2.sv:]
WARNING: [filemgmt 56-199] Attempt to get parsing info during refresh. "On-the-fly" syntax checking information may be incorrect. [C:\Users\eleves\Desktop\ES_FPGA\TP_ASCON\project_ascon\project_ascon.srcs\sources_1\new\fsm_top.sv:]
WARNING: [filemgmt 56-199] Attempt to get parsing info during refresh. "On-the-fly" syntax checking information may be incorrect. [C:\Users\eleves\Desktop\ES_FPGA\TP_ASCON\project_ascon\project_ascon.srcs\sim_1\new\top_ascon_tb_2.sv:]
WARNING: [filemgmt 56-199] Attempt to get parsing info during refresh. "On-the-fly" syntax checking information may be incorrect. [C:\Users\eleves\Desktop\ES_FPGA\TP_ASCON\project_ascon\project_ascon.srcs\sim_1\new\top_ascon_tb_2.sv:]
restart
INFO: [Wavedata 42-604] Simulation restarted
run 10 us
 Block Memory Generator module loading initial data...
 Block Memory Generator data initialization complete.
Block Memory Generator module top_ascon_tb_2.DUT.memory_rom.inst.native_mem_module.blk_mem_gen_v8_4_9_inst is using a behavioral model for simulation which will not precisely model memory collision behavior.
relaunch_sim
Command: launch_simulation -step compile -simset sim_1 -mode behavioral
INFO: [Vivado 12-12493] Simulation top is 'top_ascon_tb_2'
WARNING: [Vivado 12-13340] Unable to auto find GCC executables from simulator install path! (path not set)
INFO: [Vivado 12-5698] Checking validity of IPs in the design for the 'XSim' simulator...
INFO: [Vivado 12-5682] Launching behavioral simulation in 'C:/Users/eleves/Desktop/ES_FPGA/TP_ASCON/project_ascon/project_ascon.sim/sim_1/behav/xsim'
INFO: [Vivado 12-4795] Using compiled simulation libraries for IPs
INFO: [SIM-utils-51] Simulation object is 'sim_1'
INFO: [SIM-utils-72] Using boost library from 'C:/Xilinx/Vivado/2024.2/tps/boost_1_72_0'
INFO: [USF-XSim-7] Finding pre-compiled libraries...
INFO: [USF-XSim-11] File 'C:/Xilinx/Vivado/2024.2/data/xsim/xsim.ini' copied to run dir:'C:/Users/eleves/Desktop/ES_FPGA/TP_ASCON/project_ascon/project_ascon.sim/sim_1/behav/xsim'
INFO: [SIM-utils-54] Inspecting design source files for 'top_ascon_tb_2' in fileset 'sim_1'...
INFO: [SIM-utils-43] Exported 'C:/Users/eleves/Desktop/ES_FPGA/TP_ASCON/project_ascon/project_ascon.sim/sim_1/behav/xsim/blk_mem_gen_0.mif'
INFO: [SIM-utils-43] Exported 'C:/Users/eleves/Desktop/ES_FPGA/TP_ASCON/project_ascon/project_ascon.sim/sim_1/behav/xsim/donnees.coe'
INFO: [USF-XSim-97] Finding global include files...
INFO: [USF-XSim-98] Fetching design files from 'sim_1'...
INFO: [USF-XSim-2] XSim::Compile design
INFO: [USF-XSim-61] Executing 'COMPILE and ANALYZE' step in 'C:/Users/eleves/Desktop/ES_FPGA/TP_ASCON/project_ascon/project_ascon.sim/sim_1/behav/xsim'
"xvlog --incr --relax -L uvm -prj top_ascon_tb_2_vlog.prj"
INFO: [VRFC 10-2263] Analyzing SystemVerilog file "C:/Users/eleves/Desktop/ES_FPGA/TP_ASCON/project_ascon/project_ascon.srcs/sim_1/new/top_ascon_tb_2.sv" into library xil_defaultlib
INFO: [VRFC 10-311] analyzing module top_ascon_tb_2
INFO: [USF-XSim-69] 'compile' step finished in '2' seconds
Command: launch_simulation -step elaborate -simset sim_1 -mode behavioral
INFO: [Vivado 12-12493] Simulation top is 'top_ascon_tb_2'
WARNING: [Vivado 12-13340] Unable to auto find GCC executables from simulator install path! (path not set)
INFO: [Vivado 12-5698] Checking validity of IPs in the design for the 'XSim' simulator...
INFO: [Vivado 12-5682] Launching behavioral simulation in 'C:/Users/eleves/Desktop/ES_FPGA/TP_ASCON/project_ascon/project_ascon.sim/sim_1/behav/xsim'
INFO: [Vivado 12-4795] Using compiled simulation libraries for IPs
INFO: [SIM-utils-51] Simulation object is 'sim_1'
INFO: [USF-XSim-3] XSim::Elaborate design
INFO: [USF-XSim-61] Executing 'ELABORATE' step in 'C:/Users/eleves/Desktop/ES_FPGA/TP_ASCON/project_ascon/project_ascon.sim/sim_1/behav/xsim'
"xelab --incr --debug typical --relax --mt 2 -L xil_defaultlib -L blk_mem_gen_v8_4_9 -L uvm -L unisims_ver -L unimacro_ver -L secureip -L xpm --snapshot top_ascon_tb_2_behav xil_defaultlib.top_ascon_tb_2 xil_defaultlib.glbl -log elaborate.log"
Vivado Simulator v2024.2.0
Copyright 1986-2022 Xilinx, Inc. All Rights Reserved.
Copyright 2022-2024 Advanced Micro Devices, Inc. All Rights Reserved.
Running: C:/Xilinx/Vivado/2024.2/bin/unwrapped/win64.o/xelab.exe --incr --debug typical --relax --mt 2 -L xil_defaultlib -L blk_mem_gen_v8_4_9 -L uvm -L unisims_ver -L unimacro_ver -L secureip -L xpm --snapshot top_ascon_tb_2_behav xil_defaultlib.top_ascon_tb_2 xil_defaultlib.glbl -log elaborate.log 
Using 2 slave threads.
Starting static elaboration
Pass Through NonSizing Optimizer
WARNING: [VRFC 10-3091] actual bit length 8 differs from formal bit length 4 for port 'mux2_i' [C:/Users/eleves/Desktop/ES_FPGA/TP_ASCON/project_ascon/project_ascon.srcs/sim_1/new/top_ascon_tb_2.sv:38]
WARNING: [VRFC 10-3823] variable 'affichage_s' might have multiple concurrent drivers [C:/Users/eleves/Desktop/ES_FPGA/TP_ASCON/project_ascon/project_ascon.srcs/sim_1/new/top_ascon_tb_2.sv:48]
Completed static elaboration
Starting simulation data flow analysis
WARNING: [XSIM 43-4100] "C:/Users/eleves/Desktop/ES_FPGA/TP_ASCON/project_ascon/project_ascon.srcs/sim_1/new/top_ascon_tb_2.sv" Line 23. Module top_ascon_tb_2 has a timescale but at least one module in design doesn't have timescale.
WARNING: [XSIM 43-4100] "C:/Users/eleves/Desktop/ES_FPGA/TP_ASCON/project_ascon/project_ascon.srcs/sources_1/new/top_ascon.sv" Line 23. Module top_ascon has a timescale but at least one module in design doesn't have timescale.
WARNING: [XSIM 43-4100] "C:/Users/eleves/Desktop/ES_FPGA/TP_ASCON/project_ascon/project_ascon.srcs/sources_1/imports/RTL/ascon.sv" Line 5. Module ascon has a timescale but at least one module in design doesn't have timescale.
WARNING: [XSIM 43-4100] "C:/Users/eleves/Desktop/ES_FPGA/TP_ASCON/project_ascon/project_ascon.srcs/sources_1/imports/RTL/fsm_moore.sv" Line 4. Module fsm_moore has a timescale but at least one module in design doesn't have timescale.
WARNING: [XSIM 43-4100] "C:/Users/eleves/Desktop/ES_FPGA/TP_ASCON/project_ascon/project_ascon.srcs/sources_1/imports/RTL/compteur_double_init.sv" Line 12. Module compteur_double_init has a timescale but at least one module in design doesn't have timescale.
WARNING: [XSIM 43-4100] "C:/Users/eleves/Desktop/ES_FPGA/TP_ASCON/project_ascon/project_ascon.srcs/sources_1/imports/RTL/mux_state.sv" Line 12. Module mux_state has a timescale but at least one module in design doesn't have timescale.
WARNING: [XSIM 43-4100] "C:/Users/eleves/Desktop/ES_FPGA/TP_ASCON/project_ascon/project_ascon.srcs/sources_1/imports/RTL/xor_begin_perm.sv" Line 12. Module xor_begin_perm has a timescale but at least one module in design doesn't have timescale.
WARNING: [XSIM 43-4100] "C:/Users/eleves/Desktop/ES_FPGA/TP_ASCON/project_ascon/project_ascon.srcs/sources_1/imports/RTL/register_w_en.sv" Line 12. Module register_w_en(nb_bits_g=64) has a timescale but at least one module in design doesn't have timescale.
WARNING: [XSIM 43-4100] "C:/Users/eleves/Desktop/ES_FPGA/TP_ASCON/project_ascon/project_ascon.srcs/sources_1/imports/RTL/xor_end_perm.sv" Line 12. Module xor_end_perm has a timescale but at least one module in design doesn't have timescale.
WARNING: [XSIM 43-4100] "C:/Users/eleves/Desktop/ES_FPGA/TP_ASCON/project_ascon/project_ascon.srcs/sources_1/imports/RTL/state_register_w_en.sv" Line 12. Module state_register_w_en has a timescale but at least one module in design doesn't have timescale.
WARNING: [XSIM 43-4100] "C:/Users/eleves/Desktop/ES_FPGA/TP_ASCON/project_ascon/project_ascon.srcs/sources_1/imports/RTL/register_w_en.sv" Line 12. Module register_w_en(nb_bits_g=128) has a timescale but at least one module in design doesn't have timescale.
WARNING: [XSIM 43-4100] "C:/Users/eleves/Desktop/ES_FPGA/TP_ASCON/project_ascon/project_ascon.srcs/sources_1/new/fsm_top.sv" Line 23. Module fsm_top has a timescale but at least one module in design doesn't have timescale.
WARNING: [XSIM 43-4100] "C:/Users/eleves/Desktop/ES_FPGA/TP_ASCON/project_ascon/project_ascon.gen/sources_1/ip/clk_wiz_0/clk_wiz_0.v" Line 65. Module clk_wiz_0 has a timescale but at least one module in design doesn't have timescale.
WARNING: [XSIM 43-4100] "C:/Users/eleves/Desktop/ES_FPGA/TP_ASCON/project_ascon/project_ascon.gen/sources_1/ip/clk_wiz_0/clk_wiz_0_clk_wiz.v" Line 65. Module clk_wiz_0_clk_wiz has a timescale but at least one module in design doesn't have timescale.
WARNING: [XSIM 43-4100] "/proj/xbuilds/SWIP/2024.2_1107_2045/installs/lin64/Vivado/2024.2/data/verilog/src/unisims/IBUF.v" Line 29. Module IBUF has a timescale but at least one module in design doesn't have timescale.
WARNING: [XSIM 43-4100] "/proj/xbuilds/SWIP/2024.2_1107_2045/installs/lin64/Vivado/2024.2/data/verilog/src/unisims/MMCME2_ADV.v" Line 123. Module MMCME2_ADV(CLKFBOUT_MULT_F=10.0,CLKIN1_PERIOD=10.0,CLKOUT0_DIVIDE_F=10.0) has a timescale but at least one module in design doesn't have timescale.
WARNING: [XSIM 43-4100] "/proj/xbuilds/SWIP/2024.2_1107_2045/installs/lin64/Vivado/2024.2/data/verilog/src/unisims/BUFG.v" Line 27. Module BUFG has a timescale but at least one module in design doesn't have timescale.
WARNING: [XSIM 43-4100] "/proj/xbuilds/SWIP/2024.2_1107_2045/installs/lin64/Vivado/2024.2/data/verilog/src/unisims/BUFG.v" Line 27. Module BUFG has a timescale but at least one module in design doesn't have timescale.
WARNING: [XSIM 43-4100] "C:/Users/eleves/Desktop/ES_FPGA/TP_ASCON/project_ascon/project_ascon.gen/sources_1/ip/blk_mem_gen_0/sim/blk_mem_gen_0.v" Line 55. Module blk_mem_gen_0 has a timescale but at least one module in design doesn't have timescale.
WARNING: [XSIM 43-4100] "/wrk/ci/prod/2024.2/sw/continuous/3059/packages/customer/vivado/data/ip/xilinx/blk_mem_gen_v8_4/simulation/blk_mem_gen_v8_4.v" Line 3457. Module blk_mem_gen_v8_4_9(C_FAMILY="zynq",C_XDEVICEFAMILY="zynq",C_ELABORATION_DIR="./",C_AXI_TYPE=1,C_MEM_TYPE=3,C_PRIM_TYPE=1,C_LOAD_INIT_FILE=1,C_INIT_FILE_NAME="blk_mem_gen_0.mif",C_INIT_FILE="blk_mem_gen_0.mem",C_HAS_ENA=0,C_WRITE_WIDTH_A=64,C_READ_WIDTH_A=64,C_WRITE_DEPTH_A=4,C_READ_DEPTH_A=4,C_ADDRA_WIDTH=2,C_INITB_VAL="0",C_HAS_ENB=0,C_WRITE_WIDTH_B=64,C_READ_WIDTH_B=64,C_WRITE_DEPTH_B=4,C_READ_DEPTH_B=4,C_ADDRB_WIDTH=2,C_SIM_COLLISION_CHECK="ALL",C_COMMON_CLK=0,C_COUNT_36K_BRAM="1",C_COUNT_18K_BRAM="0",C_EST_POWER_SUMMARY="Estimated_Power_for_IP_____:_____6.370399_mW") has a timescale but at least one module in design doesn't have timescale.
WARNING: [XSIM 43-4100] "/wrk/ci/prod/2024.2/sw/continuous/3059/packages/customer/vivado/data/ip/xilinx/blk_mem_gen_v8_4/simulation/blk_mem_gen_v8_4.v" Line 1996. Module blk_mem_gen_v8_4_9_mem_module(C_FAMILY="zynq",C_XDEVICEFAMILY="zynq",C_MEM_TYPE=3,C_PRIM_TYPE=1,C_LOAD_INIT_FILE=1,C_INIT_FILE_NAME="blk_mem_gen_0.mif",C_INIT_FILE="blk_mem_gen_0.mem",C_HAS_ENA=0,C_WRITE_WIDTH_A=64,C_READ_WIDTH_A=64,C_WRITE_DEPTH_A=4,C_READ_DEPTH_A=4,C_ADDRA_WIDTH=2,C_INITB_VAL="0",C_HAS_ENB=0,C_WRITE_WIDTH_B=64,C_READ_WIDTH_B=64,C_WRITE_DEPTH_B=4,C_READ_DEPTH_B=4,C_ADDRB_WIDTH=2,C_SIM_COLLISION_CHECK="ALL",C_COMMON_CLK=0) has a timescale but at least one module in design doesn't have timescale.
WARNING: [XSIM 43-4100] "/wrk/ci/prod/2024.2/sw/continuous/3059/packages/customer/vivado/data/ip/xilinx/blk_mem_gen_v8_4/simulation/blk_mem_gen_v8_4.v" Line 1608. Module blk_mem_gen_v8_4_9_output_stage(C_FAMILY="zynq",C_XDEVICEFAMILY="zynq",C_DATA_WIDTH=64,C_ADDRB_WIDTH=2,NUM_STAGES=0) has a timescale but at least one module in design doesn't have timescale.
WARNING: [XSIM 43-4100] "/wrk/ci/prod/2024.2/sw/continuous/3059/packages/customer/vivado/data/ip/xilinx/blk_mem_gen_v8_4/simulation/blk_mem_gen_v8_4.v" Line 1608. Module blk_mem_gen_v8_4_9_output_stage(C_FAMILY="zynq",C_XDEVICEFAMILY="zynq",C_DATA_WIDTH=64,C_ADDRB_WIDTH=2,NUM_STAGES=0) has a timescale but at least one module in design doesn't have timescale.
WARNING: [XSIM 43-4100] "/wrk/ci/prod/2024.2/sw/continuous/3059/packages/customer/vivado/data/ip/xilinx/blk_mem_gen_v8_4/simulation/blk_mem_gen_v8_4.v" Line 1904. Module blk_mem_gen_v8_4_9_softecc_output_reg_stage(C_DATA_WIDTH=64,C_ADDRB_WIDTH=2) has a timescale but at least one module in design doesn't have timescale.
WARNING: [XSIM 43-4100] "C:/Users/eleves/Desktop/ES_FPGA/TP_ASCON/project_ascon/project_ascon.srcs/sim_1/new/top_ascon_tb_2.sv" Line 23. Module top_ascon_tb_2 has a timescale but at least one module in design doesn't have timescale.
WARNING: [XSIM 43-4100] "C:/Users/eleves/Desktop/ES_FPGA/TP_ASCON/project_ascon/project_ascon.srcs/sources_1/new/top_ascon.sv" Line 23. Module top_ascon has a timescale but at least one module in design doesn't have timescale.
WARNING: [XSIM 43-4100] "C:/Users/eleves/Desktop/ES_FPGA/TP_ASCON/project_ascon/project_ascon.srcs/sources_1/imports/RTL/ascon.sv" Line 5. Module ascon has a timescale but at least one module in design doesn't have timescale.
WARNING: [XSIM 43-4100] "C:/Users/eleves/Desktop/ES_FPGA/TP_ASCON/project_ascon/project_ascon.srcs/sources_1/imports/RTL/fsm_moore.sv" Line 4. Module fsm_moore has a timescale but at least one module in design doesn't have timescale.
WARNING: [XSIM 43-4100] "C:/Users/eleves/Desktop/ES_FPGA/TP_ASCON/project_ascon/project_ascon.srcs/sources_1/imports/RTL/compteur_double_init.sv" Line 12. Module compteur_double_init has a timescale but at least one module in design doesn't have timescale.
WARNING: [XSIM 43-4100] "C:/Users/eleves/Desktop/ES_FPGA/TP_ASCON/project_ascon/project_ascon.srcs/sources_1/imports/RTL/mux_state.sv" Line 12. Module mux_state has a timescale but at least one module in design doesn't have timescale.
WARNING: [XSIM 43-4100] "C:/Users/eleves/Desktop/ES_FPGA/TP_ASCON/project_ascon/project_ascon.srcs/sources_1/imports/RTL/xor_begin_perm.sv" Line 12. Module xor_begin_perm has a timescale but at least one module in design doesn't have timescale.
WARNING: [XSIM 43-4100] "C:/Users/eleves/Desktop/ES_FPGA/TP_ASCON/project_ascon/project_ascon.srcs/sources_1/imports/RTL/register_w_en.sv" Line 12. Module register_w_en(nb_bits_g=64) has a timescale but at least one module in design doesn't have timescale.
WARNING: [XSIM 43-4100] "C:/Users/eleves/Desktop/ES_FPGA/TP_ASCON/project_ascon/project_ascon.srcs/sources_1/imports/RTL/xor_end_perm.sv" Line 12. Module xor_end_perm has a timescale but at least one module in design doesn't have timescale.
WARNING: [XSIM 43-4100] "C:/Users/eleves/Desktop/ES_FPGA/TP_ASCON/project_ascon/project_ascon.srcs/sources_1/imports/RTL/state_register_w_en.sv" Line 12. Module state_register_w_en has a timescale but at least one module in design doesn't have timescale.
WARNING: [XSIM 43-4100] "C:/Users/eleves/Desktop/ES_FPGA/TP_ASCON/project_ascon/project_ascon.srcs/sources_1/imports/RTL/register_w_en.sv" Line 12. Module register_w_en(nb_bits_g=128) has a timescale but at least one module in design doesn't have timescale.
WARNING: [XSIM 43-4100] "C:/Users/eleves/Desktop/ES_FPGA/TP_ASCON/project_ascon/project_ascon.srcs/sources_1/new/fsm_top.sv" Line 23. Module fsm_top has a timescale but at least one module in design doesn't have timescale.
WARNING: [XSIM 43-4100] "C:/Users/eleves/Desktop/ES_FPGA/TP_ASCON/project_ascon/project_ascon.gen/sources_1/ip/clk_wiz_0/clk_wiz_0.v" Line 65. Module clk_wiz_0 has a timescale but at least one module in design doesn't have timescale.
WARNING: [XSIM 43-4100] "C:/Users/eleves/Desktop/ES_FPGA/TP_ASCON/project_ascon/project_ascon.gen/sources_1/ip/clk_wiz_0/clk_wiz_0_clk_wiz.v" Line 65. Module clk_wiz_0_clk_wiz has a timescale but at least one module in design doesn't have timescale.
WARNING: [XSIM 43-4100] "/proj/xbuilds/SWIP/2024.2_1107_2045/installs/lin64/Vivado/2024.2/data/verilog/src/unisims/IBUF.v" Line 29. Module IBUF has a timescale but at least one module in design doesn't have timescale.
WARNING: [XSIM 43-4100] "/proj/xbuilds/SWIP/2024.2_1107_2045/installs/lin64/Vivado/2024.2/data/verilog/src/unisims/MMCME2_ADV.v" Line 123. Module MMCME2_ADV(CLKFBOUT_MULT_F=10.0,CLKIN1_PERIOD=10.0,CLKOUT0_DIVIDE_F=10.0) has a timescale but at least one module in design doesn't have timescale.
WARNING: [XSIM 43-4100] "/proj/xbuilds/SWIP/2024.2_1107_2045/installs/lin64/Vivado/2024.2/data/verilog/src/unisims/BUFG.v" Line 27. Module BUFG has a timescale but at least one module in design doesn't have timescale.
WARNING: [XSIM 43-4100] "/proj/xbuilds/SWIP/2024.2_1107_2045/installs/lin64/Vivado/2024.2/data/verilog/src/unisims/BUFG.v" Line 27. Module BUFG has a timescale but at least one module in design doesn't have timescale.
WARNING: [XSIM 43-4100] "C:/Users/eleves/Desktop/ES_FPGA/TP_ASCON/project_ascon/project_ascon.gen/sources_1/ip/blk_mem_gen_0/sim/blk_mem_gen_0.v" Line 55. Module blk_mem_gen_0 has a timescale but at least one module in design doesn't have timescale.
WARNING: [XSIM 43-4100] "/wrk/ci/prod/2024.2/sw/continuous/3059/packages/customer/vivado/data/ip/xilinx/blk_mem_gen_v8_4/simulation/blk_mem_gen_v8_4.v" Line 3457. Module blk_mem_gen_v8_4_9(C_FAMILY="zynq",C_XDEVICEFAMILY="zynq",C_ELABORATION_DIR="./",C_AXI_TYPE=1,C_MEM_TYPE=3,C_PRIM_TYPE=1,C_LOAD_INIT_FILE=1,C_INIT_FILE_NAME="blk_mem_gen_0.mif",C_INIT_FILE="blk_mem_gen_0.mem",C_HAS_ENA=0,C_WRITE_WIDTH_A=64,C_READ_WIDTH_A=64,C_WRITE_DEPTH_A=4,C_READ_DEPTH_A=4,C_ADDRA_WIDTH=2,C_INITB_VAL="0",C_HAS_ENB=0,C_WRITE_WIDTH_B=64,C_READ_WIDTH_B=64,C_WRITE_DEPTH_B=4,C_READ_DEPTH_B=4,C_ADDRB_WIDTH=2,C_SIM_COLLISION_CHECK="ALL",C_COMMON_CLK=0,C_COUNT_36K_BRAM="1",C_COUNT_18K_BRAM="0",C_EST_POWER_SUMMARY="Estimated_Power_for_IP_____:_____6.370399_mW") has a timescale but at least one module in design doesn't have timescale.
WARNING: [XSIM 43-4100] "/wrk/ci/prod/2024.2/sw/continuous/3059/packages/customer/vivado/data/ip/xilinx/blk_mem_gen_v8_4/simulation/blk_mem_gen_v8_4.v" Line 1996. Module blk_mem_gen_v8_4_9_mem_module(C_FAMILY="zynq",C_XDEVICEFAMILY="zynq",C_MEM_TYPE=3,C_PRIM_TYPE=1,C_LOAD_INIT_FILE=1,C_INIT_FILE_NAME="blk_mem_gen_0.mif",C_INIT_FILE="blk_mem_gen_0.mem",C_HAS_ENA=0,C_WRITE_WIDTH_A=64,C_READ_WIDTH_A=64,C_WRITE_DEPTH_A=4,C_READ_DEPTH_A=4,C_ADDRA_WIDTH=2,C_INITB_VAL="0",C_HAS_ENB=0,C_WRITE_WIDTH_B=64,C_READ_WIDTH_B=64,C_WRITE_DEPTH_B=4,C_READ_DEPTH_B=4,C_ADDRB_WIDTH=2,C_SIM_COLLISION_CHECK="ALL",C_COMMON_CLK=0) has a timescale but at least one module in design doesn't have timescale.
WARNING: [XSIM 43-4100] "/wrk/ci/prod/2024.2/sw/continuous/3059/packages/customer/vivado/data/ip/xilinx/blk_mem_gen_v8_4/simulation/blk_mem_gen_v8_4.v" Line 3457. Module blk_mem_gen_v8_4_9 has a timescale but at least one module in design doesn't have timescale.
WARNING: [XSIM 43-4100] "/wrk/ci/prod/2024.2/sw/continuous/3059/packages/customer/vivado/data/ip/xilinx/blk_mem_gen_v8_4/simulation/blk_mem_gen_v8_4.v" Line 3457. Module blk_mem_gen_v8_4_9(C_FAMILY="zynq",C_XDEVICEFAMILY="zynq",C_ELABORATION_DIR="./",C_AXI_TYPE=1,C_MEM_TYPE=3,C_PRIM_TYPE=1,C_LOAD_INIT_FILE=1,C_INIT_FILE_NAME="blk_mem_gen_0.mif",C_INIT_FILE="blk_mem_gen_0.mem",C_HAS_ENA=0,C_WRITE_WIDTH_A=64,C_READ_WIDTH_A=64,C_WRITE_DEPTH_A=4,C_READ_DEPTH_A=4,C_ADDRA_WIDTH=2,C_INITB_VAL="0",C_HAS_ENB=0,C_WRITE_WIDTH_B=64,C_READ_WIDTH_B=64,C_WRITE_DEPTH_B=4,C_READ_DEPTH_B=4,C_ADDRB_WIDTH=2,C_SIM_COLLISION_CHECK="ALL",C_COMMON_CLK=0,C_COUNT_36K_BRAM="1",C_COUNT_18K_BRAM="0",C_EST_POWER_SUMMARY="Estimated_Power_for_IP_____:_____6.370399_mW") has a timescale but at least one module in design doesn't have timescale.
WARNING: [XSIM 43-4100] "/wrk/ci/prod/2024.2/sw/continuous/3059/packages/customer/vivado/data/ip/xilinx/blk_mem_gen_v8_4/simulation/blk_mem_gen_v8_4.v" Line 3457. Module blk_mem_gen_v8_4_9 has a timescale but at least one module in design doesn't have timescale.
WARNING: [XSIM 43-4100] "/wrk/ci/prod/2024.2/sw/continuous/3059/packages/customer/vivado/data/ip/xilinx/blk_mem_gen_v8_4/simulation/blk_mem_gen_v8_4.v" Line 3457. Module blk_mem_gen_v8_4_9(C_FAMILY="zynq",C_XDEVICEFAMILY="zynq",C_ELABORATION_DIR="./",C_AXI_TYPE=1,C_MEM_TYPE=3,C_PRIM_TYPE=1,C_LOAD_INIT_FILE=1,C_INIT_FILE_NAME="blk_mem_gen_0.mif",C_INIT_FILE="blk_mem_gen_0.mem",C_HAS_ENA=0,C_WRITE_WIDTH_A=64,C_READ_WIDTH_A=64,C_WRITE_DEPTH_A=4,C_READ_DEPTH_A=4,C_ADDRA_WIDTH=2,C_INITB_VAL="0",C_HAS_ENB=0,C_WRITE_WIDTH_B=64,C_READ_WIDTH_B=64,C_WRITE_DEPTH_B=4,C_READ_DEPTH_B=4,C_ADDRB_WIDTH=2,C_SIM_COLLISION_CHECK="ALL",C_COMMON_CLK=0,C_COUNT_36K_BRAM="1",C_COUNT_18K_BRAM="0",C_EST_POWER_SUMMARY="Estimated_Power_for_IP_____:_____6.370399_mW") has a timescale but at least one module in design doesn't have timescale.
WARNING: [XSIM 43-4100] "/wrk/ci/prod/2024.2/sw/continuous/3059/packages/customer/vivado/data/ip/xilinx/blk_mem_gen_v8_4/simulation/blk_mem_gen_v8_4.v" Line 3457. Module blk_mem_gen_v8_4_9 has a timescale but at least one module in design doesn't have timescale.
WARNING: [XSIM 43-4100] "/wrk/ci/prod/2024.2/sw/continuous/3059/packages/customer/vivado/data/ip/xilinx/blk_mem_gen_v8_4/simulation/blk_mem_gen_v8_4.v" Line 3457. Module blk_mem_gen_v8_4_9(C_FAMILY="zynq",C_XDEVICEFAMILY="zynq",C_ELABORATION_DIR="./",C_AXI_TYPE=1,C_MEM_TYPE=3,C_PRIM_TYPE=1,C_LOAD_INIT_FILE=1,C_INIT_FILE_NAME="blk_mem_gen_0.mif",C_INIT_FILE="blk_mem_gen_0.mem",C_HAS_ENA=0,C_WRITE_WIDTH_A=64,C_READ_WIDTH_A=64,C_WRITE_DEPTH_A=4,C_READ_DEPTH_A=4,C_ADDRA_WIDTH=2,C_INITB_VAL="0",C_HAS_ENB=0,C_WRITE_WIDTH_B=64,C_READ_WIDTH_B=64,C_WRITE_DEPTH_B=4,C_READ_DEPTH_B=4,C_ADDRB_WIDTH=2,C_SIM_COLLISION_CHECK="ALL",C_COMMON_CLK=0,C_COUNT_36K_BRAM="1",C_COUNT_18K_BRAM="0",C_EST_POWER_SUMMARY="Estimated_Power_for_IP_____:_____6.370399_mW") has a timescale but at least one module in design doesn't have timescale.
WARNING: [XSIM 43-4100] "/wrk/ci/prod/2024.2/sw/continuous/3059/packages/customer/vivado/data/ip/xilinx/blk_mem_gen_v8_4/simulation/blk_mem_gen_v8_4.v" Line 3457. Module blk_mem_gen_v8_4_9 has a timescale but at least one module in design doesn't have timescale.
WARNING: [XSIM 43-4100] "/wrk/ci/prod/2024.2/sw/continuous/3059/packages/customer/vivado/data/ip/xilinx/blk_mem_gen_v8_4/simulation/blk_mem_gen_v8_4.v" Line 3457. Module blk_mem_gen_v8_4_9(C_FAMILY="zynq",C_XDEVICEFAMILY="zynq",C_ELABORATION_DIR="./",C_AXI_TYPE=1,C_MEM_TYPE=3,C_PRIM_TYPE=1,C_LOAD_INIT_FILE=1,C_INIT_FILE_NAME="blk_mem_gen_0.mif",C_INIT_FILE="blk_mem_gen_0.mem",C_HAS_ENA=0,C_WRITE_WIDTH_A=64,C_READ_WIDTH_A=64,C_WRITE_DEPTH_A=4,C_READ_DEPTH_A=4,C_ADDRA_WIDTH=2,C_INITB_VAL="0",C_HAS_ENB=0,C_WRITE_WIDTH_B=64,C_READ_WIDTH_B=64,C_WRITE_DEPTH_B=4,C_READ_DEPTH_B=4,C_ADDRB_WIDTH=2,C_SIM_COLLISION_CHECK="ALL",C_COMMON_CLK=0,C_COUNT_36K_BRAM="1",C_COUNT_18K_BRAM="0",C_EST_POWER_SUMMARY="Estimated_Power_for_IP_____:_____6.370399_mW") has a timescale but at least one module in design doesn't have timescale.
WARNING: [XSIM 43-4100] "/wrk/ci/prod/2024.2/sw/continuous/3059/packages/customer/vivado/data/ip/xilinx/blk_mem_gen_v8_4/simulation/blk_mem_gen_v8_4.v" Line 3457. Module blk_mem_gen_v8_4_9 has a timescale but at least one module in design doesn't have timescale.
WARNING: [XSIM 43-4100] "/wrk/ci/prod/2024.2/sw/continuous/3059/packages/customer/vivado/data/ip/xilinx/blk_mem_gen_v8_4/simulation/blk_mem_gen_v8_4.v" Line 3457. Module blk_mem_gen_v8_4_9(C_FAMILY="zynq",C_XDEVICEFAMILY="zynq",C_ELABORATION_DIR="./",C_AXI_TYPE=1,C_MEM_TYPE=3,C_PRIM_TYPE=1,C_LOAD_INIT_FILE=1,C_INIT_FILE_NAME="blk_mem_gen_0.mif",C_INIT_FILE="blk_mem_gen_0.mem",C_HAS_ENA=0,C_WRITE_WIDTH_A=64,C_READ_WIDTH_A=64,C_WRITE_DEPTH_A=4,C_READ_DEPTH_A=4,C_ADDRA_WIDTH=2,C_INITB_VAL="0",C_HAS_ENB=0,C_WRITE_WIDTH_B=64,C_READ_WIDTH_B=64,C_WRITE_DEPTH_B=4,C_READ_DEPTH_B=4,C_ADDRB_WIDTH=2,C_SIM_COLLISION_CHECK="ALL",C_COMMON_CLK=0,C_COUNT_36K_BRAM="1",C_COUNT_18K_BRAM="0",C_EST_POWER_SUMMARY="Estimated_Power_for_IP_____:_____6.370399_mW") has a timescale but at least one module in design doesn't have timescale.
WARNING: [XSIM 43-4100] "/wrk/ci/prod/2024.2/sw/continuous/3059/packages/customer/vivado/data/ip/xilinx/blk_mem_gen_v8_4/simulation/blk_mem_gen_v8_4.v" Line 3457. Module blk_mem_gen_v8_4_9 has a timescale but at least one module in design doesn't have timescale.
WARNING: [XSIM 43-4100] "/wrk/ci/prod/2024.2/sw/continuous/3059/packages/customer/vivado/data/ip/xilinx/blk_mem_gen_v8_4/simulation/blk_mem_gen_v8_4.v" Line 3457. Module blk_mem_gen_v8_4_9(C_FAMILY="zynq",C_XDEVICEFAMILY="zynq",C_ELABORATION_DIR="./",C_AXI_TYPE=1,C_MEM_TYPE=3,C_PRIM_TYPE=1,C_LOAD_INIT_FILE=1,C_INIT_FILE_NAME="blk_mem_gen_0.mif",C_INIT_FILE="blk_mem_gen_0.mem",C_HAS_ENA=0,C_WRITE_WIDTH_A=64,C_READ_WIDTH_A=64,C_WRITE_DEPTH_A=4,C_READ_DEPTH_A=4,C_ADDRA_WIDTH=2,C_INITB_VAL="0",C_HAS_ENB=0,C_WRITE_WIDTH_B=64,C_READ_WIDTH_B=64,C_WRITE_DEPTH_B=4,C_READ_DEPTH_B=4,C_ADDRB_WIDTH=2,C_SIM_COLLISION_CHECK="ALL",C_COMMON_CLK=0,C_COUNT_36K_BRAM="1",C_COUNT_18K_BRAM="0",C_EST_POWER_SUMMARY="Estimated_Power_for_IP_____:_____6.370399_mW") has a timescale but at least one module in design doesn't have timescale.
WARNING: [XSIM 43-4100] "/wrk/ci/prod/2024.2/sw/continuous/3059/packages/customer/vivado/data/ip/xilinx/blk_mem_gen_v8_4/simulation/blk_mem_gen_v8_4.v" Line 1608. Module blk_mem_gen_v8_4_9_output_stage(C_FAMILY="zynq",C_XDEVICEFAMILY="zynq",C_DATA_WIDTH=64,C_ADDRB_WIDTH=2,NUM_STAGES=0) has a timescale but at least one module in design doesn't have timescale.
WARNING: [XSIM 43-4100] "/wrk/ci/prod/2024.2/sw/continuous/3059/packages/customer/vivado/data/ip/xilinx/blk_mem_gen_v8_4/simulation/blk_mem_gen_v8_4.v" Line 1608. Module blk_mem_gen_v8_4_9_output_stage(C_FAMILY="zynq",C_XDEVICEFAMILY="zynq",C_DATA_WIDTH=64,C_ADDRB_WIDTH=2,NUM_STAGES=0) has a timescale but at least one module in design doesn't have timescale.
WARNING: [XSIM 43-4100] "/wrk/ci/prod/2024.2/sw/continuous/3059/packages/customer/vivado/data/ip/xilinx/blk_mem_gen_v8_4/simulation/blk_mem_gen_v8_4.v" Line 1904. Module blk_mem_gen_v8_4_9_softecc_output_reg_stage(C_DATA_WIDTH=64,C_ADDRB_WIDTH=2) has a timescale but at least one module in design doesn't have timescale.
WARNING: [XSIM 43-4100] "C:/Users/eleves/Desktop/ES_FPGA/TP_ASCON/project_ascon/project_ascon.sim/sim_1/behav/xsim/glbl.v" Line 6. Module glbl has a timescale but at least one module in design doesn't have timescale.
WARNING: [XSIM 43-4100] "C:/Users/eleves/Desktop/ES_FPGA/TP_ASCON/project_ascon/project_ascon.sim/sim_1/behav/xsim/glbl.v" Line 6. Module glbl has a timescale but at least one module in design doesn't have timescale.
Completed simulation data flow analysis
Time Resolution for simulation is 1ps
Compiling package xil_defaultlib.ascon_pack
Compiling module xil_defaultlib.fsm_moore
Compiling module xil_defaultlib.compteur_double_init
Compiling module xil_defaultlib.mux_state
Compiling module xil_defaultlib.xor_begin_perm
Compiling module xil_defaultlib.register_w_en(nb_bits_g=64)
Compiling module xil_defaultlib.Pc
Compiling module xil_defaultlib.sbox
Compiling module xil_defaultlib.Ps_default
Compiling module xil_defaultlib.Pl
Compiling module xil_defaultlib.xor_end_perm
Compiling module xil_defaultlib.state_register_w_en
Compiling module xil_defaultlib.register_w_en(nb_bits_g=128)
Compiling module xil_defaultlib.Permutation
Compiling module xil_defaultlib.ascon
Compiling module xil_defaultlib.fsm_top
Compiling module unisims_ver.IBUF
Compiling module unisims_ver.MMCME2_ADV(CLKFBOUT_MULT_F=10.0,...
Compiling module unisims_ver.BUFG
Compiling module xil_defaultlib.clk_wiz_0_clk_wiz
Compiling module xil_defaultlib.clk_wiz_0
Compiling module blk_mem_gen_v8_4_9.blk_mem_gen_v8_4_9_output_stage(...
Compiling module blk_mem_gen_v8_4_9.blk_mem_gen_v8_4_9_softecc_outpu...
Compiling module blk_mem_gen_v8_4_9.blk_mem_gen_v8_4_9_mem_module(C_...
Compiling module blk_mem_gen_v8_4_9.blk_mem_gen_v8_4_9(C_FAMILY="zyn...
Compiling module xil_defaultlib.blk_mem_gen_0
Compiling module xil_defaultlib.top_ascon
Compiling module xil_defaultlib.top_ascon_tb_2
Compiling module xil_defaultlib.glbl
Built simulation snapshot top_ascon_tb_2_behav
run_program: Time (s): cpu = 00:00:01 ; elapsed = 00:00:12 . Memory (MB): peak = 2718.520 ; gain = 0.000
INFO: [USF-XSim-69] 'elaborate' step finished in '12' seconds
launch_simulation: Time (s): cpu = 00:00:01 ; elapsed = 00:00:12 . Memory (MB): peak = 2718.520 ; gain = 0.000
Time resolution is 1 ps
 Block Memory Generator module loading initial data...
 Block Memory Generator data initialization complete.
Block Memory Generator module top_ascon_tb_2.DUT.memory_rom.inst.native_mem_module.blk_mem_gen_v8_4_9_inst is using a behavioral model for simulation which will not precisely model memory collision behavior.
relaunch_sim: Time (s): cpu = 00:00:02 ; elapsed = 00:00:16 . Memory (MB): peak = 2718.520 ; gain = 0.000
WARNING: [filemgmt 56-199] Attempt to get parsing info during refresh. "On-the-fly" syntax checking information may be incorrect. [C:\Users\eleves\Desktop\ES_FPGA\TP_ASCON\project_ascon\project_ascon.srcs\sources_1\new\top_ascon.sv:]
WARNING: [filemgmt 56-199] Attempt to get parsing info during refresh. "On-the-fly" syntax checking information may be incorrect. [C:\Users\eleves\Desktop\ES_FPGA\TP_ASCON\project_ascon\project_ascon.srcs\sim_1\new\top_ascon_tb_2.sv:]
WARNING: [filemgmt 56-199] Attempt to get parsing info during refresh. "On-the-fly" syntax checking information may be incorrect. [C:\Users\eleves\Desktop\ES_FPGA\TP_ASCON\project_ascon\project_ascon.srcs\sources_1\new\fsm_top.sv:]
WARNING: [filemgmt 56-199] Attempt to get parsing info during refresh. "On-the-fly" syntax checking information may be incorrect. [C:\Users\eleves\Desktop\ES_FPGA\TP_ASCON\project_ascon\project_ascon.srcs\sources_1\new\fsm_top.sv:]
WARNING: [filemgmt 56-199] Attempt to get parsing info during refresh. "On-the-fly" syntax checking information may be incorrect. [C:\Users\eleves\Desktop\ES_FPGA\TP_ASCON\project_ascon\project_ascon.srcs\sources_1\new\fsm_top.sv:]
WARNING: [filemgmt 56-199] Attempt to get parsing info during refresh. "On-the-fly" syntax checking information may be incorrect. [C:\Users\eleves\Desktop\ES_FPGA\TP_ASCON\project_ascon\project_ascon.srcs\sources_1\new\top_ascon.sv:]
WARNING: [filemgmt 56-199] Attempt to get parsing info during refresh. "On-the-fly" syntax checking information may be incorrect. [C:\Users\eleves\Desktop\ES_FPGA\TP_ASCON\project_ascon\project_ascon.srcs\sim_1\new\top_ascon_tb_2.sv:]
WARNING: [filemgmt 56-199] Attempt to get parsing info during refresh. "On-the-fly" syntax checking information may be incorrect. [C:\Users\eleves\Desktop\ES_FPGA\TP_ASCON\project_ascon\project_ascon.srcs\sources_1\new\fsm_top.sv:]
WARNING: [filemgmt 56-199] Attempt to get parsing info during refresh. "On-the-fly" syntax checking information may be incorrect. [C:\Users\eleves\Desktop\ES_FPGA\TP_ASCON\project_ascon\project_ascon.srcs\sim_1\new\top_ascon_tb_2.sv:]
WARNING: [filemgmt 56-199] Attempt to get parsing info during refresh. "On-the-fly" syntax checking information may be incorrect. [C:\Users\eleves\Desktop\ES_FPGA\TP_ASCON\project_ascon\project_ascon.srcs\sim_1\new\top_ascon_tb_2.sv:]
relaunch_sim
Command: launch_simulation -step compile -simset sim_1 -mode behavioral
INFO: [Vivado 12-12493] Simulation top is 'top_ascon_tb_2'
WARNING: [Vivado 12-13340] Unable to auto find GCC executables from simulator install path! (path not set)
INFO: [Vivado 12-5698] Checking validity of IPs in the design for the 'XSim' simulator...
INFO: [Vivado 12-5682] Launching behavioral simulation in 'C:/Users/eleves/Desktop/ES_FPGA/TP_ASCON/project_ascon/project_ascon.sim/sim_1/behav/xsim'
INFO: [Vivado 12-4795] Using compiled simulation libraries for IPs
INFO: [SIM-utils-51] Simulation object is 'sim_1'
INFO: [USF-XSim-2] XSim::Compile design
INFO: [USF-XSim-61] Executing 'COMPILE and ANALYZE' step in 'C:/Users/eleves/Desktop/ES_FPGA/TP_ASCON/project_ascon/project_ascon.sim/sim_1/behav/xsim'
"xvlog --incr --relax -L uvm -prj top_ascon_tb_2_vlog.prj"
INFO: [VRFC 10-2263] Analyzing SystemVerilog file "C:/Users/eleves/Desktop/ES_FPGA/TP_ASCON/project_ascon/project_ascon.srcs/sources_1/imports/RTL/ascon_pack.sv" into library xil_defaultlib
INFO: [VRFC 10-2263] Analyzing SystemVerilog file "C:/Users/eleves/Desktop/ES_FPGA/TP_ASCON/project_ascon/project_ascon.srcs/sources_1/imports/RTL/Pc.sv" into library xil_defaultlib
INFO: [VRFC 10-311] analyzing module Pc
INFO: [VRFC 10-2263] Analyzing SystemVerilog file "C:/Users/eleves/Desktop/ES_FPGA/TP_ASCON/project_ascon/project_ascon.srcs/sources_1/imports/RTL/Permutation.sv" into library xil_defaultlib
INFO: [VRFC 10-311] analyzing module Permutation
INFO: [VRFC 10-2263] Analyzing SystemVerilog file "C:/Users/eleves/Desktop/ES_FPGA/TP_ASCON/project_ascon/project_ascon.srcs/sources_1/imports/RTL/Pl.sv" into library xil_defaultlib
INFO: [VRFC 10-311] analyzing module Pl
INFO: [VRFC 10-2263] Analyzing SystemVerilog file "C:/Users/eleves/Desktop/ES_FPGA/TP_ASCON/project_ascon/project_ascon.srcs/sources_1/imports/RTL/Ps.sv" into library xil_defaultlib
INFO: [VRFC 10-311] analyzing module Ps
INFO: [VRFC 10-2263] Analyzing SystemVerilog file "C:/Users/eleves/Desktop/ES_FPGA/TP_ASCON/project_ascon/project_ascon.srcs/sources_1/imports/RTL/Sbox.sv" into library xil_defaultlib
INFO: [VRFC 10-311] analyzing module sbox
INFO: [VRFC 10-2263] Analyzing SystemVerilog file "C:/Users/eleves/Desktop/ES_FPGA/TP_ASCON/project_ascon/project_ascon.srcs/sources_1/imports/RTL/ascon.sv" into library xil_defaultlib
INFO: [VRFC 10-311] analyzing module ascon
INFO: [VRFC 10-2263] Analyzing SystemVerilog file "C:/Users/eleves/Desktop/ES_FPGA/TP_ASCON/project_ascon/project_ascon.srcs/sources_1/imports/RTL/compteur_double_init.sv" into library xil_defaultlib
INFO: [VRFC 10-311] analyzing module compteur_double_init
INFO: [VRFC 10-2263] Analyzing SystemVerilog file "C:/Users/eleves/Desktop/ES_FPGA/TP_ASCON/project_ascon/project_ascon.srcs/sources_1/imports/RTL/fsm_moore.sv" into library xil_defaultlib
INFO: [VRFC 10-311] analyzing module fsm_moore
INFO: [VRFC 10-2263] Analyzing SystemVerilog file "C:/Users/eleves/Desktop/ES_FPGA/TP_ASCON/project_ascon/project_ascon.srcs/sources_1/new/fsm_top.sv" into library xil_defaultlib
INFO: [VRFC 10-311] analyzing module fsm_top
INFO: [VRFC 10-2263] Analyzing SystemVerilog file "C:/Users/eleves/Desktop/ES_FPGA/TP_ASCON/project_ascon/project_ascon.srcs/sources_1/imports/RTL/mux_state.sv" into library xil_defaultlib
INFO: [VRFC 10-311] analyzing module mux_state
INFO: [VRFC 10-2263] Analyzing SystemVerilog file "C:/Users/eleves/Desktop/ES_FPGA/TP_ASCON/project_ascon/project_ascon.srcs/sources_1/imports/RTL/register_w_en.sv" into library xil_defaultlib
INFO: [VRFC 10-311] analyzing module register_w_en
INFO: [VRFC 10-2263] Analyzing SystemVerilog file "C:/Users/eleves/Desktop/ES_FPGA/TP_ASCON/project_ascon/project_ascon.srcs/sources_1/imports/RTL/state_register_w_en.sv" into library xil_defaultlib
INFO: [VRFC 10-311] analyzing module state_register_w_en
INFO: [VRFC 10-2263] Analyzing SystemVerilog file "C:/Users/eleves/Desktop/ES_FPGA/TP_ASCON/project_ascon/project_ascon.srcs/sources_1/new/top_ascon.sv" into library xil_defaultlib
INFO: [VRFC 10-311] analyzing module top_ascon
INFO: [VRFC 10-2263] Analyzing SystemVerilog file "C:/Users/eleves/Desktop/ES_FPGA/TP_ASCON/project_ascon/project_ascon.srcs/sources_1/imports/RTL/xor_begin_perm.sv" into library xil_defaultlib
INFO: [VRFC 10-311] analyzing module xor_begin_perm
INFO: [VRFC 10-2263] Analyzing SystemVerilog file "C:/Users/eleves/Desktop/ES_FPGA/TP_ASCON/project_ascon/project_ascon.srcs/sources_1/imports/RTL/xor_end_perm.sv" into library xil_defaultlib
INFO: [VRFC 10-311] analyzing module xor_end_perm
INFO: [VRFC 10-2263] Analyzing SystemVerilog file "C:/Users/eleves/Desktop/ES_FPGA/TP_ASCON/project_ascon/project_ascon.srcs/sim_1/new/top_ascon_tb_2.sv" into library xil_defaultlib
INFO: [VRFC 10-311] analyzing module top_ascon_tb_2
INFO: [USF-XSim-69] 'compile' step finished in '2' seconds
Command: launch_simulation -step elaborate -simset sim_1 -mode behavioral
INFO: [Vivado 12-12493] Simulation top is 'top_ascon_tb_2'
WARNING: [Vivado 12-13340] Unable to auto find GCC executables from simulator install path! (path not set)
INFO: [Vivado 12-5698] Checking validity of IPs in the design for the 'XSim' simulator...
INFO: [Vivado 12-5682] Launching behavioral simulation in 'C:/Users/eleves/Desktop/ES_FPGA/TP_ASCON/project_ascon/project_ascon.sim/sim_1/behav/xsim'
INFO: [Vivado 12-4795] Using compiled simulation libraries for IPs
INFO: [SIM-utils-51] Simulation object is 'sim_1'
INFO: [USF-XSim-3] XSim::Elaborate design
INFO: [USF-XSim-61] Executing 'ELABORATE' step in 'C:/Users/eleves/Desktop/ES_FPGA/TP_ASCON/project_ascon/project_ascon.sim/sim_1/behav/xsim'
"xelab --incr --debug typical --relax --mt 2 -L xil_defaultlib -L blk_mem_gen_v8_4_9 -L uvm -L unisims_ver -L unimacro_ver -L secureip -L xpm --snapshot top_ascon_tb_2_behav xil_defaultlib.top_ascon_tb_2 xil_defaultlib.glbl -log elaborate.log"
Vivado Simulator v2024.2.0
Copyright 1986-2022 Xilinx, Inc. All Rights Reserved.
Copyright 2022-2024 Advanced Micro Devices, Inc. All Rights Reserved.
Running: C:/Xilinx/Vivado/2024.2/bin/unwrapped/win64.o/xelab.exe --incr --debug typical --relax --mt 2 -L xil_defaultlib -L blk_mem_gen_v8_4_9 -L uvm -L unisims_ver -L unimacro_ver -L secureip -L xpm --snapshot top_ascon_tb_2_behav xil_defaultlib.top_ascon_tb_2 xil_defaultlib.glbl -log elaborate.log 
Using 2 slave threads.
Starting static elaboration
Pass Through NonSizing Optimizer
WARNING: [VRFC 10-3091] actual bit length 8 differs from formal bit length 4 for port 'mux2_i' [C:/Users/eleves/Desktop/ES_FPGA/TP_ASCON/project_ascon/project_ascon.srcs/sim_1/new/top_ascon_tb_2.sv:38]
WARNING: [VRFC 10-3823] variable 'affichage_s' might have multiple concurrent drivers [C:/Users/eleves/Desktop/ES_FPGA/TP_ASCON/project_ascon/project_ascon.srcs/sim_1/new/top_ascon_tb_2.sv:48]
Completed static elaboration
Starting simulation data flow analysis
WARNING: [XSIM 43-4100] "C:/Users/eleves/Desktop/ES_FPGA/TP_ASCON/project_ascon/project_ascon.srcs/sim_1/new/top_ascon_tb_2.sv" Line 23. Module top_ascon_tb_2 has a timescale but at least one module in design doesn't have timescale.
WARNING: [XSIM 43-4100] "C:/Users/eleves/Desktop/ES_FPGA/TP_ASCON/project_ascon/project_ascon.srcs/sources_1/new/top_ascon.sv" Line 23. Module top_ascon has a timescale but at least one module in design doesn't have timescale.
WARNING: [XSIM 43-4100] "C:/Users/eleves/Desktop/ES_FPGA/TP_ASCON/project_ascon/project_ascon.srcs/sources_1/imports/RTL/ascon.sv" Line 5. Module ascon has a timescale but at least one module in design doesn't have timescale.
WARNING: [XSIM 43-4100] "C:/Users/eleves/Desktop/ES_FPGA/TP_ASCON/project_ascon/project_ascon.srcs/sources_1/imports/RTL/fsm_moore.sv" Line 4. Module fsm_moore has a timescale but at least one module in design doesn't have timescale.
WARNING: [XSIM 43-4100] "C:/Users/eleves/Desktop/ES_FPGA/TP_ASCON/project_ascon/project_ascon.srcs/sources_1/imports/RTL/compteur_double_init.sv" Line 12. Module compteur_double_init has a timescale but at least one module in design doesn't have timescale.
WARNING: [XSIM 43-4100] "C:/Users/eleves/Desktop/ES_FPGA/TP_ASCON/project_ascon/project_ascon.srcs/sources_1/imports/RTL/mux_state.sv" Line 12. Module mux_state has a timescale but at least one module in design doesn't have timescale.
WARNING: [XSIM 43-4100] "C:/Users/eleves/Desktop/ES_FPGA/TP_ASCON/project_ascon/project_ascon.srcs/sources_1/imports/RTL/xor_begin_perm.sv" Line 12. Module xor_begin_perm has a timescale but at least one module in design doesn't have timescale.
WARNING: [XSIM 43-4100] "C:/Users/eleves/Desktop/ES_FPGA/TP_ASCON/project_ascon/project_ascon.srcs/sources_1/imports/RTL/register_w_en.sv" Line 12. Module register_w_en(nb_bits_g=64) has a timescale but at least one module in design doesn't have timescale.
WARNING: [XSIM 43-4100] "C:/Users/eleves/Desktop/ES_FPGA/TP_ASCON/project_ascon/project_ascon.srcs/sources_1/imports/RTL/xor_end_perm.sv" Line 12. Module xor_end_perm has a timescale but at least one module in design doesn't have timescale.
WARNING: [XSIM 43-4100] "C:/Users/eleves/Desktop/ES_FPGA/TP_ASCON/project_ascon/project_ascon.srcs/sources_1/imports/RTL/state_register_w_en.sv" Line 12. Module state_register_w_en has a timescale but at least one module in design doesn't have timescale.
WARNING: [XSIM 43-4100] "C:/Users/eleves/Desktop/ES_FPGA/TP_ASCON/project_ascon/project_ascon.srcs/sources_1/imports/RTL/register_w_en.sv" Line 12. Module register_w_en(nb_bits_g=128) has a timescale but at least one module in design doesn't have timescale.
WARNING: [XSIM 43-4100] "C:/Users/eleves/Desktop/ES_FPGA/TP_ASCON/project_ascon/project_ascon.srcs/sources_1/new/fsm_top.sv" Line 23. Module fsm_top has a timescale but at least one module in design doesn't have timescale.
WARNING: [XSIM 43-4100] "C:/Users/eleves/Desktop/ES_FPGA/TP_ASCON/project_ascon/project_ascon.gen/sources_1/ip/clk_wiz_0/clk_wiz_0.v" Line 65. Module clk_wiz_0 has a timescale but at least one module in design doesn't have timescale.
WARNING: [XSIM 43-4100] "C:/Users/eleves/Desktop/ES_FPGA/TP_ASCON/project_ascon/project_ascon.gen/sources_1/ip/clk_wiz_0/clk_wiz_0_clk_wiz.v" Line 65. Module clk_wiz_0_clk_wiz has a timescale but at least one module in design doesn't have timescale.
WARNING: [XSIM 43-4100] "/proj/xbuilds/SWIP/2024.2_1107_2045/installs/lin64/Vivado/2024.2/data/verilog/src/unisims/IBUF.v" Line 29. Module IBUF has a timescale but at least one module in design doesn't have timescale.
WARNING: [XSIM 43-4100] "/proj/xbuilds/SWIP/2024.2_1107_2045/installs/lin64/Vivado/2024.2/data/verilog/src/unisims/MMCME2_ADV.v" Line 123. Module MMCME2_ADV(CLKFBOUT_MULT_F=10.0,CLKIN1_PERIOD=10.0,CLKOUT0_DIVIDE_F=10.0) has a timescale but at least one module in design doesn't have timescale.
WARNING: [XSIM 43-4100] "/proj/xbuilds/SWIP/2024.2_1107_2045/installs/lin64/Vivado/2024.2/data/verilog/src/unisims/BUFG.v" Line 27. Module BUFG has a timescale but at least one module in design doesn't have timescale.
WARNING: [XSIM 43-4100] "/proj/xbuilds/SWIP/2024.2_1107_2045/installs/lin64/Vivado/2024.2/data/verilog/src/unisims/BUFG.v" Line 27. Module BUFG has a timescale but at least one module in design doesn't have timescale.
WARNING: [XSIM 43-4100] "C:/Users/eleves/Desktop/ES_FPGA/TP_ASCON/project_ascon/project_ascon.gen/sources_1/ip/blk_mem_gen_0/sim/blk_mem_gen_0.v" Line 55. Module blk_mem_gen_0 has a timescale but at least one module in design doesn't have timescale.
WARNING: [XSIM 43-4100] "/wrk/ci/prod/2024.2/sw/continuous/3059/packages/customer/vivado/data/ip/xilinx/blk_mem_gen_v8_4/simulation/blk_mem_gen_v8_4.v" Line 3457. Module blk_mem_gen_v8_4_9(C_FAMILY="zynq",C_XDEVICEFAMILY="zynq",C_ELABORATION_DIR="./",C_AXI_TYPE=1,C_MEM_TYPE=3,C_PRIM_TYPE=1,C_LOAD_INIT_FILE=1,C_INIT_FILE_NAME="blk_mem_gen_0.mif",C_INIT_FILE="blk_mem_gen_0.mem",C_HAS_ENA=0,C_WRITE_WIDTH_A=64,C_READ_WIDTH_A=64,C_WRITE_DEPTH_A=4,C_READ_DEPTH_A=4,C_ADDRA_WIDTH=2,C_INITB_VAL="0",C_HAS_ENB=0,C_WRITE_WIDTH_B=64,C_READ_WIDTH_B=64,C_WRITE_DEPTH_B=4,C_READ_DEPTH_B=4,C_ADDRB_WIDTH=2,C_SIM_COLLISION_CHECK="ALL",C_COMMON_CLK=0,C_COUNT_36K_BRAM="1",C_COUNT_18K_BRAM="0",C_EST_POWER_SUMMARY="Estimated_Power_for_IP_____:_____6.370399_mW") has a timescale but at least one module in design doesn't have timescale.
WARNING: [XSIM 43-4100] "/wrk/ci/prod/2024.2/sw/continuous/3059/packages/customer/vivado/data/ip/xilinx/blk_mem_gen_v8_4/simulation/blk_mem_gen_v8_4.v" Line 1996. Module blk_mem_gen_v8_4_9_mem_module(C_FAMILY="zynq",C_XDEVICEFAMILY="zynq",C_MEM_TYPE=3,C_PRIM_TYPE=1,C_LOAD_INIT_FILE=1,C_INIT_FILE_NAME="blk_mem_gen_0.mif",C_INIT_FILE="blk_mem_gen_0.mem",C_HAS_ENA=0,C_WRITE_WIDTH_A=64,C_READ_WIDTH_A=64,C_WRITE_DEPTH_A=4,C_READ_DEPTH_A=4,C_ADDRA_WIDTH=2,C_INITB_VAL="0",C_HAS_ENB=0,C_WRITE_WIDTH_B=64,C_READ_WIDTH_B=64,C_WRITE_DEPTH_B=4,C_READ_DEPTH_B=4,C_ADDRB_WIDTH=2,C_SIM_COLLISION_CHECK="ALL",C_COMMON_CLK=0) has a timescale but at least one module in design doesn't have timescale.
WARNING: [XSIM 43-4100] "/wrk/ci/prod/2024.2/sw/continuous/3059/packages/customer/vivado/data/ip/xilinx/blk_mem_gen_v8_4/simulation/blk_mem_gen_v8_4.v" Line 1608. Module blk_mem_gen_v8_4_9_output_stage(C_FAMILY="zynq",C_XDEVICEFAMILY="zynq",C_DATA_WIDTH=64,C_ADDRB_WIDTH=2,NUM_STAGES=0) has a timescale but at least one module in design doesn't have timescale.
WARNING: [XSIM 43-4100] "/wrk/ci/prod/2024.2/sw/continuous/3059/packages/customer/vivado/data/ip/xilinx/blk_mem_gen_v8_4/simulation/blk_mem_gen_v8_4.v" Line 1608. Module blk_mem_gen_v8_4_9_output_stage(C_FAMILY="zynq",C_XDEVICEFAMILY="zynq",C_DATA_WIDTH=64,C_ADDRB_WIDTH=2,NUM_STAGES=0) has a timescale but at least one module in design doesn't have timescale.
WARNING: [XSIM 43-4100] "/wrk/ci/prod/2024.2/sw/continuous/3059/packages/customer/vivado/data/ip/xilinx/blk_mem_gen_v8_4/simulation/blk_mem_gen_v8_4.v" Line 1904. Module blk_mem_gen_v8_4_9_softecc_output_reg_stage(C_DATA_WIDTH=64,C_ADDRB_WIDTH=2) has a timescale but at least one module in design doesn't have timescale.
WARNING: [XSIM 43-4100] "C:/Users/eleves/Desktop/ES_FPGA/TP_ASCON/project_ascon/project_ascon.srcs/sim_1/new/top_ascon_tb_2.sv" Line 23. Module top_ascon_tb_2 has a timescale but at least one module in design doesn't have timescale.
WARNING: [XSIM 43-4100] "C:/Users/eleves/Desktop/ES_FPGA/TP_ASCON/project_ascon/project_ascon.srcs/sources_1/new/top_ascon.sv" Line 23. Module top_ascon has a timescale but at least one module in design doesn't have timescale.
WARNING: [XSIM 43-4100] "C:/Users/eleves/Desktop/ES_FPGA/TP_ASCON/project_ascon/project_ascon.srcs/sources_1/imports/RTL/ascon.sv" Line 5. Module ascon has a timescale but at least one module in design doesn't have timescale.
WARNING: [XSIM 43-4100] "C:/Users/eleves/Desktop/ES_FPGA/TP_ASCON/project_ascon/project_ascon.srcs/sources_1/imports/RTL/fsm_moore.sv" Line 4. Module fsm_moore has a timescale but at least one module in design doesn't have timescale.
WARNING: [XSIM 43-4100] "C:/Users/eleves/Desktop/ES_FPGA/TP_ASCON/project_ascon/project_ascon.srcs/sources_1/imports/RTL/compteur_double_init.sv" Line 12. Module compteur_double_init has a timescale but at least one module in design doesn't have timescale.
WARNING: [XSIM 43-4100] "C:/Users/eleves/Desktop/ES_FPGA/TP_ASCON/project_ascon/project_ascon.srcs/sources_1/imports/RTL/mux_state.sv" Line 12. Module mux_state has a timescale but at least one module in design doesn't have timescale.
WARNING: [XSIM 43-4100] "C:/Users/eleves/Desktop/ES_FPGA/TP_ASCON/project_ascon/project_ascon.srcs/sources_1/imports/RTL/xor_begin_perm.sv" Line 12. Module xor_begin_perm has a timescale but at least one module in design doesn't have timescale.
WARNING: [XSIM 43-4100] "C:/Users/eleves/Desktop/ES_FPGA/TP_ASCON/project_ascon/project_ascon.srcs/sources_1/imports/RTL/register_w_en.sv" Line 12. Module register_w_en(nb_bits_g=64) has a timescale but at least one module in design doesn't have timescale.
WARNING: [XSIM 43-4100] "C:/Users/eleves/Desktop/ES_FPGA/TP_ASCON/project_ascon/project_ascon.srcs/sources_1/imports/RTL/xor_end_perm.sv" Line 12. Module xor_end_perm has a timescale but at least one module in design doesn't have timescale.
WARNING: [XSIM 43-4100] "C:/Users/eleves/Desktop/ES_FPGA/TP_ASCON/project_ascon/project_ascon.srcs/sources_1/imports/RTL/state_register_w_en.sv" Line 12. Module state_register_w_en has a timescale but at least one module in design doesn't have timescale.
WARNING: [XSIM 43-4100] "C:/Users/eleves/Desktop/ES_FPGA/TP_ASCON/project_ascon/project_ascon.srcs/sources_1/imports/RTL/register_w_en.sv" Line 12. Module register_w_en(nb_bits_g=128) has a timescale but at least one module in design doesn't have timescale.
WARNING: [XSIM 43-4100] "C:/Users/eleves/Desktop/ES_FPGA/TP_ASCON/project_ascon/project_ascon.srcs/sources_1/new/fsm_top.sv" Line 23. Module fsm_top has a timescale but at least one module in design doesn't have timescale.
WARNING: [XSIM 43-4100] "C:/Users/eleves/Desktop/ES_FPGA/TP_ASCON/project_ascon/project_ascon.gen/sources_1/ip/clk_wiz_0/clk_wiz_0.v" Line 65. Module clk_wiz_0 has a timescale but at least one module in design doesn't have timescale.
WARNING: [XSIM 43-4100] "C:/Users/eleves/Desktop/ES_FPGA/TP_ASCON/project_ascon/project_ascon.gen/sources_1/ip/clk_wiz_0/clk_wiz_0_clk_wiz.v" Line 65. Module clk_wiz_0_clk_wiz has a timescale but at least one module in design doesn't have timescale.
WARNING: [XSIM 43-4100] "/proj/xbuilds/SWIP/2024.2_1107_2045/installs/lin64/Vivado/2024.2/data/verilog/src/unisims/IBUF.v" Line 29. Module IBUF has a timescale but at least one module in design doesn't have timescale.
WARNING: [XSIM 43-4100] "/proj/xbuilds/SWIP/2024.2_1107_2045/installs/lin64/Vivado/2024.2/data/verilog/src/unisims/MMCME2_ADV.v" Line 123. Module MMCME2_ADV(CLKFBOUT_MULT_F=10.0,CLKIN1_PERIOD=10.0,CLKOUT0_DIVIDE_F=10.0) has a timescale but at least one module in design doesn't have timescale.
WARNING: [XSIM 43-4100] "/proj/xbuilds/SWIP/2024.2_1107_2045/installs/lin64/Vivado/2024.2/data/verilog/src/unisims/BUFG.v" Line 27. Module BUFG has a timescale but at least one module in design doesn't have timescale.
WARNING: [XSIM 43-4100] "/proj/xbuilds/SWIP/2024.2_1107_2045/installs/lin64/Vivado/2024.2/data/verilog/src/unisims/BUFG.v" Line 27. Module BUFG has a timescale but at least one module in design doesn't have timescale.
WARNING: [XSIM 43-4100] "C:/Users/eleves/Desktop/ES_FPGA/TP_ASCON/project_ascon/project_ascon.gen/sources_1/ip/blk_mem_gen_0/sim/blk_mem_gen_0.v" Line 55. Module blk_mem_gen_0 has a timescale but at least one module in design doesn't have timescale.
WARNING: [XSIM 43-4100] "/wrk/ci/prod/2024.2/sw/continuous/3059/packages/customer/vivado/data/ip/xilinx/blk_mem_gen_v8_4/simulation/blk_mem_gen_v8_4.v" Line 3457. Module blk_mem_gen_v8_4_9(C_FAMILY="zynq",C_XDEVICEFAMILY="zynq",C_ELABORATION_DIR="./",C_AXI_TYPE=1,C_MEM_TYPE=3,C_PRIM_TYPE=1,C_LOAD_INIT_FILE=1,C_INIT_FILE_NAME="blk_mem_gen_0.mif",C_INIT_FILE="blk_mem_gen_0.mem",C_HAS_ENA=0,C_WRITE_WIDTH_A=64,C_READ_WIDTH_A=64,C_WRITE_DEPTH_A=4,C_READ_DEPTH_A=4,C_ADDRA_WIDTH=2,C_INITB_VAL="0",C_HAS_ENB=0,C_WRITE_WIDTH_B=64,C_READ_WIDTH_B=64,C_WRITE_DEPTH_B=4,C_READ_DEPTH_B=4,C_ADDRB_WIDTH=2,C_SIM_COLLISION_CHECK="ALL",C_COMMON_CLK=0,C_COUNT_36K_BRAM="1",C_COUNT_18K_BRAM="0",C_EST_POWER_SUMMARY="Estimated_Power_for_IP_____:_____6.370399_mW") has a timescale but at least one module in design doesn't have timescale.
WARNING: [XSIM 43-4100] "/wrk/ci/prod/2024.2/sw/continuous/3059/packages/customer/vivado/data/ip/xilinx/blk_mem_gen_v8_4/simulation/blk_mem_gen_v8_4.v" Line 1996. Module blk_mem_gen_v8_4_9_mem_module(C_FAMILY="zynq",C_XDEVICEFAMILY="zynq",C_MEM_TYPE=3,C_PRIM_TYPE=1,C_LOAD_INIT_FILE=1,C_INIT_FILE_NAME="blk_mem_gen_0.mif",C_INIT_FILE="blk_mem_gen_0.mem",C_HAS_ENA=0,C_WRITE_WIDTH_A=64,C_READ_WIDTH_A=64,C_WRITE_DEPTH_A=4,C_READ_DEPTH_A=4,C_ADDRA_WIDTH=2,C_INITB_VAL="0",C_HAS_ENB=0,C_WRITE_WIDTH_B=64,C_READ_WIDTH_B=64,C_WRITE_DEPTH_B=4,C_READ_DEPTH_B=4,C_ADDRB_WIDTH=2,C_SIM_COLLISION_CHECK="ALL",C_COMMON_CLK=0) has a timescale but at least one module in design doesn't have timescale.
WARNING: [XSIM 43-4100] "/wrk/ci/prod/2024.2/sw/continuous/3059/packages/customer/vivado/data/ip/xilinx/blk_mem_gen_v8_4/simulation/blk_mem_gen_v8_4.v" Line 3457. Module blk_mem_gen_v8_4_9 has a timescale but at least one module in design doesn't have timescale.
WARNING: [XSIM 43-4100] "/wrk/ci/prod/2024.2/sw/continuous/3059/packages/customer/vivado/data/ip/xilinx/blk_mem_gen_v8_4/simulation/blk_mem_gen_v8_4.v" Line 3457. Module blk_mem_gen_v8_4_9(C_FAMILY="zynq",C_XDEVICEFAMILY="zynq",C_ELABORATION_DIR="./",C_AXI_TYPE=1,C_MEM_TYPE=3,C_PRIM_TYPE=1,C_LOAD_INIT_FILE=1,C_INIT_FILE_NAME="blk_mem_gen_0.mif",C_INIT_FILE="blk_mem_gen_0.mem",C_HAS_ENA=0,C_WRITE_WIDTH_A=64,C_READ_WIDTH_A=64,C_WRITE_DEPTH_A=4,C_READ_DEPTH_A=4,C_ADDRA_WIDTH=2,C_INITB_VAL="0",C_HAS_ENB=0,C_WRITE_WIDTH_B=64,C_READ_WIDTH_B=64,C_WRITE_DEPTH_B=4,C_READ_DEPTH_B=4,C_ADDRB_WIDTH=2,C_SIM_COLLISION_CHECK="ALL",C_COMMON_CLK=0,C_COUNT_36K_BRAM="1",C_COUNT_18K_BRAM="0",C_EST_POWER_SUMMARY="Estimated_Power_for_IP_____:_____6.370399_mW") has a timescale but at least one module in design doesn't have timescale.
WARNING: [XSIM 43-4100] "/wrk/ci/prod/2024.2/sw/continuous/3059/packages/customer/vivado/data/ip/xilinx/blk_mem_gen_v8_4/simulation/blk_mem_gen_v8_4.v" Line 3457. Module blk_mem_gen_v8_4_9 has a timescale but at least one module in design doesn't have timescale.
WARNING: [XSIM 43-4100] "/wrk/ci/prod/2024.2/sw/continuous/3059/packages/customer/vivado/data/ip/xilinx/blk_mem_gen_v8_4/simulation/blk_mem_gen_v8_4.v" Line 3457. Module blk_mem_gen_v8_4_9(C_FAMILY="zynq",C_XDEVICEFAMILY="zynq",C_ELABORATION_DIR="./",C_AXI_TYPE=1,C_MEM_TYPE=3,C_PRIM_TYPE=1,C_LOAD_INIT_FILE=1,C_INIT_FILE_NAME="blk_mem_gen_0.mif",C_INIT_FILE="blk_mem_gen_0.mem",C_HAS_ENA=0,C_WRITE_WIDTH_A=64,C_READ_WIDTH_A=64,C_WRITE_DEPTH_A=4,C_READ_DEPTH_A=4,C_ADDRA_WIDTH=2,C_INITB_VAL="0",C_HAS_ENB=0,C_WRITE_WIDTH_B=64,C_READ_WIDTH_B=64,C_WRITE_DEPTH_B=4,C_READ_DEPTH_B=4,C_ADDRB_WIDTH=2,C_SIM_COLLISION_CHECK="ALL",C_COMMON_CLK=0,C_COUNT_36K_BRAM="1",C_COUNT_18K_BRAM="0",C_EST_POWER_SUMMARY="Estimated_Power_for_IP_____:_____6.370399_mW") has a timescale but at least one module in design doesn't have timescale.
WARNING: [XSIM 43-4100] "/wrk/ci/prod/2024.2/sw/continuous/3059/packages/customer/vivado/data/ip/xilinx/blk_mem_gen_v8_4/simulation/blk_mem_gen_v8_4.v" Line 3457. Module blk_mem_gen_v8_4_9 has a timescale but at least one module in design doesn't have timescale.
WARNING: [XSIM 43-4100] "/wrk/ci/prod/2024.2/sw/continuous/3059/packages/customer/vivado/data/ip/xilinx/blk_mem_gen_v8_4/simulation/blk_mem_gen_v8_4.v" Line 3457. Module blk_mem_gen_v8_4_9(C_FAMILY="zynq",C_XDEVICEFAMILY="zynq",C_ELABORATION_DIR="./",C_AXI_TYPE=1,C_MEM_TYPE=3,C_PRIM_TYPE=1,C_LOAD_INIT_FILE=1,C_INIT_FILE_NAME="blk_mem_gen_0.mif",C_INIT_FILE="blk_mem_gen_0.mem",C_HAS_ENA=0,C_WRITE_WIDTH_A=64,C_READ_WIDTH_A=64,C_WRITE_DEPTH_A=4,C_READ_DEPTH_A=4,C_ADDRA_WIDTH=2,C_INITB_VAL="0",C_HAS_ENB=0,C_WRITE_WIDTH_B=64,C_READ_WIDTH_B=64,C_WRITE_DEPTH_B=4,C_READ_DEPTH_B=4,C_ADDRB_WIDTH=2,C_SIM_COLLISION_CHECK="ALL",C_COMMON_CLK=0,C_COUNT_36K_BRAM="1",C_COUNT_18K_BRAM="0",C_EST_POWER_SUMMARY="Estimated_Power_for_IP_____:_____6.370399_mW") has a timescale but at least one module in design doesn't have timescale.
WARNING: [XSIM 43-4100] "/wrk/ci/prod/2024.2/sw/continuous/3059/packages/customer/vivado/data/ip/xilinx/blk_mem_gen_v8_4/simulation/blk_mem_gen_v8_4.v" Line 3457. Module blk_mem_gen_v8_4_9 has a timescale but at least one module in design doesn't have timescale.
WARNING: [XSIM 43-4100] "/wrk/ci/prod/2024.2/sw/continuous/3059/packages/customer/vivado/data/ip/xilinx/blk_mem_gen_v8_4/simulation/blk_mem_gen_v8_4.v" Line 3457. Module blk_mem_gen_v8_4_9(C_FAMILY="zynq",C_XDEVICEFAMILY="zynq",C_ELABORATION_DIR="./",C_AXI_TYPE=1,C_MEM_TYPE=3,C_PRIM_TYPE=1,C_LOAD_INIT_FILE=1,C_INIT_FILE_NAME="blk_mem_gen_0.mif",C_INIT_FILE="blk_mem_gen_0.mem",C_HAS_ENA=0,C_WRITE_WIDTH_A=64,C_READ_WIDTH_A=64,C_WRITE_DEPTH_A=4,C_READ_DEPTH_A=4,C_ADDRA_WIDTH=2,C_INITB_VAL="0",C_HAS_ENB=0,C_WRITE_WIDTH_B=64,C_READ_WIDTH_B=64,C_WRITE_DEPTH_B=4,C_READ_DEPTH_B=4,C_ADDRB_WIDTH=2,C_SIM_COLLISION_CHECK="ALL",C_COMMON_CLK=0,C_COUNT_36K_BRAM="1",C_COUNT_18K_BRAM="0",C_EST_POWER_SUMMARY="Estimated_Power_for_IP_____:_____6.370399_mW") has a timescale but at least one module in design doesn't have timescale.
WARNING: [XSIM 43-4100] "/wrk/ci/prod/2024.2/sw/continuous/3059/packages/customer/vivado/data/ip/xilinx/blk_mem_gen_v8_4/simulation/blk_mem_gen_v8_4.v" Line 3457. Module blk_mem_gen_v8_4_9 has a timescale but at least one module in design doesn't have timescale.
WARNING: [XSIM 43-4100] "/wrk/ci/prod/2024.2/sw/continuous/3059/packages/customer/vivado/data/ip/xilinx/blk_mem_gen_v8_4/simulation/blk_mem_gen_v8_4.v" Line 3457. Module blk_mem_gen_v8_4_9(C_FAMILY="zynq",C_XDEVICEFAMILY="zynq",C_ELABORATION_DIR="./",C_AXI_TYPE=1,C_MEM_TYPE=3,C_PRIM_TYPE=1,C_LOAD_INIT_FILE=1,C_INIT_FILE_NAME="blk_mem_gen_0.mif",C_INIT_FILE="blk_mem_gen_0.mem",C_HAS_ENA=0,C_WRITE_WIDTH_A=64,C_READ_WIDTH_A=64,C_WRITE_DEPTH_A=4,C_READ_DEPTH_A=4,C_ADDRA_WIDTH=2,C_INITB_VAL="0",C_HAS_ENB=0,C_WRITE_WIDTH_B=64,C_READ_WIDTH_B=64,C_WRITE_DEPTH_B=4,C_READ_DEPTH_B=4,C_ADDRB_WIDTH=2,C_SIM_COLLISION_CHECK="ALL",C_COMMON_CLK=0,C_COUNT_36K_BRAM="1",C_COUNT_18K_BRAM="0",C_EST_POWER_SUMMARY="Estimated_Power_for_IP_____:_____6.370399_mW") has a timescale but at least one module in design doesn't have timescale.
WARNING: [XSIM 43-4100] "/wrk/ci/prod/2024.2/sw/continuous/3059/packages/customer/vivado/data/ip/xilinx/blk_mem_gen_v8_4/simulation/blk_mem_gen_v8_4.v" Line 3457. Module blk_mem_gen_v8_4_9 has a timescale but at least one module in design doesn't have timescale.
WARNING: [XSIM 43-4100] "/wrk/ci/prod/2024.2/sw/continuous/3059/packages/customer/vivado/data/ip/xilinx/blk_mem_gen_v8_4/simulation/blk_mem_gen_v8_4.v" Line 3457. Module blk_mem_gen_v8_4_9(C_FAMILY="zynq",C_XDEVICEFAMILY="zynq",C_ELABORATION_DIR="./",C_AXI_TYPE=1,C_MEM_TYPE=3,C_PRIM_TYPE=1,C_LOAD_INIT_FILE=1,C_INIT_FILE_NAME="blk_mem_gen_0.mif",C_INIT_FILE="blk_mem_gen_0.mem",C_HAS_ENA=0,C_WRITE_WIDTH_A=64,C_READ_WIDTH_A=64,C_WRITE_DEPTH_A=4,C_READ_DEPTH_A=4,C_ADDRA_WIDTH=2,C_INITB_VAL="0",C_HAS_ENB=0,C_WRITE_WIDTH_B=64,C_READ_WIDTH_B=64,C_WRITE_DEPTH_B=4,C_READ_DEPTH_B=4,C_ADDRB_WIDTH=2,C_SIM_COLLISION_CHECK="ALL",C_COMMON_CLK=0,C_COUNT_36K_BRAM="1",C_COUNT_18K_BRAM="0",C_EST_POWER_SUMMARY="Estimated_Power_for_IP_____:_____6.370399_mW") has a timescale but at least one module in design doesn't have timescale.
WARNING: [XSIM 43-4100] "/wrk/ci/prod/2024.2/sw/continuous/3059/packages/customer/vivado/data/ip/xilinx/blk_mem_gen_v8_4/simulation/blk_mem_gen_v8_4.v" Line 1608. Module blk_mem_gen_v8_4_9_output_stage(C_FAMILY="zynq",C_XDEVICEFAMILY="zynq",C_DATA_WIDTH=64,C_ADDRB_WIDTH=2,NUM_STAGES=0) has a timescale but at least one module in design doesn't have timescale.
WARNING: [XSIM 43-4100] "/wrk/ci/prod/2024.2/sw/continuous/3059/packages/customer/vivado/data/ip/xilinx/blk_mem_gen_v8_4/simulation/blk_mem_gen_v8_4.v" Line 1608. Module blk_mem_gen_v8_4_9_output_stage(C_FAMILY="zynq",C_XDEVICEFAMILY="zynq",C_DATA_WIDTH=64,C_ADDRB_WIDTH=2,NUM_STAGES=0) has a timescale but at least one module in design doesn't have timescale.
WARNING: [XSIM 43-4100] "/wrk/ci/prod/2024.2/sw/continuous/3059/packages/customer/vivado/data/ip/xilinx/blk_mem_gen_v8_4/simulation/blk_mem_gen_v8_4.v" Line 1904. Module blk_mem_gen_v8_4_9_softecc_output_reg_stage(C_DATA_WIDTH=64,C_ADDRB_WIDTH=2) has a timescale but at least one module in design doesn't have timescale.
WARNING: [XSIM 43-4100] "C:/Users/eleves/Desktop/ES_FPGA/TP_ASCON/project_ascon/project_ascon.sim/sim_1/behav/xsim/glbl.v" Line 6. Module glbl has a timescale but at least one module in design doesn't have timescale.
WARNING: [XSIM 43-4100] "C:/Users/eleves/Desktop/ES_FPGA/TP_ASCON/project_ascon/project_ascon.sim/sim_1/behav/xsim/glbl.v" Line 6. Module glbl has a timescale but at least one module in design doesn't have timescale.
Completed simulation data flow analysis
Time Resolution for simulation is 1ps
Compiling package xil_defaultlib.ascon_pack
Compiling module xil_defaultlib.fsm_moore
Compiling module xil_defaultlib.compteur_double_init
Compiling module xil_defaultlib.mux_state
Compiling module xil_defaultlib.xor_begin_perm
Compiling module xil_defaultlib.register_w_en(nb_bits_g=64)
Compiling module xil_defaultlib.Pc
Compiling module xil_defaultlib.sbox
Compiling module xil_defaultlib.Ps_default
Compiling module xil_defaultlib.Pl
Compiling module xil_defaultlib.xor_end_perm
Compiling module xil_defaultlib.state_register_w_en
Compiling module xil_defaultlib.register_w_en(nb_bits_g=128)
Compiling module xil_defaultlib.Permutation
Compiling module xil_defaultlib.ascon
Compiling module xil_defaultlib.fsm_top
Compiling module unisims_ver.IBUF
Compiling module unisims_ver.MMCME2_ADV(CLKFBOUT_MULT_F=10.0,...
Compiling module unisims_ver.BUFG
Compiling module xil_defaultlib.clk_wiz_0_clk_wiz
Compiling module xil_defaultlib.clk_wiz_0
Compiling module blk_mem_gen_v8_4_9.blk_mem_gen_v8_4_9_output_stage(...
Compiling module blk_mem_gen_v8_4_9.blk_mem_gen_v8_4_9_softecc_outpu...
Compiling module blk_mem_gen_v8_4_9.blk_mem_gen_v8_4_9_mem_module(C_...
Compiling module blk_mem_gen_v8_4_9.blk_mem_gen_v8_4_9(C_FAMILY="zyn...
Compiling module xil_defaultlib.blk_mem_gen_0
Compiling module xil_defaultlib.top_ascon
Compiling module xil_defaultlib.top_ascon_tb_2
Compiling module xil_defaultlib.glbl
Built simulation snapshot top_ascon_tb_2_behav
run_program: Time (s): cpu = 00:00:01 ; elapsed = 00:00:14 . Memory (MB): peak = 2718.520 ; gain = 0.000
INFO: [USF-XSim-69] 'elaborate' step finished in '15' seconds
launch_simulation: Time (s): cpu = 00:00:01 ; elapsed = 00:00:14 . Memory (MB): peak = 2718.520 ; gain = 0.000
Time resolution is 1 ps
 Block Memory Generator module loading initial data...
 Block Memory Generator data initialization complete.
Block Memory Generator module top_ascon_tb_2.DUT.memory_rom.inst.native_mem_module.blk_mem_gen_v8_4_9_inst is using a behavioral model for simulation which will not precisely model memory collision behavior.
relaunch_sim: Time (s): cpu = 00:00:01 ; elapsed = 00:00:18 . Memory (MB): peak = 2718.520 ; gain = 0.000
WARNING: [filemgmt 56-199] Attempt to get parsing info during refresh. "On-the-fly" syntax checking information may be incorrect. [C:\Users\eleves\Desktop\ES_FPGA\TP_ASCON\project_ascon\project_ascon.srcs\sources_1\new\top_ascon.sv:]
WARNING: [filemgmt 56-199] Attempt to get parsing info during refresh. "On-the-fly" syntax checking information may be incorrect. [C:\Users\eleves\Desktop\ES_FPGA\TP_ASCON\project_ascon\project_ascon.srcs\sim_1\new\top_ascon_tb_2.sv:]
WARNING: [filemgmt 56-199] Attempt to get parsing info during refresh. "On-the-fly" syntax checking information may be incorrect. [C:\Users\eleves\Desktop\ES_FPGA\TP_ASCON\project_ascon\project_ascon.srcs\sources_1\new\fsm_top.sv:]
WARNING: [filemgmt 56-199] Attempt to get parsing info during refresh. "On-the-fly" syntax checking information may be incorrect. [C:\Users\eleves\Desktop\ES_FPGA\TP_ASCON\project_ascon\project_ascon.srcs\sources_1\new\fsm_top.sv:]
WARNING: [filemgmt 56-199] Attempt to get parsing info during refresh. "On-the-fly" syntax checking information may be incorrect. [C:\Users\eleves\Desktop\ES_FPGA\TP_ASCON\project_ascon\project_ascon.srcs\sources_1\new\fsm_top.sv:]
relaunch_sim
WARNING: [filemgmt 56-199] Attempt to get parsing info during refresh. "On-the-fly" syntax checking information may be incorrect. [C:\Users\eleves\Desktop\ES_FPGA\TP_ASCON\project_ascon\project_ascon.srcs\sources_1\new\top_ascon.sv:]
WARNING: [filemgmt 56-199] Attempt to get parsing info during refresh. "On-the-fly" syntax checking information may be incorrect. [C:\Users\eleves\Desktop\ES_FPGA\TP_ASCON\project_ascon\project_ascon.srcs\sim_1\new\top_ascon_tb_2.sv:]
WARNING: [filemgmt 56-199] Attempt to get parsing info during refresh. "On-the-fly" syntax checking information may be incorrect. [C:\Users\eleves\Desktop\ES_FPGA\TP_ASCON\project_ascon\project_ascon.srcs\sources_1\new\fsm_top.sv:]
WARNING: [filemgmt 56-199] Attempt to get parsing info during refresh. "On-the-fly" syntax checking information may be incorrect. [C:\Users\eleves\Desktop\ES_FPGA\TP_ASCON\project_ascon\project_ascon.srcs\sim_1\new\top_ascon_tb_2.sv:]
WARNING: [filemgmt 56-199] Attempt to get parsing info during refresh. "On-the-fly" syntax checking information may be incorrect. [C:\Users\eleves\Desktop\ES_FPGA\TP_ASCON\project_ascon\project_ascon.srcs\sim_1\new\top_ascon_tb_2.sv:]
Command: launch_simulation -step compile -simset sim_1 -mode behavioral
INFO: [Vivado 12-12493] Simulation top is 'top_ascon_tb_2'
WARNING: [Vivado 12-13340] Unable to auto find GCC executables from simulator install path! (path not set)
INFO: [Vivado 12-5698] Checking validity of IPs in the design for the 'XSim' simulator...
INFO: [Vivado 12-5682] Launching behavioral simulation in 'C:/Users/eleves/Desktop/ES_FPGA/TP_ASCON/project_ascon/project_ascon.sim/sim_1/behav/xsim'
INFO: [Vivado 12-4795] Using compiled simulation libraries for IPs
INFO: [SIM-utils-51] Simulation object is 'sim_1'
INFO: [USF-XSim-2] XSim::Compile design
INFO: [USF-XSim-61] Executing 'COMPILE and ANALYZE' step in 'C:/Users/eleves/Desktop/ES_FPGA/TP_ASCON/project_ascon/project_ascon.sim/sim_1/behav/xsim'
"xvlog --incr --relax -L uvm -prj top_ascon_tb_2_vlog.prj"
INFO: [VRFC 10-2263] Analyzing SystemVerilog file "C:/Users/eleves/Desktop/ES_FPGA/TP_ASCON/project_ascon/project_ascon.srcs/sources_1/imports/RTL/ascon_pack.sv" into library xil_defaultlib
INFO: [VRFC 10-2263] Analyzing SystemVerilog file "C:/Users/eleves/Desktop/ES_FPGA/TP_ASCON/project_ascon/project_ascon.srcs/sources_1/imports/RTL/Pc.sv" into library xil_defaultlib
INFO: [VRFC 10-311] analyzing module Pc
INFO: [VRFC 10-2263] Analyzing SystemVerilog file "C:/Users/eleves/Desktop/ES_FPGA/TP_ASCON/project_ascon/project_ascon.srcs/sources_1/imports/RTL/Permutation.sv" into library xil_defaultlib
INFO: [VRFC 10-311] analyzing module Permutation
INFO: [VRFC 10-2263] Analyzing SystemVerilog file "C:/Users/eleves/Desktop/ES_FPGA/TP_ASCON/project_ascon/project_ascon.srcs/sources_1/imports/RTL/Pl.sv" into library xil_defaultlib
INFO: [VRFC 10-311] analyzing module Pl
INFO: [VRFC 10-2263] Analyzing SystemVerilog file "C:/Users/eleves/Desktop/ES_FPGA/TP_ASCON/project_ascon/project_ascon.srcs/sources_1/imports/RTL/Ps.sv" into library xil_defaultlib
INFO: [VRFC 10-311] analyzing module Ps
INFO: [VRFC 10-2263] Analyzing SystemVerilog file "C:/Users/eleves/Desktop/ES_FPGA/TP_ASCON/project_ascon/project_ascon.srcs/sources_1/imports/RTL/Sbox.sv" into library xil_defaultlib
INFO: [VRFC 10-311] analyzing module sbox
INFO: [VRFC 10-2263] Analyzing SystemVerilog file "C:/Users/eleves/Desktop/ES_FPGA/TP_ASCON/project_ascon/project_ascon.srcs/sources_1/imports/RTL/ascon.sv" into library xil_defaultlib
INFO: [VRFC 10-311] analyzing module ascon
INFO: [VRFC 10-2263] Analyzing SystemVerilog file "C:/Users/eleves/Desktop/ES_FPGA/TP_ASCON/project_ascon/project_ascon.srcs/sources_1/imports/RTL/compteur_double_init.sv" into library xil_defaultlib
INFO: [VRFC 10-311] analyzing module compteur_double_init
INFO: [VRFC 10-2263] Analyzing SystemVerilog file "C:/Users/eleves/Desktop/ES_FPGA/TP_ASCON/project_ascon/project_ascon.srcs/sources_1/imports/RTL/fsm_moore.sv" into library xil_defaultlib
INFO: [VRFC 10-311] analyzing module fsm_moore
INFO: [VRFC 10-2263] Analyzing SystemVerilog file "C:/Users/eleves/Desktop/ES_FPGA/TP_ASCON/project_ascon/project_ascon.srcs/sources_1/new/fsm_top.sv" into library xil_defaultlib
INFO: [VRFC 10-311] analyzing module fsm_top
INFO: [VRFC 10-2263] Analyzing SystemVerilog file "C:/Users/eleves/Desktop/ES_FPGA/TP_ASCON/project_ascon/project_ascon.srcs/sources_1/imports/RTL/mux_state.sv" into library xil_defaultlib
INFO: [VRFC 10-311] analyzing module mux_state
INFO: [VRFC 10-2263] Analyzing SystemVerilog file "C:/Users/eleves/Desktop/ES_FPGA/TP_ASCON/project_ascon/project_ascon.srcs/sources_1/imports/RTL/register_w_en.sv" into library xil_defaultlib
INFO: [VRFC 10-311] analyzing module register_w_en
INFO: [VRFC 10-2263] Analyzing SystemVerilog file "C:/Users/eleves/Desktop/ES_FPGA/TP_ASCON/project_ascon/project_ascon.srcs/sources_1/imports/RTL/state_register_w_en.sv" into library xil_defaultlib
INFO: [VRFC 10-311] analyzing module state_register_w_en
INFO: [VRFC 10-2263] Analyzing SystemVerilog file "C:/Users/eleves/Desktop/ES_FPGA/TP_ASCON/project_ascon/project_ascon.srcs/sources_1/new/top_ascon.sv" into library xil_defaultlib
INFO: [VRFC 10-311] analyzing module top_ascon
INFO: [VRFC 10-2263] Analyzing SystemVerilog file "C:/Users/eleves/Desktop/ES_FPGA/TP_ASCON/project_ascon/project_ascon.srcs/sources_1/imports/RTL/xor_begin_perm.sv" into library xil_defaultlib
INFO: [VRFC 10-311] analyzing module xor_begin_perm
INFO: [VRFC 10-2263] Analyzing SystemVerilog file "C:/Users/eleves/Desktop/ES_FPGA/TP_ASCON/project_ascon/project_ascon.srcs/sources_1/imports/RTL/xor_end_perm.sv" into library xil_defaultlib
INFO: [VRFC 10-311] analyzing module xor_end_perm
INFO: [VRFC 10-2263] Analyzing SystemVerilog file "C:/Users/eleves/Desktop/ES_FPGA/TP_ASCON/project_ascon/project_ascon.srcs/sim_1/new/top_ascon_tb_2.sv" into library xil_defaultlib
INFO: [VRFC 10-311] analyzing module top_ascon_tb_2
INFO: [USF-XSim-69] 'compile' step finished in '2' seconds
Command: launch_simulation -step elaborate -simset sim_1 -mode behavioral
INFO: [Vivado 12-12493] Simulation top is 'top_ascon_tb_2'
WARNING: [Vivado 12-13340] Unable to auto find GCC executables from simulator install path! (path not set)
INFO: [Vivado 12-5698] Checking validity of IPs in the design for the 'XSim' simulator...
INFO: [Vivado 12-5682] Launching behavioral simulation in 'C:/Users/eleves/Desktop/ES_FPGA/TP_ASCON/project_ascon/project_ascon.sim/sim_1/behav/xsim'
INFO: [Vivado 12-4795] Using compiled simulation libraries for IPs
INFO: [SIM-utils-51] Simulation object is 'sim_1'
INFO: [USF-XSim-3] XSim::Elaborate design
INFO: [USF-XSim-61] Executing 'ELABORATE' step in 'C:/Users/eleves/Desktop/ES_FPGA/TP_ASCON/project_ascon/project_ascon.sim/sim_1/behav/xsim'
"xelab --incr --debug typical --relax --mt 2 -L xil_defaultlib -L blk_mem_gen_v8_4_9 -L uvm -L unisims_ver -L unimacro_ver -L secureip -L xpm --snapshot top_ascon_tb_2_behav xil_defaultlib.top_ascon_tb_2 xil_defaultlib.glbl -log elaborate.log"
Vivado Simulator v2024.2.0
Copyright 1986-2022 Xilinx, Inc. All Rights Reserved.
Copyright 2022-2024 Advanced Micro Devices, Inc. All Rights Reserved.
Running: C:/Xilinx/Vivado/2024.2/bin/unwrapped/win64.o/xelab.exe --incr --debug typical --relax --mt 2 -L xil_defaultlib -L blk_mem_gen_v8_4_9 -L uvm -L unisims_ver -L unimacro_ver -L secureip -L xpm --snapshot top_ascon_tb_2_behav xil_defaultlib.top_ascon_tb_2 xil_defaultlib.glbl -log elaborate.log 
Using 2 slave threads.
Starting static elaboration
Pass Through NonSizing Optimizer
WARNING: [VRFC 10-3091] actual bit length 8 differs from formal bit length 4 for port 'mux2_i' [C:/Users/eleves/Desktop/ES_FPGA/TP_ASCON/project_ascon/project_ascon.srcs/sim_1/new/top_ascon_tb_2.sv:38]
WARNING: [VRFC 10-3823] variable 'affichage_s' might have multiple concurrent drivers [C:/Users/eleves/Desktop/ES_FPGA/TP_ASCON/project_ascon/project_ascon.srcs/sim_1/new/top_ascon_tb_2.sv:48]
Completed static elaboration
Starting simulation data flow analysis
WARNING: [XSIM 43-4100] "C:/Users/eleves/Desktop/ES_FPGA/TP_ASCON/project_ascon/project_ascon.srcs/sim_1/new/top_ascon_tb_2.sv" Line 23. Module top_ascon_tb_2 has a timescale but at least one module in design doesn't have timescale.
WARNING: [XSIM 43-4100] "C:/Users/eleves/Desktop/ES_FPGA/TP_ASCON/project_ascon/project_ascon.srcs/sources_1/new/top_ascon.sv" Line 23. Module top_ascon has a timescale but at least one module in design doesn't have timescale.
WARNING: [XSIM 43-4100] "C:/Users/eleves/Desktop/ES_FPGA/TP_ASCON/project_ascon/project_ascon.srcs/sources_1/imports/RTL/ascon.sv" Line 5. Module ascon has a timescale but at least one module in design doesn't have timescale.
WARNING: [XSIM 43-4100] "C:/Users/eleves/Desktop/ES_FPGA/TP_ASCON/project_ascon/project_ascon.srcs/sources_1/imports/RTL/fsm_moore.sv" Line 4. Module fsm_moore has a timescale but at least one module in design doesn't have timescale.
WARNING: [XSIM 43-4100] "C:/Users/eleves/Desktop/ES_FPGA/TP_ASCON/project_ascon/project_ascon.srcs/sources_1/imports/RTL/compteur_double_init.sv" Line 12. Module compteur_double_init has a timescale but at least one module in design doesn't have timescale.
WARNING: [XSIM 43-4100] "C:/Users/eleves/Desktop/ES_FPGA/TP_ASCON/project_ascon/project_ascon.srcs/sources_1/imports/RTL/mux_state.sv" Line 12. Module mux_state has a timescale but at least one module in design doesn't have timescale.
WARNING: [XSIM 43-4100] "C:/Users/eleves/Desktop/ES_FPGA/TP_ASCON/project_ascon/project_ascon.srcs/sources_1/imports/RTL/xor_begin_perm.sv" Line 12. Module xor_begin_perm has a timescale but at least one module in design doesn't have timescale.
WARNING: [XSIM 43-4100] "C:/Users/eleves/Desktop/ES_FPGA/TP_ASCON/project_ascon/project_ascon.srcs/sources_1/imports/RTL/register_w_en.sv" Line 12. Module register_w_en(nb_bits_g=64) has a timescale but at least one module in design doesn't have timescale.
WARNING: [XSIM 43-4100] "C:/Users/eleves/Desktop/ES_FPGA/TP_ASCON/project_ascon/project_ascon.srcs/sources_1/imports/RTL/xor_end_perm.sv" Line 12. Module xor_end_perm has a timescale but at least one module in design doesn't have timescale.
WARNING: [XSIM 43-4100] "C:/Users/eleves/Desktop/ES_FPGA/TP_ASCON/project_ascon/project_ascon.srcs/sources_1/imports/RTL/state_register_w_en.sv" Line 12. Module state_register_w_en has a timescale but at least one module in design doesn't have timescale.
WARNING: [XSIM 43-4100] "C:/Users/eleves/Desktop/ES_FPGA/TP_ASCON/project_ascon/project_ascon.srcs/sources_1/imports/RTL/register_w_en.sv" Line 12. Module register_w_en(nb_bits_g=128) has a timescale but at least one module in design doesn't have timescale.
WARNING: [XSIM 43-4100] "C:/Users/eleves/Desktop/ES_FPGA/TP_ASCON/project_ascon/project_ascon.srcs/sources_1/new/fsm_top.sv" Line 23. Module fsm_top has a timescale but at least one module in design doesn't have timescale.
WARNING: [XSIM 43-4100] "C:/Users/eleves/Desktop/ES_FPGA/TP_ASCON/project_ascon/project_ascon.gen/sources_1/ip/clk_wiz_0/clk_wiz_0.v" Line 65. Module clk_wiz_0 has a timescale but at least one module in design doesn't have timescale.
WARNING: [XSIM 43-4100] "C:/Users/eleves/Desktop/ES_FPGA/TP_ASCON/project_ascon/project_ascon.gen/sources_1/ip/clk_wiz_0/clk_wiz_0_clk_wiz.v" Line 65. Module clk_wiz_0_clk_wiz has a timescale but at least one module in design doesn't have timescale.
WARNING: [XSIM 43-4100] "/proj/xbuilds/SWIP/2024.2_1107_2045/installs/lin64/Vivado/2024.2/data/verilog/src/unisims/IBUF.v" Line 29. Module IBUF has a timescale but at least one module in design doesn't have timescale.
WARNING: [XSIM 43-4100] "/proj/xbuilds/SWIP/2024.2_1107_2045/installs/lin64/Vivado/2024.2/data/verilog/src/unisims/MMCME2_ADV.v" Line 123. Module MMCME2_ADV(CLKFBOUT_MULT_F=10.0,CLKIN1_PERIOD=10.0,CLKOUT0_DIVIDE_F=10.0) has a timescale but at least one module in design doesn't have timescale.
WARNING: [XSIM 43-4100] "/proj/xbuilds/SWIP/2024.2_1107_2045/installs/lin64/Vivado/2024.2/data/verilog/src/unisims/BUFG.v" Line 27. Module BUFG has a timescale but at least one module in design doesn't have timescale.
WARNING: [XSIM 43-4100] "/proj/xbuilds/SWIP/2024.2_1107_2045/installs/lin64/Vivado/2024.2/data/verilog/src/unisims/BUFG.v" Line 27. Module BUFG has a timescale but at least one module in design doesn't have timescale.
WARNING: [XSIM 43-4100] "C:/Users/eleves/Desktop/ES_FPGA/TP_ASCON/project_ascon/project_ascon.gen/sources_1/ip/blk_mem_gen_0/sim/blk_mem_gen_0.v" Line 55. Module blk_mem_gen_0 has a timescale but at least one module in design doesn't have timescale.
WARNING: [XSIM 43-4100] "/wrk/ci/prod/2024.2/sw/continuous/3059/packages/customer/vivado/data/ip/xilinx/blk_mem_gen_v8_4/simulation/blk_mem_gen_v8_4.v" Line 3457. Module blk_mem_gen_v8_4_9(C_FAMILY="zynq",C_XDEVICEFAMILY="zynq",C_ELABORATION_DIR="./",C_AXI_TYPE=1,C_MEM_TYPE=3,C_PRIM_TYPE=1,C_LOAD_INIT_FILE=1,C_INIT_FILE_NAME="blk_mem_gen_0.mif",C_INIT_FILE="blk_mem_gen_0.mem",C_HAS_ENA=0,C_WRITE_WIDTH_A=64,C_READ_WIDTH_A=64,C_WRITE_DEPTH_A=4,C_READ_DEPTH_A=4,C_ADDRA_WIDTH=2,C_INITB_VAL="0",C_HAS_ENB=0,C_WRITE_WIDTH_B=64,C_READ_WIDTH_B=64,C_WRITE_DEPTH_B=4,C_READ_DEPTH_B=4,C_ADDRB_WIDTH=2,C_SIM_COLLISION_CHECK="ALL",C_COMMON_CLK=0,C_COUNT_36K_BRAM="1",C_COUNT_18K_BRAM="0",C_EST_POWER_SUMMARY="Estimated_Power_for_IP_____:_____6.370399_mW") has a timescale but at least one module in design doesn't have timescale.
WARNING: [XSIM 43-4100] "/wrk/ci/prod/2024.2/sw/continuous/3059/packages/customer/vivado/data/ip/xilinx/blk_mem_gen_v8_4/simulation/blk_mem_gen_v8_4.v" Line 1996. Module blk_mem_gen_v8_4_9_mem_module(C_FAMILY="zynq",C_XDEVICEFAMILY="zynq",C_MEM_TYPE=3,C_PRIM_TYPE=1,C_LOAD_INIT_FILE=1,C_INIT_FILE_NAME="blk_mem_gen_0.mif",C_INIT_FILE="blk_mem_gen_0.mem",C_HAS_ENA=0,C_WRITE_WIDTH_A=64,C_READ_WIDTH_A=64,C_WRITE_DEPTH_A=4,C_READ_DEPTH_A=4,C_ADDRA_WIDTH=2,C_INITB_VAL="0",C_HAS_ENB=0,C_WRITE_WIDTH_B=64,C_READ_WIDTH_B=64,C_WRITE_DEPTH_B=4,C_READ_DEPTH_B=4,C_ADDRB_WIDTH=2,C_SIM_COLLISION_CHECK="ALL",C_COMMON_CLK=0) has a timescale but at least one module in design doesn't have timescale.
WARNING: [XSIM 43-4100] "/wrk/ci/prod/2024.2/sw/continuous/3059/packages/customer/vivado/data/ip/xilinx/blk_mem_gen_v8_4/simulation/blk_mem_gen_v8_4.v" Line 1608. Module blk_mem_gen_v8_4_9_output_stage(C_FAMILY="zynq",C_XDEVICEFAMILY="zynq",C_DATA_WIDTH=64,C_ADDRB_WIDTH=2,NUM_STAGES=0) has a timescale but at least one module in design doesn't have timescale.
WARNING: [XSIM 43-4100] "/wrk/ci/prod/2024.2/sw/continuous/3059/packages/customer/vivado/data/ip/xilinx/blk_mem_gen_v8_4/simulation/blk_mem_gen_v8_4.v" Line 1608. Module blk_mem_gen_v8_4_9_output_stage(C_FAMILY="zynq",C_XDEVICEFAMILY="zynq",C_DATA_WIDTH=64,C_ADDRB_WIDTH=2,NUM_STAGES=0) has a timescale but at least one module in design doesn't have timescale.
WARNING: [XSIM 43-4100] "/wrk/ci/prod/2024.2/sw/continuous/3059/packages/customer/vivado/data/ip/xilinx/blk_mem_gen_v8_4/simulation/blk_mem_gen_v8_4.v" Line 1904. Module blk_mem_gen_v8_4_9_softecc_output_reg_stage(C_DATA_WIDTH=64,C_ADDRB_WIDTH=2) has a timescale but at least one module in design doesn't have timescale.
WARNING: [XSIM 43-4100] "C:/Users/eleves/Desktop/ES_FPGA/TP_ASCON/project_ascon/project_ascon.srcs/sim_1/new/top_ascon_tb_2.sv" Line 23. Module top_ascon_tb_2 has a timescale but at least one module in design doesn't have timescale.
WARNING: [XSIM 43-4100] "C:/Users/eleves/Desktop/ES_FPGA/TP_ASCON/project_ascon/project_ascon.srcs/sources_1/new/top_ascon.sv" Line 23. Module top_ascon has a timescale but at least one module in design doesn't have timescale.
WARNING: [XSIM 43-4100] "C:/Users/eleves/Desktop/ES_FPGA/TP_ASCON/project_ascon/project_ascon.srcs/sources_1/imports/RTL/ascon.sv" Line 5. Module ascon has a timescale but at least one module in design doesn't have timescale.
WARNING: [XSIM 43-4100] "C:/Users/eleves/Desktop/ES_FPGA/TP_ASCON/project_ascon/project_ascon.srcs/sources_1/imports/RTL/fsm_moore.sv" Line 4. Module fsm_moore has a timescale but at least one module in design doesn't have timescale.
WARNING: [XSIM 43-4100] "C:/Users/eleves/Desktop/ES_FPGA/TP_ASCON/project_ascon/project_ascon.srcs/sources_1/imports/RTL/compteur_double_init.sv" Line 12. Module compteur_double_init has a timescale but at least one module in design doesn't have timescale.
WARNING: [XSIM 43-4100] "C:/Users/eleves/Desktop/ES_FPGA/TP_ASCON/project_ascon/project_ascon.srcs/sources_1/imports/RTL/mux_state.sv" Line 12. Module mux_state has a timescale but at least one module in design doesn't have timescale.
WARNING: [XSIM 43-4100] "C:/Users/eleves/Desktop/ES_FPGA/TP_ASCON/project_ascon/project_ascon.srcs/sources_1/imports/RTL/xor_begin_perm.sv" Line 12. Module xor_begin_perm has a timescale but at least one module in design doesn't have timescale.
WARNING: [XSIM 43-4100] "C:/Users/eleves/Desktop/ES_FPGA/TP_ASCON/project_ascon/project_ascon.srcs/sources_1/imports/RTL/register_w_en.sv" Line 12. Module register_w_en(nb_bits_g=64) has a timescale but at least one module in design doesn't have timescale.
WARNING: [XSIM 43-4100] "C:/Users/eleves/Desktop/ES_FPGA/TP_ASCON/project_ascon/project_ascon.srcs/sources_1/imports/RTL/xor_end_perm.sv" Line 12. Module xor_end_perm has a timescale but at least one module in design doesn't have timescale.
WARNING: [XSIM 43-4100] "C:/Users/eleves/Desktop/ES_FPGA/TP_ASCON/project_ascon/project_ascon.srcs/sources_1/imports/RTL/state_register_w_en.sv" Line 12. Module state_register_w_en has a timescale but at least one module in design doesn't have timescale.
WARNING: [XSIM 43-4100] "C:/Users/eleves/Desktop/ES_FPGA/TP_ASCON/project_ascon/project_ascon.srcs/sources_1/imports/RTL/register_w_en.sv" Line 12. Module register_w_en(nb_bits_g=128) has a timescale but at least one module in design doesn't have timescale.
WARNING: [XSIM 43-4100] "C:/Users/eleves/Desktop/ES_FPGA/TP_ASCON/project_ascon/project_ascon.srcs/sources_1/new/fsm_top.sv" Line 23. Module fsm_top has a timescale but at least one module in design doesn't have timescale.
WARNING: [XSIM 43-4100] "C:/Users/eleves/Desktop/ES_FPGA/TP_ASCON/project_ascon/project_ascon.gen/sources_1/ip/clk_wiz_0/clk_wiz_0.v" Line 65. Module clk_wiz_0 has a timescale but at least one module in design doesn't have timescale.
WARNING: [XSIM 43-4100] "C:/Users/eleves/Desktop/ES_FPGA/TP_ASCON/project_ascon/project_ascon.gen/sources_1/ip/clk_wiz_0/clk_wiz_0_clk_wiz.v" Line 65. Module clk_wiz_0_clk_wiz has a timescale but at least one module in design doesn't have timescale.
WARNING: [XSIM 43-4100] "/proj/xbuilds/SWIP/2024.2_1107_2045/installs/lin64/Vivado/2024.2/data/verilog/src/unisims/IBUF.v" Line 29. Module IBUF has a timescale but at least one module in design doesn't have timescale.
WARNING: [XSIM 43-4100] "/proj/xbuilds/SWIP/2024.2_1107_2045/installs/lin64/Vivado/2024.2/data/verilog/src/unisims/MMCME2_ADV.v" Line 123. Module MMCME2_ADV(CLKFBOUT_MULT_F=10.0,CLKIN1_PERIOD=10.0,CLKOUT0_DIVIDE_F=10.0) has a timescale but at least one module in design doesn't have timescale.
WARNING: [XSIM 43-4100] "/proj/xbuilds/SWIP/2024.2_1107_2045/installs/lin64/Vivado/2024.2/data/verilog/src/unisims/BUFG.v" Line 27. Module BUFG has a timescale but at least one module in design doesn't have timescale.
WARNING: [XSIM 43-4100] "/proj/xbuilds/SWIP/2024.2_1107_2045/installs/lin64/Vivado/2024.2/data/verilog/src/unisims/BUFG.v" Line 27. Module BUFG has a timescale but at least one module in design doesn't have timescale.
WARNING: [XSIM 43-4100] "C:/Users/eleves/Desktop/ES_FPGA/TP_ASCON/project_ascon/project_ascon.gen/sources_1/ip/blk_mem_gen_0/sim/blk_mem_gen_0.v" Line 55. Module blk_mem_gen_0 has a timescale but at least one module in design doesn't have timescale.
WARNING: [XSIM 43-4100] "/wrk/ci/prod/2024.2/sw/continuous/3059/packages/customer/vivado/data/ip/xilinx/blk_mem_gen_v8_4/simulation/blk_mem_gen_v8_4.v" Line 3457. Module blk_mem_gen_v8_4_9(C_FAMILY="zynq",C_XDEVICEFAMILY="zynq",C_ELABORATION_DIR="./",C_AXI_TYPE=1,C_MEM_TYPE=3,C_PRIM_TYPE=1,C_LOAD_INIT_FILE=1,C_INIT_FILE_NAME="blk_mem_gen_0.mif",C_INIT_FILE="blk_mem_gen_0.mem",C_HAS_ENA=0,C_WRITE_WIDTH_A=64,C_READ_WIDTH_A=64,C_WRITE_DEPTH_A=4,C_READ_DEPTH_A=4,C_ADDRA_WIDTH=2,C_INITB_VAL="0",C_HAS_ENB=0,C_WRITE_WIDTH_B=64,C_READ_WIDTH_B=64,C_WRITE_DEPTH_B=4,C_READ_DEPTH_B=4,C_ADDRB_WIDTH=2,C_SIM_COLLISION_CHECK="ALL",C_COMMON_CLK=0,C_COUNT_36K_BRAM="1",C_COUNT_18K_BRAM="0",C_EST_POWER_SUMMARY="Estimated_Power_for_IP_____:_____6.370399_mW") has a timescale but at least one module in design doesn't have timescale.
WARNING: [XSIM 43-4100] "/wrk/ci/prod/2024.2/sw/continuous/3059/packages/customer/vivado/data/ip/xilinx/blk_mem_gen_v8_4/simulation/blk_mem_gen_v8_4.v" Line 1996. Module blk_mem_gen_v8_4_9_mem_module(C_FAMILY="zynq",C_XDEVICEFAMILY="zynq",C_MEM_TYPE=3,C_PRIM_TYPE=1,C_LOAD_INIT_FILE=1,C_INIT_FILE_NAME="blk_mem_gen_0.mif",C_INIT_FILE="blk_mem_gen_0.mem",C_HAS_ENA=0,C_WRITE_WIDTH_A=64,C_READ_WIDTH_A=64,C_WRITE_DEPTH_A=4,C_READ_DEPTH_A=4,C_ADDRA_WIDTH=2,C_INITB_VAL="0",C_HAS_ENB=0,C_WRITE_WIDTH_B=64,C_READ_WIDTH_B=64,C_WRITE_DEPTH_B=4,C_READ_DEPTH_B=4,C_ADDRB_WIDTH=2,C_SIM_COLLISION_CHECK="ALL",C_COMMON_CLK=0) has a timescale but at least one module in design doesn't have timescale.
WARNING: [XSIM 43-4100] "/wrk/ci/prod/2024.2/sw/continuous/3059/packages/customer/vivado/data/ip/xilinx/blk_mem_gen_v8_4/simulation/blk_mem_gen_v8_4.v" Line 3457. Module blk_mem_gen_v8_4_9 has a timescale but at least one module in design doesn't have timescale.
WARNING: [XSIM 43-4100] "/wrk/ci/prod/2024.2/sw/continuous/3059/packages/customer/vivado/data/ip/xilinx/blk_mem_gen_v8_4/simulation/blk_mem_gen_v8_4.v" Line 3457. Module blk_mem_gen_v8_4_9(C_FAMILY="zynq",C_XDEVICEFAMILY="zynq",C_ELABORATION_DIR="./",C_AXI_TYPE=1,C_MEM_TYPE=3,C_PRIM_TYPE=1,C_LOAD_INIT_FILE=1,C_INIT_FILE_NAME="blk_mem_gen_0.mif",C_INIT_FILE="blk_mem_gen_0.mem",C_HAS_ENA=0,C_WRITE_WIDTH_A=64,C_READ_WIDTH_A=64,C_WRITE_DEPTH_A=4,C_READ_DEPTH_A=4,C_ADDRA_WIDTH=2,C_INITB_VAL="0",C_HAS_ENB=0,C_WRITE_WIDTH_B=64,C_READ_WIDTH_B=64,C_WRITE_DEPTH_B=4,C_READ_DEPTH_B=4,C_ADDRB_WIDTH=2,C_SIM_COLLISION_CHECK="ALL",C_COMMON_CLK=0,C_COUNT_36K_BRAM="1",C_COUNT_18K_BRAM="0",C_EST_POWER_SUMMARY="Estimated_Power_for_IP_____:_____6.370399_mW") has a timescale but at least one module in design doesn't have timescale.
WARNING: [XSIM 43-4100] "/wrk/ci/prod/2024.2/sw/continuous/3059/packages/customer/vivado/data/ip/xilinx/blk_mem_gen_v8_4/simulation/blk_mem_gen_v8_4.v" Line 3457. Module blk_mem_gen_v8_4_9 has a timescale but at least one module in design doesn't have timescale.
WARNING: [XSIM 43-4100] "/wrk/ci/prod/2024.2/sw/continuous/3059/packages/customer/vivado/data/ip/xilinx/blk_mem_gen_v8_4/simulation/blk_mem_gen_v8_4.v" Line 3457. Module blk_mem_gen_v8_4_9(C_FAMILY="zynq",C_XDEVICEFAMILY="zynq",C_ELABORATION_DIR="./",C_AXI_TYPE=1,C_MEM_TYPE=3,C_PRIM_TYPE=1,C_LOAD_INIT_FILE=1,C_INIT_FILE_NAME="blk_mem_gen_0.mif",C_INIT_FILE="blk_mem_gen_0.mem",C_HAS_ENA=0,C_WRITE_WIDTH_A=64,C_READ_WIDTH_A=64,C_WRITE_DEPTH_A=4,C_READ_DEPTH_A=4,C_ADDRA_WIDTH=2,C_INITB_VAL="0",C_HAS_ENB=0,C_WRITE_WIDTH_B=64,C_READ_WIDTH_B=64,C_WRITE_DEPTH_B=4,C_READ_DEPTH_B=4,C_ADDRB_WIDTH=2,C_SIM_COLLISION_CHECK="ALL",C_COMMON_CLK=0,C_COUNT_36K_BRAM="1",C_COUNT_18K_BRAM="0",C_EST_POWER_SUMMARY="Estimated_Power_for_IP_____:_____6.370399_mW") has a timescale but at least one module in design doesn't have timescale.
WARNING: [XSIM 43-4100] "/wrk/ci/prod/2024.2/sw/continuous/3059/packages/customer/vivado/data/ip/xilinx/blk_mem_gen_v8_4/simulation/blk_mem_gen_v8_4.v" Line 3457. Module blk_mem_gen_v8_4_9 has a timescale but at least one module in design doesn't have timescale.
WARNING: [XSIM 43-4100] "/wrk/ci/prod/2024.2/sw/continuous/3059/packages/customer/vivado/data/ip/xilinx/blk_mem_gen_v8_4/simulation/blk_mem_gen_v8_4.v" Line 3457. Module blk_mem_gen_v8_4_9(C_FAMILY="zynq",C_XDEVICEFAMILY="zynq",C_ELABORATION_DIR="./",C_AXI_TYPE=1,C_MEM_TYPE=3,C_PRIM_TYPE=1,C_LOAD_INIT_FILE=1,C_INIT_FILE_NAME="blk_mem_gen_0.mif",C_INIT_FILE="blk_mem_gen_0.mem",C_HAS_ENA=0,C_WRITE_WIDTH_A=64,C_READ_WIDTH_A=64,C_WRITE_DEPTH_A=4,C_READ_DEPTH_A=4,C_ADDRA_WIDTH=2,C_INITB_VAL="0",C_HAS_ENB=0,C_WRITE_WIDTH_B=64,C_READ_WIDTH_B=64,C_WRITE_DEPTH_B=4,C_READ_DEPTH_B=4,C_ADDRB_WIDTH=2,C_SIM_COLLISION_CHECK="ALL",C_COMMON_CLK=0,C_COUNT_36K_BRAM="1",C_COUNT_18K_BRAM="0",C_EST_POWER_SUMMARY="Estimated_Power_for_IP_____:_____6.370399_mW") has a timescale but at least one module in design doesn't have timescale.
WARNING: [XSIM 43-4100] "/wrk/ci/prod/2024.2/sw/continuous/3059/packages/customer/vivado/data/ip/xilinx/blk_mem_gen_v8_4/simulation/blk_mem_gen_v8_4.v" Line 3457. Module blk_mem_gen_v8_4_9 has a timescale but at least one module in design doesn't have timescale.
WARNING: [XSIM 43-4100] "/wrk/ci/prod/2024.2/sw/continuous/3059/packages/customer/vivado/data/ip/xilinx/blk_mem_gen_v8_4/simulation/blk_mem_gen_v8_4.v" Line 3457. Module blk_mem_gen_v8_4_9(C_FAMILY="zynq",C_XDEVICEFAMILY="zynq",C_ELABORATION_DIR="./",C_AXI_TYPE=1,C_MEM_TYPE=3,C_PRIM_TYPE=1,C_LOAD_INIT_FILE=1,C_INIT_FILE_NAME="blk_mem_gen_0.mif",C_INIT_FILE="blk_mem_gen_0.mem",C_HAS_ENA=0,C_WRITE_WIDTH_A=64,C_READ_WIDTH_A=64,C_WRITE_DEPTH_A=4,C_READ_DEPTH_A=4,C_ADDRA_WIDTH=2,C_INITB_VAL="0",C_HAS_ENB=0,C_WRITE_WIDTH_B=64,C_READ_WIDTH_B=64,C_WRITE_DEPTH_B=4,C_READ_DEPTH_B=4,C_ADDRB_WIDTH=2,C_SIM_COLLISION_CHECK="ALL",C_COMMON_CLK=0,C_COUNT_36K_BRAM="1",C_COUNT_18K_BRAM="0",C_EST_POWER_SUMMARY="Estimated_Power_for_IP_____:_____6.370399_mW") has a timescale but at least one module in design doesn't have timescale.
WARNING: [XSIM 43-4100] "/wrk/ci/prod/2024.2/sw/continuous/3059/packages/customer/vivado/data/ip/xilinx/blk_mem_gen_v8_4/simulation/blk_mem_gen_v8_4.v" Line 3457. Module blk_mem_gen_v8_4_9 has a timescale but at least one module in design doesn't have timescale.
WARNING: [XSIM 43-4100] "/wrk/ci/prod/2024.2/sw/continuous/3059/packages/customer/vivado/data/ip/xilinx/blk_mem_gen_v8_4/simulation/blk_mem_gen_v8_4.v" Line 3457. Module blk_mem_gen_v8_4_9(C_FAMILY="zynq",C_XDEVICEFAMILY="zynq",C_ELABORATION_DIR="./",C_AXI_TYPE=1,C_MEM_TYPE=3,C_PRIM_TYPE=1,C_LOAD_INIT_FILE=1,C_INIT_FILE_NAME="blk_mem_gen_0.mif",C_INIT_FILE="blk_mem_gen_0.mem",C_HAS_ENA=0,C_WRITE_WIDTH_A=64,C_READ_WIDTH_A=64,C_WRITE_DEPTH_A=4,C_READ_DEPTH_A=4,C_ADDRA_WIDTH=2,C_INITB_VAL="0",C_HAS_ENB=0,C_WRITE_WIDTH_B=64,C_READ_WIDTH_B=64,C_WRITE_DEPTH_B=4,C_READ_DEPTH_B=4,C_ADDRB_WIDTH=2,C_SIM_COLLISION_CHECK="ALL",C_COMMON_CLK=0,C_COUNT_36K_BRAM="1",C_COUNT_18K_BRAM="0",C_EST_POWER_SUMMARY="Estimated_Power_for_IP_____:_____6.370399_mW") has a timescale but at least one module in design doesn't have timescale.
WARNING: [XSIM 43-4100] "/wrk/ci/prod/2024.2/sw/continuous/3059/packages/customer/vivado/data/ip/xilinx/blk_mem_gen_v8_4/simulation/blk_mem_gen_v8_4.v" Line 3457. Module blk_mem_gen_v8_4_9 has a timescale but at least one module in design doesn't have timescale.
WARNING: [XSIM 43-4100] "/wrk/ci/prod/2024.2/sw/continuous/3059/packages/customer/vivado/data/ip/xilinx/blk_mem_gen_v8_4/simulation/blk_mem_gen_v8_4.v" Line 3457. Module blk_mem_gen_v8_4_9(C_FAMILY="zynq",C_XDEVICEFAMILY="zynq",C_ELABORATION_DIR="./",C_AXI_TYPE=1,C_MEM_TYPE=3,C_PRIM_TYPE=1,C_LOAD_INIT_FILE=1,C_INIT_FILE_NAME="blk_mem_gen_0.mif",C_INIT_FILE="blk_mem_gen_0.mem",C_HAS_ENA=0,C_WRITE_WIDTH_A=64,C_READ_WIDTH_A=64,C_WRITE_DEPTH_A=4,C_READ_DEPTH_A=4,C_ADDRA_WIDTH=2,C_INITB_VAL="0",C_HAS_ENB=0,C_WRITE_WIDTH_B=64,C_READ_WIDTH_B=64,C_WRITE_DEPTH_B=4,C_READ_DEPTH_B=4,C_ADDRB_WIDTH=2,C_SIM_COLLISION_CHECK="ALL",C_COMMON_CLK=0,C_COUNT_36K_BRAM="1",C_COUNT_18K_BRAM="0",C_EST_POWER_SUMMARY="Estimated_Power_for_IP_____:_____6.370399_mW") has a timescale but at least one module in design doesn't have timescale.
WARNING: [XSIM 43-4100] "/wrk/ci/prod/2024.2/sw/continuous/3059/packages/customer/vivado/data/ip/xilinx/blk_mem_gen_v8_4/simulation/blk_mem_gen_v8_4.v" Line 1608. Module blk_mem_gen_v8_4_9_output_stage(C_FAMILY="zynq",C_XDEVICEFAMILY="zynq",C_DATA_WIDTH=64,C_ADDRB_WIDTH=2,NUM_STAGES=0) has a timescale but at least one module in design doesn't have timescale.
WARNING: [XSIM 43-4100] "/wrk/ci/prod/2024.2/sw/continuous/3059/packages/customer/vivado/data/ip/xilinx/blk_mem_gen_v8_4/simulation/blk_mem_gen_v8_4.v" Line 1608. Module blk_mem_gen_v8_4_9_output_stage(C_FAMILY="zynq",C_XDEVICEFAMILY="zynq",C_DATA_WIDTH=64,C_ADDRB_WIDTH=2,NUM_STAGES=0) has a timescale but at least one module in design doesn't have timescale.
WARNING: [XSIM 43-4100] "/wrk/ci/prod/2024.2/sw/continuous/3059/packages/customer/vivado/data/ip/xilinx/blk_mem_gen_v8_4/simulation/blk_mem_gen_v8_4.v" Line 1904. Module blk_mem_gen_v8_4_9_softecc_output_reg_stage(C_DATA_WIDTH=64,C_ADDRB_WIDTH=2) has a timescale but at least one module in design doesn't have timescale.
WARNING: [XSIM 43-4100] "C:/Users/eleves/Desktop/ES_FPGA/TP_ASCON/project_ascon/project_ascon.sim/sim_1/behav/xsim/glbl.v" Line 6. Module glbl has a timescale but at least one module in design doesn't have timescale.
WARNING: [XSIM 43-4100] "C:/Users/eleves/Desktop/ES_FPGA/TP_ASCON/project_ascon/project_ascon.sim/sim_1/behav/xsim/glbl.v" Line 6. Module glbl has a timescale but at least one module in design doesn't have timescale.
Completed simulation data flow analysis
Time Resolution for simulation is 1ps
Compiling package xil_defaultlib.ascon_pack
Compiling module xil_defaultlib.fsm_moore
Compiling module xil_defaultlib.compteur_double_init
Compiling module xil_defaultlib.mux_state
Compiling module xil_defaultlib.xor_begin_perm
Compiling module xil_defaultlib.register_w_en(nb_bits_g=64)
Compiling module xil_defaultlib.Pc
Compiling module xil_defaultlib.sbox
Compiling module xil_defaultlib.Ps_default
Compiling module xil_defaultlib.Pl
Compiling module xil_defaultlib.xor_end_perm
Compiling module xil_defaultlib.state_register_w_en
Compiling module xil_defaultlib.register_w_en(nb_bits_g=128)
Compiling module xil_defaultlib.Permutation
Compiling module xil_defaultlib.ascon
Compiling module xil_defaultlib.fsm_top
Compiling module unisims_ver.IBUF
Compiling module unisims_ver.MMCME2_ADV(CLKFBOUT_MULT_F=10.0,...
Compiling module unisims_ver.BUFG
Compiling module xil_defaultlib.clk_wiz_0_clk_wiz
Compiling module xil_defaultlib.clk_wiz_0
Compiling module blk_mem_gen_v8_4_9.blk_mem_gen_v8_4_9_output_stage(...
Compiling module blk_mem_gen_v8_4_9.blk_mem_gen_v8_4_9_softecc_outpu...
Compiling module blk_mem_gen_v8_4_9.blk_mem_gen_v8_4_9_mem_module(C_...
Compiling module blk_mem_gen_v8_4_9.blk_mem_gen_v8_4_9(C_FAMILY="zyn...
Compiling module xil_defaultlib.blk_mem_gen_0
Compiling module xil_defaultlib.top_ascon
Compiling module xil_defaultlib.top_ascon_tb_2
Compiling module xil_defaultlib.glbl
Built simulation snapshot top_ascon_tb_2_behav
run_program: Time (s): cpu = 00:00:01 ; elapsed = 00:00:12 . Memory (MB): peak = 2718.520 ; gain = 0.000
INFO: [USF-XSim-69] 'elaborate' step finished in '12' seconds
launch_simulation: Time (s): cpu = 00:00:01 ; elapsed = 00:00:12 . Memory (MB): peak = 2718.520 ; gain = 0.000
Time resolution is 1 ps
 Block Memory Generator module loading initial data...
 Block Memory Generator data initialization complete.
Block Memory Generator module top_ascon_tb_2.DUT.memory_rom.inst.native_mem_module.blk_mem_gen_v8_4_9_inst is using a behavioral model for simulation which will not precisely model memory collision behavior.
relaunch_sim: Time (s): cpu = 00:00:02 ; elapsed = 00:00:16 . Memory (MB): peak = 2718.520 ; gain = 0.000
run 10 us
WARNING: [filemgmt 56-199] Attempt to get parsing info during refresh. "On-the-fly" syntax checking information may be incorrect. [C:\Users\eleves\Desktop\ES_FPGA\TP_ASCON\project_ascon\project_ascon.srcs\sources_1\new\top_ascon.sv:]
WARNING: [filemgmt 56-199] Attempt to get parsing info during refresh. "On-the-fly" syntax checking information may be incorrect. [C:\Users\eleves\Desktop\ES_FPGA\TP_ASCON\project_ascon\project_ascon.srcs\sim_1\new\top_ascon_tb.sv:]
WARNING: [filemgmt 56-199] Attempt to get parsing info during refresh. "On-the-fly" syntax checking information may be incorrect. [C:\Users\eleves\Desktop\ES_FPGA\TP_ASCON\project_ascon\project_ascon.srcs\sim_1\new\top_ascon_tb_2.sv:]
WARNING: [filemgmt 56-199] Attempt to get parsing info during refresh. "On-the-fly" syntax checking information may be incorrect. [C:\Users\eleves\Desktop\ES_FPGA\TP_ASCON\project_ascon\project_ascon.srcs\sources_1\new\fsm_top.sv:]
WARNING: [filemgmt 56-199] Attempt to get parsing info during refresh. "On-the-fly" syntax checking information may be incorrect. [C:\Users\eleves\Desktop\ES_FPGA\TP_ASCON\project_ascon\project_ascon.srcs\sources_1\new\fsm_top.sv:]
WARNING: [filemgmt 56-199] Attempt to get parsing info during refresh. "On-the-fly" syntax checking information may be incorrect. [C:\Users\eleves\Desktop\ES_FPGA\TP_ASCON\project_ascon\project_ascon.srcs\sources_1\new\fsm_top.sv:]
WARNING: [filemgmt 56-199] Attempt to get parsing info during refresh. "On-the-fly" syntax checking information may be incorrect. [C:\Users\eleves\Desktop\ES_FPGA\TP_ASCON\project_ascon\project_ascon.srcs\sources_1\new\top_ascon.sv:]
WARNING: [filemgmt 56-199] Attempt to get parsing info during refresh. "On-the-fly" syntax checking information may be incorrect. [C:\Users\eleves\Desktop\ES_FPGA\TP_ASCON\project_ascon\project_ascon.srcs\sim_1\new\top_ascon_tb.sv:]
WARNING: [filemgmt 56-199] Attempt to get parsing info during refresh. "On-the-fly" syntax checking information may be incorrect. [C:\Users\eleves\Desktop\ES_FPGA\TP_ASCON\project_ascon\project_ascon.srcs\sim_1\new\top_ascon_tb_2.sv:]
WARNING: [filemgmt 56-199] Attempt to get parsing info during refresh. "On-the-fly" syntax checking information may be incorrect. [C:\Users\eleves\Desktop\ES_FPGA\TP_ASCON\project_ascon\project_ascon.srcs\sources_1\new\fsm_top.sv:]
WARNING: [filemgmt 56-199] Attempt to get parsing info during refresh. "On-the-fly" syntax checking information may be incorrect. [C:\Users\eleves\Desktop\ES_FPGA\TP_ASCON\project_ascon\project_ascon.srcs\sim_1\new\top_ascon_tb.sv:]
WARNING: [filemgmt 56-199] Attempt to get parsing info during refresh. "On-the-fly" syntax checking information may be incorrect. [C:\Users\eleves\Desktop\ES_FPGA\TP_ASCON\project_ascon\project_ascon.srcs\sim_1\new\top_ascon_tb.sv:]
ERROR: [Common 17-180] Spawn failed: No error
WARNING: [filemgmt 56-199] Attempt to get parsing info during refresh. "On-the-fly" syntax checking information may be incorrect. [C:\Users\eleves\Desktop\ES_FPGA\TP_ASCON\project_ascon\project_ascon.srcs\sources_1\new\top_ascon.sv:]
WARNING: [filemgmt 56-199] Attempt to get parsing info during refresh. "On-the-fly" syntax checking information may be incorrect. [C:\Users\eleves\Desktop\ES_FPGA\TP_ASCON\project_ascon\project_ascon.srcs\sim_1\new\top_ascon_tb.sv:]
WARNING: [filemgmt 56-199] Attempt to get parsing info during refresh. "On-the-fly" syntax checking information may be incorrect. [C:\Users\eleves\Desktop\ES_FPGA\TP_ASCON\project_ascon\project_ascon.srcs\sim_1\new\top_ascon_tb_2.sv:]
WARNING: [filemgmt 56-199] Attempt to get parsing info during refresh. "On-the-fly" syntax checking information may be incorrect. [C:\Users\eleves\Desktop\ES_FPGA\TP_ASCON\project_ascon\project_ascon.srcs\sources_1\new\fsm_top.sv:]
WARNING: [filemgmt 56-199] Attempt to get parsing info during refresh. "On-the-fly" syntax checking information may be incorrect. [C:\Users\eleves\Desktop\ES_FPGA\TP_ASCON\project_ascon\project_ascon.srcs\sim_1\new\top_ascon_tb_2.sv:]
WARNING: [filemgmt 56-199] Attempt to get parsing info during refresh. "On-the-fly" syntax checking information may be incorrect. [C:\Users\eleves\Desktop\ES_FPGA\TP_ASCON\project_ascon\project_ascon.srcs\sim_1\new\top_ascon_tb_2.sv:]
ERROR: [Common 17-180] Spawn failed: No error
relaunch_sim
Command: launch_simulation -step compile -simset sim_1 -mode behavioral
INFO: [Vivado 12-12493] Simulation top is 'top_ascon_tb_2'
WARNING: [Vivado 12-13340] Unable to auto find GCC executables from simulator install path! (path not set)
INFO: [Vivado 12-5698] Checking validity of IPs in the design for the 'XSim' simulator...
INFO: [Vivado 12-5682] Launching behavioral simulation in 'C:/Users/eleves/Desktop/ES_FPGA/TP_ASCON/project_ascon/project_ascon.sim/sim_1/behav/xsim'
INFO: [Vivado 12-4795] Using compiled simulation libraries for IPs
INFO: [SIM-utils-51] Simulation object is 'sim_1'
INFO: [USF-XSim-2] XSim::Compile design
INFO: [USF-XSim-61] Executing 'COMPILE and ANALYZE' step in 'C:/Users/eleves/Desktop/ES_FPGA/TP_ASCON/project_ascon/project_ascon.sim/sim_1/behav/xsim'
"xvlog --incr --relax -L uvm -prj top_ascon_tb_2_vlog.prj"
INFO: [VRFC 10-2263] Analyzing SystemVerilog file "C:/Users/eleves/Desktop/ES_FPGA/TP_ASCON/project_ascon/project_ascon.srcs/sources_1/imports/RTL/ascon_pack.sv" into library xil_defaultlib
INFO: [VRFC 10-2263] Analyzing SystemVerilog file "C:/Users/eleves/Desktop/ES_FPGA/TP_ASCON/project_ascon/project_ascon.srcs/sources_1/imports/RTL/Pc.sv" into library xil_defaultlib
INFO: [VRFC 10-311] analyzing module Pc
INFO: [VRFC 10-2263] Analyzing SystemVerilog file "C:/Users/eleves/Desktop/ES_FPGA/TP_ASCON/project_ascon/project_ascon.srcs/sources_1/imports/RTL/Permutation.sv" into library xil_defaultlib
INFO: [VRFC 10-311] analyzing module Permutation
INFO: [VRFC 10-2263] Analyzing SystemVerilog file "C:/Users/eleves/Desktop/ES_FPGA/TP_ASCON/project_ascon/project_ascon.srcs/sources_1/imports/RTL/Pl.sv" into library xil_defaultlib
INFO: [VRFC 10-311] analyzing module Pl
INFO: [VRFC 10-2263] Analyzing SystemVerilog file "C:/Users/eleves/Desktop/ES_FPGA/TP_ASCON/project_ascon/project_ascon.srcs/sources_1/imports/RTL/Ps.sv" into library xil_defaultlib
INFO: [VRFC 10-311] analyzing module Ps
INFO: [VRFC 10-2263] Analyzing SystemVerilog file "C:/Users/eleves/Desktop/ES_FPGA/TP_ASCON/project_ascon/project_ascon.srcs/sources_1/imports/RTL/Sbox.sv" into library xil_defaultlib
INFO: [VRFC 10-311] analyzing module sbox
INFO: [VRFC 10-2263] Analyzing SystemVerilog file "C:/Users/eleves/Desktop/ES_FPGA/TP_ASCON/project_ascon/project_ascon.srcs/sources_1/imports/RTL/ascon.sv" into library xil_defaultlib
INFO: [VRFC 10-311] analyzing module ascon
INFO: [VRFC 10-2263] Analyzing SystemVerilog file "C:/Users/eleves/Desktop/ES_FPGA/TP_ASCON/project_ascon/project_ascon.srcs/sources_1/imports/RTL/compteur_double_init.sv" into library xil_defaultlib
INFO: [VRFC 10-311] analyzing module compteur_double_init
INFO: [VRFC 10-2263] Analyzing SystemVerilog file "C:/Users/eleves/Desktop/ES_FPGA/TP_ASCON/project_ascon/project_ascon.srcs/sources_1/imports/RTL/fsm_moore.sv" into library xil_defaultlib
INFO: [VRFC 10-311] analyzing module fsm_moore
INFO: [VRFC 10-2263] Analyzing SystemVerilog file "C:/Users/eleves/Desktop/ES_FPGA/TP_ASCON/project_ascon/project_ascon.srcs/sources_1/new/fsm_top.sv" into library xil_defaultlib
INFO: [VRFC 10-311] analyzing module fsm_top
INFO: [VRFC 10-2263] Analyzing SystemVerilog file "C:/Users/eleves/Desktop/ES_FPGA/TP_ASCON/project_ascon/project_ascon.srcs/sources_1/imports/RTL/mux_state.sv" into library xil_defaultlib
INFO: [VRFC 10-311] analyzing module mux_state
INFO: [VRFC 10-2263] Analyzing SystemVerilog file "C:/Users/eleves/Desktop/ES_FPGA/TP_ASCON/project_ascon/project_ascon.srcs/sources_1/imports/RTL/register_w_en.sv" into library xil_defaultlib
INFO: [VRFC 10-311] analyzing module register_w_en
INFO: [VRFC 10-2263] Analyzing SystemVerilog file "C:/Users/eleves/Desktop/ES_FPGA/TP_ASCON/project_ascon/project_ascon.srcs/sources_1/imports/RTL/state_register_w_en.sv" into library xil_defaultlib
INFO: [VRFC 10-311] analyzing module state_register_w_en
INFO: [VRFC 10-2263] Analyzing SystemVerilog file "C:/Users/eleves/Desktop/ES_FPGA/TP_ASCON/project_ascon/project_ascon.srcs/sources_1/new/top_ascon.sv" into library xil_defaultlib
INFO: [VRFC 10-311] analyzing module top_ascon
INFO: [VRFC 10-2263] Analyzing SystemVerilog file "C:/Users/eleves/Desktop/ES_FPGA/TP_ASCON/project_ascon/project_ascon.srcs/sources_1/imports/RTL/xor_begin_perm.sv" into library xil_defaultlib
INFO: [VRFC 10-311] analyzing module xor_begin_perm
INFO: [VRFC 10-2263] Analyzing SystemVerilog file "C:/Users/eleves/Desktop/ES_FPGA/TP_ASCON/project_ascon/project_ascon.srcs/sources_1/imports/RTL/xor_end_perm.sv" into library xil_defaultlib
INFO: [VRFC 10-311] analyzing module xor_end_perm
INFO: [VRFC 10-2263] Analyzing SystemVerilog file "C:/Users/eleves/Desktop/ES_FPGA/TP_ASCON/project_ascon/project_ascon.srcs/sim_1/new/top_ascon_tb_2.sv" into library xil_defaultlib
INFO: [VRFC 10-311] analyzing module top_ascon_tb_2
INFO: [USF-XSim-69] 'compile' step finished in '2' seconds
Command: launch_simulation -step elaborate -simset sim_1 -mode behavioral
INFO: [Vivado 12-12493] Simulation top is 'top_ascon_tb_2'
WARNING: [Vivado 12-13340] Unable to auto find GCC executables from simulator install path! (path not set)
INFO: [Vivado 12-5698] Checking validity of IPs in the design for the 'XSim' simulator...
INFO: [Vivado 12-5682] Launching behavioral simulation in 'C:/Users/eleves/Desktop/ES_FPGA/TP_ASCON/project_ascon/project_ascon.sim/sim_1/behav/xsim'
INFO: [Vivado 12-4795] Using compiled simulation libraries for IPs
INFO: [SIM-utils-51] Simulation object is 'sim_1'
INFO: [USF-XSim-3] XSim::Elaborate design
INFO: [USF-XSim-61] Executing 'ELABORATE' step in 'C:/Users/eleves/Desktop/ES_FPGA/TP_ASCON/project_ascon/project_ascon.sim/sim_1/behav/xsim'
"xelab --incr --debug typical --relax --mt 2 -L xil_defaultlib -L blk_mem_gen_v8_4_9 -L uvm -L unisims_ver -L unimacro_ver -L secureip -L xpm --snapshot top_ascon_tb_2_behav xil_defaultlib.top_ascon_tb_2 xil_defaultlib.glbl -log elaborate.log"
Vivado Simulator v2024.2.0
Copyright 1986-2022 Xilinx, Inc. All Rights Reserved.
Copyright 2022-2024 Advanced Micro Devices, Inc. All Rights Reserved.
Running: C:/Xilinx/Vivado/2024.2/bin/unwrapped/win64.o/xelab.exe --incr --debug typical --relax --mt 2 -L xil_defaultlib -L blk_mem_gen_v8_4_9 -L uvm -L unisims_ver -L unimacro_ver -L secureip -L xpm --snapshot top_ascon_tb_2_behav xil_defaultlib.top_ascon_tb_2 xil_defaultlib.glbl -log elaborate.log 
Using 2 slave threads.
Starting static elaboration
Pass Through NonSizing Optimizer
WARNING: [VRFC 10-3091] actual bit length 8 differs from formal bit length 4 for port 'mux2_i' [C:/Users/eleves/Desktop/ES_FPGA/TP_ASCON/project_ascon/project_ascon.srcs/sim_1/new/top_ascon_tb_2.sv:38]
WARNING: [VRFC 10-3823] variable 'affichage_s' might have multiple concurrent drivers [C:/Users/eleves/Desktop/ES_FPGA/TP_ASCON/project_ascon/project_ascon.srcs/sim_1/new/top_ascon_tb_2.sv:48]
Completed static elaboration
Starting simulation data flow analysis
WARNING: [XSIM 43-4100] "C:/Users/eleves/Desktop/ES_FPGA/TP_ASCON/project_ascon/project_ascon.srcs/sim_1/new/top_ascon_tb_2.sv" Line 23. Module top_ascon_tb_2 has a timescale but at least one module in design doesn't have timescale.
WARNING: [XSIM 43-4100] "C:/Users/eleves/Desktop/ES_FPGA/TP_ASCON/project_ascon/project_ascon.srcs/sources_1/new/top_ascon.sv" Line 23. Module top_ascon has a timescale but at least one module in design doesn't have timescale.
WARNING: [XSIM 43-4100] "C:/Users/eleves/Desktop/ES_FPGA/TP_ASCON/project_ascon/project_ascon.srcs/sources_1/imports/RTL/ascon.sv" Line 5. Module ascon has a timescale but at least one module in design doesn't have timescale.
WARNING: [XSIM 43-4100] "C:/Users/eleves/Desktop/ES_FPGA/TP_ASCON/project_ascon/project_ascon.srcs/sources_1/imports/RTL/fsm_moore.sv" Line 4. Module fsm_moore has a timescale but at least one module in design doesn't have timescale.
WARNING: [XSIM 43-4100] "C:/Users/eleves/Desktop/ES_FPGA/TP_ASCON/project_ascon/project_ascon.srcs/sources_1/imports/RTL/compteur_double_init.sv" Line 12. Module compteur_double_init has a timescale but at least one module in design doesn't have timescale.
WARNING: [XSIM 43-4100] "C:/Users/eleves/Desktop/ES_FPGA/TP_ASCON/project_ascon/project_ascon.srcs/sources_1/imports/RTL/mux_state.sv" Line 12. Module mux_state has a timescale but at least one module in design doesn't have timescale.
WARNING: [XSIM 43-4100] "C:/Users/eleves/Desktop/ES_FPGA/TP_ASCON/project_ascon/project_ascon.srcs/sources_1/imports/RTL/xor_begin_perm.sv" Line 12. Module xor_begin_perm has a timescale but at least one module in design doesn't have timescale.
WARNING: [XSIM 43-4100] "C:/Users/eleves/Desktop/ES_FPGA/TP_ASCON/project_ascon/project_ascon.srcs/sources_1/imports/RTL/register_w_en.sv" Line 12. Module register_w_en(nb_bits_g=64) has a timescale but at least one module in design doesn't have timescale.
WARNING: [XSIM 43-4100] "C:/Users/eleves/Desktop/ES_FPGA/TP_ASCON/project_ascon/project_ascon.srcs/sources_1/imports/RTL/xor_end_perm.sv" Line 12. Module xor_end_perm has a timescale but at least one module in design doesn't have timescale.
WARNING: [XSIM 43-4100] "C:/Users/eleves/Desktop/ES_FPGA/TP_ASCON/project_ascon/project_ascon.srcs/sources_1/imports/RTL/state_register_w_en.sv" Line 12. Module state_register_w_en has a timescale but at least one module in design doesn't have timescale.
WARNING: [XSIM 43-4100] "C:/Users/eleves/Desktop/ES_FPGA/TP_ASCON/project_ascon/project_ascon.srcs/sources_1/imports/RTL/register_w_en.sv" Line 12. Module register_w_en(nb_bits_g=128) has a timescale but at least one module in design doesn't have timescale.
WARNING: [XSIM 43-4100] "C:/Users/eleves/Desktop/ES_FPGA/TP_ASCON/project_ascon/project_ascon.srcs/sources_1/new/fsm_top.sv" Line 23. Module fsm_top has a timescale but at least one module in design doesn't have timescale.
WARNING: [XSIM 43-4100] "C:/Users/eleves/Desktop/ES_FPGA/TP_ASCON/project_ascon/project_ascon.gen/sources_1/ip/clk_wiz_0/clk_wiz_0.v" Line 65. Module clk_wiz_0 has a timescale but at least one module in design doesn't have timescale.
WARNING: [XSIM 43-4100] "C:/Users/eleves/Desktop/ES_FPGA/TP_ASCON/project_ascon/project_ascon.gen/sources_1/ip/clk_wiz_0/clk_wiz_0_clk_wiz.v" Line 65. Module clk_wiz_0_clk_wiz has a timescale but at least one module in design doesn't have timescale.
WARNING: [XSIM 43-4100] "/proj/xbuilds/SWIP/2024.2_1107_2045/installs/lin64/Vivado/2024.2/data/verilog/src/unisims/IBUF.v" Line 29. Module IBUF has a timescale but at least one module in design doesn't have timescale.
WARNING: [XSIM 43-4100] "/proj/xbuilds/SWIP/2024.2_1107_2045/installs/lin64/Vivado/2024.2/data/verilog/src/unisims/MMCME2_ADV.v" Line 123. Module MMCME2_ADV(CLKFBOUT_MULT_F=10.0,CLKIN1_PERIOD=10.0,CLKOUT0_DIVIDE_F=10.0) has a timescale but at least one module in design doesn't have timescale.
WARNING: [XSIM 43-4100] "/proj/xbuilds/SWIP/2024.2_1107_2045/installs/lin64/Vivado/2024.2/data/verilog/src/unisims/BUFG.v" Line 27. Module BUFG has a timescale but at least one module in design doesn't have timescale.
WARNING: [XSIM 43-4100] "/proj/xbuilds/SWIP/2024.2_1107_2045/installs/lin64/Vivado/2024.2/data/verilog/src/unisims/BUFG.v" Line 27. Module BUFG has a timescale but at least one module in design doesn't have timescale.
WARNING: [XSIM 43-4100] "C:/Users/eleves/Desktop/ES_FPGA/TP_ASCON/project_ascon/project_ascon.gen/sources_1/ip/blk_mem_gen_0/sim/blk_mem_gen_0.v" Line 55. Module blk_mem_gen_0 has a timescale but at least one module in design doesn't have timescale.
WARNING: [XSIM 43-4100] "/wrk/ci/prod/2024.2/sw/continuous/3059/packages/customer/vivado/data/ip/xilinx/blk_mem_gen_v8_4/simulation/blk_mem_gen_v8_4.v" Line 3457. Module blk_mem_gen_v8_4_9(C_FAMILY="zynq",C_XDEVICEFAMILY="zynq",C_ELABORATION_DIR="./",C_AXI_TYPE=1,C_MEM_TYPE=3,C_PRIM_TYPE=1,C_LOAD_INIT_FILE=1,C_INIT_FILE_NAME="blk_mem_gen_0.mif",C_INIT_FILE="blk_mem_gen_0.mem",C_HAS_ENA=0,C_WRITE_WIDTH_A=64,C_READ_WIDTH_A=64,C_WRITE_DEPTH_A=4,C_READ_DEPTH_A=4,C_ADDRA_WIDTH=2,C_INITB_VAL="0",C_HAS_ENB=0,C_WRITE_WIDTH_B=64,C_READ_WIDTH_B=64,C_WRITE_DEPTH_B=4,C_READ_DEPTH_B=4,C_ADDRB_WIDTH=2,C_SIM_COLLISION_CHECK="ALL",C_COMMON_CLK=0,C_COUNT_36K_BRAM="1",C_COUNT_18K_BRAM="0",C_EST_POWER_SUMMARY="Estimated_Power_for_IP_____:_____6.370399_mW") has a timescale but at least one module in design doesn't have timescale.
WARNING: [XSIM 43-4100] "/wrk/ci/prod/2024.2/sw/continuous/3059/packages/customer/vivado/data/ip/xilinx/blk_mem_gen_v8_4/simulation/blk_mem_gen_v8_4.v" Line 1996. Module blk_mem_gen_v8_4_9_mem_module(C_FAMILY="zynq",C_XDEVICEFAMILY="zynq",C_MEM_TYPE=3,C_PRIM_TYPE=1,C_LOAD_INIT_FILE=1,C_INIT_FILE_NAME="blk_mem_gen_0.mif",C_INIT_FILE="blk_mem_gen_0.mem",C_HAS_ENA=0,C_WRITE_WIDTH_A=64,C_READ_WIDTH_A=64,C_WRITE_DEPTH_A=4,C_READ_DEPTH_A=4,C_ADDRA_WIDTH=2,C_INITB_VAL="0",C_HAS_ENB=0,C_WRITE_WIDTH_B=64,C_READ_WIDTH_B=64,C_WRITE_DEPTH_B=4,C_READ_DEPTH_B=4,C_ADDRB_WIDTH=2,C_SIM_COLLISION_CHECK="ALL",C_COMMON_CLK=0) has a timescale but at least one module in design doesn't have timescale.
WARNING: [XSIM 43-4100] "/wrk/ci/prod/2024.2/sw/continuous/3059/packages/customer/vivado/data/ip/xilinx/blk_mem_gen_v8_4/simulation/blk_mem_gen_v8_4.v" Line 1608. Module blk_mem_gen_v8_4_9_output_stage(C_FAMILY="zynq",C_XDEVICEFAMILY="zynq",C_DATA_WIDTH=64,C_ADDRB_WIDTH=2,NUM_STAGES=0) has a timescale but at least one module in design doesn't have timescale.
WARNING: [XSIM 43-4100] "/wrk/ci/prod/2024.2/sw/continuous/3059/packages/customer/vivado/data/ip/xilinx/blk_mem_gen_v8_4/simulation/blk_mem_gen_v8_4.v" Line 1608. Module blk_mem_gen_v8_4_9_output_stage(C_FAMILY="zynq",C_XDEVICEFAMILY="zynq",C_DATA_WIDTH=64,C_ADDRB_WIDTH=2,NUM_STAGES=0) has a timescale but at least one module in design doesn't have timescale.
WARNING: [XSIM 43-4100] "/wrk/ci/prod/2024.2/sw/continuous/3059/packages/customer/vivado/data/ip/xilinx/blk_mem_gen_v8_4/simulation/blk_mem_gen_v8_4.v" Line 1904. Module blk_mem_gen_v8_4_9_softecc_output_reg_stage(C_DATA_WIDTH=64,C_ADDRB_WIDTH=2) has a timescale but at least one module in design doesn't have timescale.
WARNING: [XSIM 43-4100] "C:/Users/eleves/Desktop/ES_FPGA/TP_ASCON/project_ascon/project_ascon.srcs/sim_1/new/top_ascon_tb_2.sv" Line 23. Module top_ascon_tb_2 has a timescale but at least one module in design doesn't have timescale.
WARNING: [XSIM 43-4100] "C:/Users/eleves/Desktop/ES_FPGA/TP_ASCON/project_ascon/project_ascon.srcs/sources_1/new/top_ascon.sv" Line 23. Module top_ascon has a timescale but at least one module in design doesn't have timescale.
WARNING: [XSIM 43-4100] "C:/Users/eleves/Desktop/ES_FPGA/TP_ASCON/project_ascon/project_ascon.srcs/sources_1/imports/RTL/ascon.sv" Line 5. Module ascon has a timescale but at least one module in design doesn't have timescale.
WARNING: [XSIM 43-4100] "C:/Users/eleves/Desktop/ES_FPGA/TP_ASCON/project_ascon/project_ascon.srcs/sources_1/imports/RTL/fsm_moore.sv" Line 4. Module fsm_moore has a timescale but at least one module in design doesn't have timescale.
WARNING: [XSIM 43-4100] "C:/Users/eleves/Desktop/ES_FPGA/TP_ASCON/project_ascon/project_ascon.srcs/sources_1/imports/RTL/compteur_double_init.sv" Line 12. Module compteur_double_init has a timescale but at least one module in design doesn't have timescale.
WARNING: [XSIM 43-4100] "C:/Users/eleves/Desktop/ES_FPGA/TP_ASCON/project_ascon/project_ascon.srcs/sources_1/imports/RTL/mux_state.sv" Line 12. Module mux_state has a timescale but at least one module in design doesn't have timescale.
WARNING: [XSIM 43-4100] "C:/Users/eleves/Desktop/ES_FPGA/TP_ASCON/project_ascon/project_ascon.srcs/sources_1/imports/RTL/xor_begin_perm.sv" Line 12. Module xor_begin_perm has a timescale but at least one module in design doesn't have timescale.
WARNING: [XSIM 43-4100] "C:/Users/eleves/Desktop/ES_FPGA/TP_ASCON/project_ascon/project_ascon.srcs/sources_1/imports/RTL/register_w_en.sv" Line 12. Module register_w_en(nb_bits_g=64) has a timescale but at least one module in design doesn't have timescale.
WARNING: [XSIM 43-4100] "C:/Users/eleves/Desktop/ES_FPGA/TP_ASCON/project_ascon/project_ascon.srcs/sources_1/imports/RTL/xor_end_perm.sv" Line 12. Module xor_end_perm has a timescale but at least one module in design doesn't have timescale.
WARNING: [XSIM 43-4100] "C:/Users/eleves/Desktop/ES_FPGA/TP_ASCON/project_ascon/project_ascon.srcs/sources_1/imports/RTL/state_register_w_en.sv" Line 12. Module state_register_w_en has a timescale but at least one module in design doesn't have timescale.
WARNING: [XSIM 43-4100] "C:/Users/eleves/Desktop/ES_FPGA/TP_ASCON/project_ascon/project_ascon.srcs/sources_1/imports/RTL/register_w_en.sv" Line 12. Module register_w_en(nb_bits_g=128) has a timescale but at least one module in design doesn't have timescale.
WARNING: [XSIM 43-4100] "C:/Users/eleves/Desktop/ES_FPGA/TP_ASCON/project_ascon/project_ascon.srcs/sources_1/new/fsm_top.sv" Line 23. Module fsm_top has a timescale but at least one module in design doesn't have timescale.
WARNING: [XSIM 43-4100] "C:/Users/eleves/Desktop/ES_FPGA/TP_ASCON/project_ascon/project_ascon.gen/sources_1/ip/clk_wiz_0/clk_wiz_0.v" Line 65. Module clk_wiz_0 has a timescale but at least one module in design doesn't have timescale.
WARNING: [XSIM 43-4100] "C:/Users/eleves/Desktop/ES_FPGA/TP_ASCON/project_ascon/project_ascon.gen/sources_1/ip/clk_wiz_0/clk_wiz_0_clk_wiz.v" Line 65. Module clk_wiz_0_clk_wiz has a timescale but at least one module in design doesn't have timescale.
WARNING: [XSIM 43-4100] "/proj/xbuilds/SWIP/2024.2_1107_2045/installs/lin64/Vivado/2024.2/data/verilog/src/unisims/IBUF.v" Line 29. Module IBUF has a timescale but at least one module in design doesn't have timescale.
WARNING: [XSIM 43-4100] "/proj/xbuilds/SWIP/2024.2_1107_2045/installs/lin64/Vivado/2024.2/data/verilog/src/unisims/MMCME2_ADV.v" Line 123. Module MMCME2_ADV(CLKFBOUT_MULT_F=10.0,CLKIN1_PERIOD=10.0,CLKOUT0_DIVIDE_F=10.0) has a timescale but at least one module in design doesn't have timescale.
WARNING: [XSIM 43-4100] "/proj/xbuilds/SWIP/2024.2_1107_2045/installs/lin64/Vivado/2024.2/data/verilog/src/unisims/BUFG.v" Line 27. Module BUFG has a timescale but at least one module in design doesn't have timescale.
WARNING: [XSIM 43-4100] "/proj/xbuilds/SWIP/2024.2_1107_2045/installs/lin64/Vivado/2024.2/data/verilog/src/unisims/BUFG.v" Line 27. Module BUFG has a timescale but at least one module in design doesn't have timescale.
WARNING: [XSIM 43-4100] "C:/Users/eleves/Desktop/ES_FPGA/TP_ASCON/project_ascon/project_ascon.gen/sources_1/ip/blk_mem_gen_0/sim/blk_mem_gen_0.v" Line 55. Module blk_mem_gen_0 has a timescale but at least one module in design doesn't have timescale.
WARNING: [XSIM 43-4100] "/wrk/ci/prod/2024.2/sw/continuous/3059/packages/customer/vivado/data/ip/xilinx/blk_mem_gen_v8_4/simulation/blk_mem_gen_v8_4.v" Line 3457. Module blk_mem_gen_v8_4_9(C_FAMILY="zynq",C_XDEVICEFAMILY="zynq",C_ELABORATION_DIR="./",C_AXI_TYPE=1,C_MEM_TYPE=3,C_PRIM_TYPE=1,C_LOAD_INIT_FILE=1,C_INIT_FILE_NAME="blk_mem_gen_0.mif",C_INIT_FILE="blk_mem_gen_0.mem",C_HAS_ENA=0,C_WRITE_WIDTH_A=64,C_READ_WIDTH_A=64,C_WRITE_DEPTH_A=4,C_READ_DEPTH_A=4,C_ADDRA_WIDTH=2,C_INITB_VAL="0",C_HAS_ENB=0,C_WRITE_WIDTH_B=64,C_READ_WIDTH_B=64,C_WRITE_DEPTH_B=4,C_READ_DEPTH_B=4,C_ADDRB_WIDTH=2,C_SIM_COLLISION_CHECK="ALL",C_COMMON_CLK=0,C_COUNT_36K_BRAM="1",C_COUNT_18K_BRAM="0",C_EST_POWER_SUMMARY="Estimated_Power_for_IP_____:_____6.370399_mW") has a timescale but at least one module in design doesn't have timescale.
WARNING: [XSIM 43-4100] "/wrk/ci/prod/2024.2/sw/continuous/3059/packages/customer/vivado/data/ip/xilinx/blk_mem_gen_v8_4/simulation/blk_mem_gen_v8_4.v" Line 1996. Module blk_mem_gen_v8_4_9_mem_module(C_FAMILY="zynq",C_XDEVICEFAMILY="zynq",C_MEM_TYPE=3,C_PRIM_TYPE=1,C_LOAD_INIT_FILE=1,C_INIT_FILE_NAME="blk_mem_gen_0.mif",C_INIT_FILE="blk_mem_gen_0.mem",C_HAS_ENA=0,C_WRITE_WIDTH_A=64,C_READ_WIDTH_A=64,C_WRITE_DEPTH_A=4,C_READ_DEPTH_A=4,C_ADDRA_WIDTH=2,C_INITB_VAL="0",C_HAS_ENB=0,C_WRITE_WIDTH_B=64,C_READ_WIDTH_B=64,C_WRITE_DEPTH_B=4,C_READ_DEPTH_B=4,C_ADDRB_WIDTH=2,C_SIM_COLLISION_CHECK="ALL",C_COMMON_CLK=0) has a timescale but at least one module in design doesn't have timescale.
WARNING: [XSIM 43-4100] "/wrk/ci/prod/2024.2/sw/continuous/3059/packages/customer/vivado/data/ip/xilinx/blk_mem_gen_v8_4/simulation/blk_mem_gen_v8_4.v" Line 3457. Module blk_mem_gen_v8_4_9 has a timescale but at least one module in design doesn't have timescale.
WARNING: [XSIM 43-4100] "/wrk/ci/prod/2024.2/sw/continuous/3059/packages/customer/vivado/data/ip/xilinx/blk_mem_gen_v8_4/simulation/blk_mem_gen_v8_4.v" Line 3457. Module blk_mem_gen_v8_4_9(C_FAMILY="zynq",C_XDEVICEFAMILY="zynq",C_ELABORATION_DIR="./",C_AXI_TYPE=1,C_MEM_TYPE=3,C_PRIM_TYPE=1,C_LOAD_INIT_FILE=1,C_INIT_FILE_NAME="blk_mem_gen_0.mif",C_INIT_FILE="blk_mem_gen_0.mem",C_HAS_ENA=0,C_WRITE_WIDTH_A=64,C_READ_WIDTH_A=64,C_WRITE_DEPTH_A=4,C_READ_DEPTH_A=4,C_ADDRA_WIDTH=2,C_INITB_VAL="0",C_HAS_ENB=0,C_WRITE_WIDTH_B=64,C_READ_WIDTH_B=64,C_WRITE_DEPTH_B=4,C_READ_DEPTH_B=4,C_ADDRB_WIDTH=2,C_SIM_COLLISION_CHECK="ALL",C_COMMON_CLK=0,C_COUNT_36K_BRAM="1",C_COUNT_18K_BRAM="0",C_EST_POWER_SUMMARY="Estimated_Power_for_IP_____:_____6.370399_mW") has a timescale but at least one module in design doesn't have timescale.
WARNING: [XSIM 43-4100] "/wrk/ci/prod/2024.2/sw/continuous/3059/packages/customer/vivado/data/ip/xilinx/blk_mem_gen_v8_4/simulation/blk_mem_gen_v8_4.v" Line 3457. Module blk_mem_gen_v8_4_9 has a timescale but at least one module in design doesn't have timescale.
WARNING: [XSIM 43-4100] "/wrk/ci/prod/2024.2/sw/continuous/3059/packages/customer/vivado/data/ip/xilinx/blk_mem_gen_v8_4/simulation/blk_mem_gen_v8_4.v" Line 3457. Module blk_mem_gen_v8_4_9(C_FAMILY="zynq",C_XDEVICEFAMILY="zynq",C_ELABORATION_DIR="./",C_AXI_TYPE=1,C_MEM_TYPE=3,C_PRIM_TYPE=1,C_LOAD_INIT_FILE=1,C_INIT_FILE_NAME="blk_mem_gen_0.mif",C_INIT_FILE="blk_mem_gen_0.mem",C_HAS_ENA=0,C_WRITE_WIDTH_A=64,C_READ_WIDTH_A=64,C_WRITE_DEPTH_A=4,C_READ_DEPTH_A=4,C_ADDRA_WIDTH=2,C_INITB_VAL="0",C_HAS_ENB=0,C_WRITE_WIDTH_B=64,C_READ_WIDTH_B=64,C_WRITE_DEPTH_B=4,C_READ_DEPTH_B=4,C_ADDRB_WIDTH=2,C_SIM_COLLISION_CHECK="ALL",C_COMMON_CLK=0,C_COUNT_36K_BRAM="1",C_COUNT_18K_BRAM="0",C_EST_POWER_SUMMARY="Estimated_Power_for_IP_____:_____6.370399_mW") has a timescale but at least one module in design doesn't have timescale.
WARNING: [XSIM 43-4100] "/wrk/ci/prod/2024.2/sw/continuous/3059/packages/customer/vivado/data/ip/xilinx/blk_mem_gen_v8_4/simulation/blk_mem_gen_v8_4.v" Line 3457. Module blk_mem_gen_v8_4_9 has a timescale but at least one module in design doesn't have timescale.
WARNING: [XSIM 43-4100] "/wrk/ci/prod/2024.2/sw/continuous/3059/packages/customer/vivado/data/ip/xilinx/blk_mem_gen_v8_4/simulation/blk_mem_gen_v8_4.v" Line 3457. Module blk_mem_gen_v8_4_9(C_FAMILY="zynq",C_XDEVICEFAMILY="zynq",C_ELABORATION_DIR="./",C_AXI_TYPE=1,C_MEM_TYPE=3,C_PRIM_TYPE=1,C_LOAD_INIT_FILE=1,C_INIT_FILE_NAME="blk_mem_gen_0.mif",C_INIT_FILE="blk_mem_gen_0.mem",C_HAS_ENA=0,C_WRITE_WIDTH_A=64,C_READ_WIDTH_A=64,C_WRITE_DEPTH_A=4,C_READ_DEPTH_A=4,C_ADDRA_WIDTH=2,C_INITB_VAL="0",C_HAS_ENB=0,C_WRITE_WIDTH_B=64,C_READ_WIDTH_B=64,C_WRITE_DEPTH_B=4,C_READ_DEPTH_B=4,C_ADDRB_WIDTH=2,C_SIM_COLLISION_CHECK="ALL",C_COMMON_CLK=0,C_COUNT_36K_BRAM="1",C_COUNT_18K_BRAM="0",C_EST_POWER_SUMMARY="Estimated_Power_for_IP_____:_____6.370399_mW") has a timescale but at least one module in design doesn't have timescale.
WARNING: [XSIM 43-4100] "/wrk/ci/prod/2024.2/sw/continuous/3059/packages/customer/vivado/data/ip/xilinx/blk_mem_gen_v8_4/simulation/blk_mem_gen_v8_4.v" Line 3457. Module blk_mem_gen_v8_4_9 has a timescale but at least one module in design doesn't have timescale.
WARNING: [XSIM 43-4100] "/wrk/ci/prod/2024.2/sw/continuous/3059/packages/customer/vivado/data/ip/xilinx/blk_mem_gen_v8_4/simulation/blk_mem_gen_v8_4.v" Line 3457. Module blk_mem_gen_v8_4_9(C_FAMILY="zynq",C_XDEVICEFAMILY="zynq",C_ELABORATION_DIR="./",C_AXI_TYPE=1,C_MEM_TYPE=3,C_PRIM_TYPE=1,C_LOAD_INIT_FILE=1,C_INIT_FILE_NAME="blk_mem_gen_0.mif",C_INIT_FILE="blk_mem_gen_0.mem",C_HAS_ENA=0,C_WRITE_WIDTH_A=64,C_READ_WIDTH_A=64,C_WRITE_DEPTH_A=4,C_READ_DEPTH_A=4,C_ADDRA_WIDTH=2,C_INITB_VAL="0",C_HAS_ENB=0,C_WRITE_WIDTH_B=64,C_READ_WIDTH_B=64,C_WRITE_DEPTH_B=4,C_READ_DEPTH_B=4,C_ADDRB_WIDTH=2,C_SIM_COLLISION_CHECK="ALL",C_COMMON_CLK=0,C_COUNT_36K_BRAM="1",C_COUNT_18K_BRAM="0",C_EST_POWER_SUMMARY="Estimated_Power_for_IP_____:_____6.370399_mW") has a timescale but at least one module in design doesn't have timescale.
WARNING: [XSIM 43-4100] "/wrk/ci/prod/2024.2/sw/continuous/3059/packages/customer/vivado/data/ip/xilinx/blk_mem_gen_v8_4/simulation/blk_mem_gen_v8_4.v" Line 3457. Module blk_mem_gen_v8_4_9 has a timescale but at least one module in design doesn't have timescale.
WARNING: [XSIM 43-4100] "/wrk/ci/prod/2024.2/sw/continuous/3059/packages/customer/vivado/data/ip/xilinx/blk_mem_gen_v8_4/simulation/blk_mem_gen_v8_4.v" Line 3457. Module blk_mem_gen_v8_4_9(C_FAMILY="zynq",C_XDEVICEFAMILY="zynq",C_ELABORATION_DIR="./",C_AXI_TYPE=1,C_MEM_TYPE=3,C_PRIM_TYPE=1,C_LOAD_INIT_FILE=1,C_INIT_FILE_NAME="blk_mem_gen_0.mif",C_INIT_FILE="blk_mem_gen_0.mem",C_HAS_ENA=0,C_WRITE_WIDTH_A=64,C_READ_WIDTH_A=64,C_WRITE_DEPTH_A=4,C_READ_DEPTH_A=4,C_ADDRA_WIDTH=2,C_INITB_VAL="0",C_HAS_ENB=0,C_WRITE_WIDTH_B=64,C_READ_WIDTH_B=64,C_WRITE_DEPTH_B=4,C_READ_DEPTH_B=4,C_ADDRB_WIDTH=2,C_SIM_COLLISION_CHECK="ALL",C_COMMON_CLK=0,C_COUNT_36K_BRAM="1",C_COUNT_18K_BRAM="0",C_EST_POWER_SUMMARY="Estimated_Power_for_IP_____:_____6.370399_mW") has a timescale but at least one module in design doesn't have timescale.
WARNING: [XSIM 43-4100] "/wrk/ci/prod/2024.2/sw/continuous/3059/packages/customer/vivado/data/ip/xilinx/blk_mem_gen_v8_4/simulation/blk_mem_gen_v8_4.v" Line 3457. Module blk_mem_gen_v8_4_9 has a timescale but at least one module in design doesn't have timescale.
WARNING: [XSIM 43-4100] "/wrk/ci/prod/2024.2/sw/continuous/3059/packages/customer/vivado/data/ip/xilinx/blk_mem_gen_v8_4/simulation/blk_mem_gen_v8_4.v" Line 3457. Module blk_mem_gen_v8_4_9(C_FAMILY="zynq",C_XDEVICEFAMILY="zynq",C_ELABORATION_DIR="./",C_AXI_TYPE=1,C_MEM_TYPE=3,C_PRIM_TYPE=1,C_LOAD_INIT_FILE=1,C_INIT_FILE_NAME="blk_mem_gen_0.mif",C_INIT_FILE="blk_mem_gen_0.mem",C_HAS_ENA=0,C_WRITE_WIDTH_A=64,C_READ_WIDTH_A=64,C_WRITE_DEPTH_A=4,C_READ_DEPTH_A=4,C_ADDRA_WIDTH=2,C_INITB_VAL="0",C_HAS_ENB=0,C_WRITE_WIDTH_B=64,C_READ_WIDTH_B=64,C_WRITE_DEPTH_B=4,C_READ_DEPTH_B=4,C_ADDRB_WIDTH=2,C_SIM_COLLISION_CHECK="ALL",C_COMMON_CLK=0,C_COUNT_36K_BRAM="1",C_COUNT_18K_BRAM="0",C_EST_POWER_SUMMARY="Estimated_Power_for_IP_____:_____6.370399_mW") has a timescale but at least one module in design doesn't have timescale.
WARNING: [XSIM 43-4100] "/wrk/ci/prod/2024.2/sw/continuous/3059/packages/customer/vivado/data/ip/xilinx/blk_mem_gen_v8_4/simulation/blk_mem_gen_v8_4.v" Line 1608. Module blk_mem_gen_v8_4_9_output_stage(C_FAMILY="zynq",C_XDEVICEFAMILY="zynq",C_DATA_WIDTH=64,C_ADDRB_WIDTH=2,NUM_STAGES=0) has a timescale but at least one module in design doesn't have timescale.
WARNING: [XSIM 43-4100] "/wrk/ci/prod/2024.2/sw/continuous/3059/packages/customer/vivado/data/ip/xilinx/blk_mem_gen_v8_4/simulation/blk_mem_gen_v8_4.v" Line 1608. Module blk_mem_gen_v8_4_9_output_stage(C_FAMILY="zynq",C_XDEVICEFAMILY="zynq",C_DATA_WIDTH=64,C_ADDRB_WIDTH=2,NUM_STAGES=0) has a timescale but at least one module in design doesn't have timescale.
WARNING: [XSIM 43-4100] "/wrk/ci/prod/2024.2/sw/continuous/3059/packages/customer/vivado/data/ip/xilinx/blk_mem_gen_v8_4/simulation/blk_mem_gen_v8_4.v" Line 1904. Module blk_mem_gen_v8_4_9_softecc_output_reg_stage(C_DATA_WIDTH=64,C_ADDRB_WIDTH=2) has a timescale but at least one module in design doesn't have timescale.
WARNING: [XSIM 43-4100] "C:/Users/eleves/Desktop/ES_FPGA/TP_ASCON/project_ascon/project_ascon.sim/sim_1/behav/xsim/glbl.v" Line 6. Module glbl has a timescale but at least one module in design doesn't have timescale.
WARNING: [XSIM 43-4100] "C:/Users/eleves/Desktop/ES_FPGA/TP_ASCON/project_ascon/project_ascon.sim/sim_1/behav/xsim/glbl.v" Line 6. Module glbl has a timescale but at least one module in design doesn't have timescale.
Completed simulation data flow analysis
Time Resolution for simulation is 1ps
Compiling package xil_defaultlib.ascon_pack
Compiling module xil_defaultlib.fsm_moore
Compiling module xil_defaultlib.compteur_double_init
Compiling module xil_defaultlib.mux_state
Compiling module xil_defaultlib.xor_begin_perm
Compiling module xil_defaultlib.register_w_en(nb_bits_g=64)
Compiling module xil_defaultlib.Pc
Compiling module xil_defaultlib.sbox
Compiling module xil_defaultlib.Ps_default
Compiling module xil_defaultlib.Pl
Compiling module xil_defaultlib.xor_end_perm
Compiling module xil_defaultlib.state_register_w_en
Compiling module xil_defaultlib.register_w_en(nb_bits_g=128)
Compiling module xil_defaultlib.Permutation
Compiling module xil_defaultlib.ascon
Compiling module xil_defaultlib.fsm_top
Compiling module unisims_ver.IBUF
Compiling module unisims_ver.MMCME2_ADV(CLKFBOUT_MULT_F=10.0,...
Compiling module unisims_ver.BUFG
Compiling module xil_defaultlib.clk_wiz_0_clk_wiz
Compiling module xil_defaultlib.clk_wiz_0
Compiling module blk_mem_gen_v8_4_9.blk_mem_gen_v8_4_9_output_stage(...
Compiling module blk_mem_gen_v8_4_9.blk_mem_gen_v8_4_9_softecc_outpu...
Compiling module blk_mem_gen_v8_4_9.blk_mem_gen_v8_4_9_mem_module(C_...
Compiling module blk_mem_gen_v8_4_9.blk_mem_gen_v8_4_9(C_FAMILY="zyn...
Compiling module xil_defaultlib.blk_mem_gen_0
Compiling module xil_defaultlib.top_ascon
Compiling module xil_defaultlib.top_ascon_tb_2
Compiling module xil_defaultlib.glbl
Built simulation snapshot top_ascon_tb_2_behav
run_program: Time (s): cpu = 00:00:01 ; elapsed = 00:00:14 . Memory (MB): peak = 2718.520 ; gain = 0.000
INFO: [USF-XSim-69] 'elaborate' step finished in '14' seconds
launch_simulation: Time (s): cpu = 00:00:01 ; elapsed = 00:00:15 . Memory (MB): peak = 2718.520 ; gain = 0.000
Time resolution is 1 ps
 Block Memory Generator module loading initial data...
 Block Memory Generator data initialization complete.
Block Memory Generator module top_ascon_tb_2.DUT.memory_rom.inst.native_mem_module.blk_mem_gen_v8_4_9_inst is using a behavioral model for simulation which will not precisely model memory collision behavior.
relaunch_sim: Time (s): cpu = 00:00:02 ; elapsed = 00:00:19 . Memory (MB): peak = 2718.520 ; gain = 0.000
restart
INFO: [Wavedata 42-604] Simulation restarted
run 10 us
 Block Memory Generator module loading initial data...
 Block Memory Generator data initialization complete.
Block Memory Generator module top_ascon_tb_2.DUT.memory_rom.inst.native_mem_module.blk_mem_gen_v8_4_9_inst is using a behavioral model for simulation which will not precisely model memory collision behavior.
WARNING: [filemgmt 56-199] Attempt to get parsing info during refresh. "On-the-fly" syntax checking information may be incorrect. [C:\Users\eleves\Desktop\ES_FPGA\TP_ASCON\project_ascon\project_ascon.srcs\sources_1\new\top_ascon.sv:]
WARNING: [filemgmt 56-199] Attempt to get parsing info during refresh. "On-the-fly" syntax checking information may be incorrect. [C:\Users\eleves\Desktop\ES_FPGA\TP_ASCON\project_ascon\project_ascon.srcs\sim_1\new\top_ascon_tb.sv:]
WARNING: [filemgmt 56-199] Attempt to get parsing info during refresh. "On-the-fly" syntax checking information may be incorrect. [C:\Users\eleves\Desktop\ES_FPGA\TP_ASCON\project_ascon\project_ascon.srcs\sim_1\new\top_ascon_tb_2.sv:]
WARNING: [filemgmt 56-199] Attempt to get parsing info during refresh. "On-the-fly" syntax checking information may be incorrect. [C:\Users\eleves\Desktop\ES_FPGA\TP_ASCON\project_ascon\project_ascon.srcs\sources_1\new\fsm_top.sv:]
WARNING: [filemgmt 56-199] Attempt to get parsing info during refresh. "On-the-fly" syntax checking information may be incorrect. [C:\Users\eleves\Desktop\ES_FPGA\TP_ASCON\project_ascon\project_ascon.srcs\sources_1\new\fsm_top.sv:]
WARNING: [filemgmt 56-199] Attempt to get parsing info during refresh. "On-the-fly" syntax checking information may be incorrect. [C:\Users\eleves\Desktop\ES_FPGA\TP_ASCON\project_ascon\project_ascon.srcs\sources_1\new\fsm_top.sv:]
WARNING: [filemgmt 56-199] Attempt to get parsing info during refresh. "On-the-fly" syntax checking information may be incorrect. [C:\Users\eleves\Desktop\ES_FPGA\TP_ASCON\project_ascon\project_ascon.srcs\sources_1\new\top_ascon.sv:]
WARNING: [filemgmt 56-199] Attempt to get parsing info during refresh. "On-the-fly" syntax checking information may be incorrect. [C:\Users\eleves\Desktop\ES_FPGA\TP_ASCON\project_ascon\project_ascon.srcs\sim_1\new\top_ascon_tb.sv:]
WARNING: [filemgmt 56-199] Attempt to get parsing info during refresh. "On-the-fly" syntax checking information may be incorrect. [C:\Users\eleves\Desktop\ES_FPGA\TP_ASCON\project_ascon\project_ascon.srcs\sim_1\new\top_ascon_tb_2.sv:]
WARNING: [filemgmt 56-199] Attempt to get parsing info during refresh. "On-the-fly" syntax checking information may be incorrect. [C:\Users\eleves\Desktop\ES_FPGA\TP_ASCON\project_ascon\project_ascon.srcs\sources_1\new\fsm_top.sv:]
WARNING: [filemgmt 56-199] Attempt to get parsing info during refresh. "On-the-fly" syntax checking information may be incorrect. [C:\Users\eleves\Desktop\ES_FPGA\TP_ASCON\project_ascon\project_ascon.srcs\sim_1\new\top_ascon_tb.sv:]
WARNING: [filemgmt 56-199] Attempt to get parsing info during refresh. "On-the-fly" syntax checking information may be incorrect. [C:\Users\eleves\Desktop\ES_FPGA\TP_ASCON\project_ascon\project_ascon.srcs\sim_1\new\top_ascon_tb.sv:]
ERROR: [Common 17-180] Spawn failed: No error
WARNING: [filemgmt 56-199] Attempt to get parsing info during refresh. "On-the-fly" syntax checking information may be incorrect. [C:\Users\eleves\Desktop\ES_FPGA\TP_ASCON\project_ascon\project_ascon.srcs\sources_1\new\top_ascon.sv:]
WARNING: [filemgmt 56-199] Attempt to get parsing info during refresh. "On-the-fly" syntax checking information may be incorrect. [C:\Users\eleves\Desktop\ES_FPGA\TP_ASCON\project_ascon\project_ascon.srcs\sim_1\new\top_ascon_tb.sv:]
WARNING: [filemgmt 56-199] Attempt to get parsing info during refresh. "On-the-fly" syntax checking information may be incorrect. [C:\Users\eleves\Desktop\ES_FPGA\TP_ASCON\project_ascon\project_ascon.srcs\sim_1\new\top_ascon_tb_2.sv:]
WARNING: [filemgmt 56-199] Attempt to get parsing info during refresh. "On-the-fly" syntax checking information may be incorrect. [C:\Users\eleves\Desktop\ES_FPGA\TP_ASCON\project_ascon\project_ascon.srcs\sources_1\new\fsm_top.sv:]
WARNING: [filemgmt 56-199] Attempt to get parsing info during refresh. "On-the-fly" syntax checking information may be incorrect. [C:\Users\eleves\Desktop\ES_FPGA\TP_ASCON\project_ascon\project_ascon.srcs\sim_1\new\top_ascon_tb_2.sv:]
WARNING: [filemgmt 56-199] Attempt to get parsing info during refresh. "On-the-fly" syntax checking information may be incorrect. [C:\Users\eleves\Desktop\ES_FPGA\TP_ASCON\project_ascon\project_ascon.srcs\sim_1\new\top_ascon_tb_2.sv:]
ERROR: [Common 17-180] Spawn failed: No error
WARNING: [filemgmt 56-199] Attempt to get parsing info during refresh. "On-the-fly" syntax checking information may be incorrect. [C:\Users\eleves\Desktop\ES_FPGA\TP_ASCON\project_ascon\project_ascon.srcs\sources_1\new\top_ascon.sv:]
WARNING: [filemgmt 56-199] Attempt to get parsing info during refresh. "On-the-fly" syntax checking information may be incorrect. [C:\Users\eleves\Desktop\ES_FPGA\TP_ASCON\project_ascon\project_ascon.srcs\sim_1\new\top_ascon_tb.sv:]
WARNING: [filemgmt 56-199] Attempt to get parsing info during refresh. "On-the-fly" syntax checking information may be incorrect. [C:\Users\eleves\Desktop\ES_FPGA\TP_ASCON\project_ascon\project_ascon.srcs\sim_1\new\top_ascon_tb_2.sv:]
WARNING: [filemgmt 56-199] Attempt to get parsing info during refresh. "On-the-fly" syntax checking information may be incorrect. [C:\Users\eleves\Desktop\ES_FPGA\TP_ASCON\project_ascon\project_ascon.srcs\sources_1\new\fsm_top.sv:]
WARNING: [filemgmt 56-199] Attempt to get parsing info during refresh. "On-the-fly" syntax checking information may be incorrect. [C:\Users\eleves\Desktop\ES_FPGA\TP_ASCON\project_ascon\project_ascon.srcs\sim_1\new\top_ascon_tb_2.sv:]
WARNING: [filemgmt 56-199] Attempt to get parsing info during refresh. "On-the-fly" syntax checking information may be incorrect. [C:\Users\eleves\Desktop\ES_FPGA\TP_ASCON\project_ascon\project_ascon.srcs\sim_1\new\top_ascon_tb_2.sv:]
WARNING: [filemgmt 56-199] Attempt to get parsing info during refresh. "On-the-fly" syntax checking information may be incorrect. [C:\Users\eleves\Desktop\ES_FPGA\TP_ASCON\project_ascon\project_ascon.srcs\sources_1\new\top_ascon.sv:]
WARNING: [filemgmt 56-199] Attempt to get parsing info during refresh. "On-the-fly" syntax checking information may be incorrect. [C:\Users\eleves\Desktop\ES_FPGA\TP_ASCON\project_ascon\project_ascon.srcs\sim_1\new\top_ascon_tb.sv:]
WARNING: [filemgmt 56-199] Attempt to get parsing info during refresh. "On-the-fly" syntax checking information may be incorrect. [C:\Users\eleves\Desktop\ES_FPGA\TP_ASCON\project_ascon\project_ascon.srcs\sim_1\new\top_ascon_tb_2.sv:]
WARNING: [filemgmt 56-199] Attempt to get parsing info during refresh. "On-the-fly" syntax checking information may be incorrect. [C:\Users\eleves\Desktop\ES_FPGA\TP_ASCON\project_ascon\project_ascon.srcs\sources_1\new\fsm_top.sv:]
WARNING: [filemgmt 56-199] Attempt to get parsing info during refresh. "On-the-fly" syntax checking information may be incorrect. [C:\Users\eleves\Desktop\ES_FPGA\TP_ASCON\project_ascon\project_ascon.srcs\sim_1\new\top_ascon_tb.sv:]
WARNING: [filemgmt 56-199] Attempt to get parsing info during refresh. "On-the-fly" syntax checking information may be incorrect. [C:\Users\eleves\Desktop\ES_FPGA\TP_ASCON\project_ascon\project_ascon.srcs\sim_1\new\top_ascon_tb.sv:]
ERROR: [Common 17-180] Spawn failed: No error
WARNING: [filemgmt 56-199] Attempt to get parsing info during refresh. "On-the-fly" syntax checking information may be incorrect. [C:\Users\eleves\Desktop\ES_FPGA\TP_ASCON\project_ascon\project_ascon.srcs\sources_1\new\top_ascon.sv:]
WARNING: [filemgmt 56-199] Attempt to get parsing info during refresh. "On-the-fly" syntax checking information may be incorrect. [C:\Users\eleves\Desktop\ES_FPGA\TP_ASCON\project_ascon\project_ascon.srcs\sim_1\new\top_ascon_tb.sv:]
WARNING: [filemgmt 56-199] Attempt to get parsing info during refresh. "On-the-fly" syntax checking information may be incorrect. [C:\Users\eleves\Desktop\ES_FPGA\TP_ASCON\project_ascon\project_ascon.srcs\sim_1\new\top_ascon_tb_2.sv:]
WARNING: [filemgmt 56-199] Attempt to get parsing info during refresh. "On-the-fly" syntax checking information may be incorrect. [C:\Users\eleves\Desktop\ES_FPGA\TP_ASCON\project_ascon\project_ascon.srcs\sources_1\new\fsm_top.sv:]
WARNING: [filemgmt 56-199] Attempt to get parsing info during refresh. "On-the-fly" syntax checking information may be incorrect. [C:\Users\eleves\Desktop\ES_FPGA\TP_ASCON\project_ascon\project_ascon.srcs\sources_1\new\fsm_top.sv:]
WARNING: [filemgmt 56-199] Attempt to get parsing info during refresh. "On-the-fly" syntax checking information may be incorrect. [C:\Users\eleves\Desktop\ES_FPGA\TP_ASCON\project_ascon\project_ascon.srcs\sources_1\new\fsm_top.sv:]
ERROR: [Common 17-180] Spawn failed: No error
WARNING: [filemgmt 56-199] Attempt to get parsing info during refresh. "On-the-fly" syntax checking information may be incorrect. [C:\Users\eleves\Desktop\ES_FPGA\TP_ASCON\project_ascon\project_ascon.srcs\sources_1\new\top_ascon.sv:]
WARNING: [filemgmt 56-199] Attempt to get parsing info during refresh. "On-the-fly" syntax checking information may be incorrect. [C:\Users\eleves\Desktop\ES_FPGA\TP_ASCON\project_ascon\project_ascon.srcs\sim_1\new\top_ascon_tb.sv:]
WARNING: [filemgmt 56-199] Attempt to get parsing info during refresh. "On-the-fly" syntax checking information may be incorrect. [C:\Users\eleves\Desktop\ES_FPGA\TP_ASCON\project_ascon\project_ascon.srcs\sim_1\new\top_ascon_tb_2.sv:]
WARNING: [filemgmt 56-199] Attempt to get parsing info during refresh. "On-the-fly" syntax checking information may be incorrect. [C:\Users\eleves\Desktop\ES_FPGA\TP_ASCON\project_ascon\project_ascon.srcs\sources_1\new\fsm_top.sv:]
WARNING: [filemgmt 56-199] Attempt to get parsing info during refresh. "On-the-fly" syntax checking information may be incorrect. [C:\Users\eleves\Desktop\ES_FPGA\TP_ASCON\project_ascon\project_ascon.srcs\sources_1\new\fsm_top.sv:]
WARNING: [filemgmt 56-199] Attempt to get parsing info during refresh. "On-the-fly" syntax checking information may be incorrect. [C:\Users\eleves\Desktop\ES_FPGA\TP_ASCON\project_ascon\project_ascon.srcs\sources_1\new\fsm_top.sv:]
WARNING: [filemgmt 56-199] Attempt to get parsing info during refresh. "On-the-fly" syntax checking information may be incorrect. [C:\Users\eleves\Desktop\ES_FPGA\TP_ASCON\project_ascon\project_ascon.srcs\sources_1\new\top_ascon.sv:]
WARNING: [filemgmt 56-199] Attempt to get parsing info during refresh. "On-the-fly" syntax checking information may be incorrect. [C:\Users\eleves\Desktop\ES_FPGA\TP_ASCON\project_ascon\project_ascon.srcs\sim_1\new\top_ascon_tb.sv:]
WARNING: [filemgmt 56-199] Attempt to get parsing info during refresh. "On-the-fly" syntax checking information may be incorrect. [C:\Users\eleves\Desktop\ES_FPGA\TP_ASCON\project_ascon\project_ascon.srcs\sim_1\new\top_ascon_tb_2.sv:]
WARNING: [filemgmt 56-199] Attempt to get parsing info during refresh. "On-the-fly" syntax checking information may be incorrect. [C:\Users\eleves\Desktop\ES_FPGA\TP_ASCON\project_ascon\project_ascon.srcs\sources_1\new\fsm_top.sv:]
WARNING: [filemgmt 56-199] Attempt to get parsing info during refresh. "On-the-fly" syntax checking information may be incorrect. [C:\Users\eleves\Desktop\ES_FPGA\TP_ASCON\project_ascon\project_ascon.srcs\sim_1\new\top_ascon_tb.sv:]
WARNING: [filemgmt 56-199] Attempt to get parsing info during refresh. "On-the-fly" syntax checking information may be incorrect. [C:\Users\eleves\Desktop\ES_FPGA\TP_ASCON\project_ascon\project_ascon.srcs\sim_1\new\top_ascon_tb.sv:]
ERROR: [Common 17-180] Spawn failed: No error
WARNING: [filemgmt 56-199] Attempt to get parsing info during refresh. "On-the-fly" syntax checking information may be incorrect. [C:\Users\eleves\Desktop\ES_FPGA\TP_ASCON\project_ascon\project_ascon.srcs\sources_1\new\top_ascon.sv:]
WARNING: [filemgmt 56-199] Attempt to get parsing info during refresh. "On-the-fly" syntax checking information may be incorrect. [C:\Users\eleves\Desktop\ES_FPGA\TP_ASCON\project_ascon\project_ascon.srcs\sim_1\new\top_ascon_tb.sv:]
WARNING: [filemgmt 56-199] Attempt to get parsing info during refresh. "On-the-fly" syntax checking information may be incorrect. [C:\Users\eleves\Desktop\ES_FPGA\TP_ASCON\project_ascon\project_ascon.srcs\sim_1\new\top_ascon_tb_2.sv:]
WARNING: [filemgmt 56-199] Attempt to get parsing info during refresh. "On-the-fly" syntax checking information may be incorrect. [C:\Users\eleves\Desktop\ES_FPGA\TP_ASCON\project_ascon\project_ascon.srcs\sources_1\new\fsm_top.sv:]
WARNING: [filemgmt 56-199] Attempt to get parsing info during refresh. "On-the-fly" syntax checking information may be incorrect. [C:\Users\eleves\Desktop\ES_FPGA\TP_ASCON\project_ascon\project_ascon.srcs\sim_1\new\top_ascon_tb_2.sv:]
WARNING: [filemgmt 56-199] Attempt to get parsing info during refresh. "On-the-fly" syntax checking information may be incorrect. [C:\Users\eleves\Desktop\ES_FPGA\TP_ASCON\project_ascon\project_ascon.srcs\sim_1\new\top_ascon_tb_2.sv:]
ERROR: [Common 17-180] Spawn failed: No error
WARNING: [filemgmt 56-199] Attempt to get parsing info during refresh. "On-the-fly" syntax checking information may be incorrect. [C:\Users\eleves\Desktop\ES_FPGA\TP_ASCON\project_ascon\project_ascon.srcs\sources_1\new\top_ascon.sv:]
WARNING: [filemgmt 56-199] Attempt to get parsing info during refresh. "On-the-fly" syntax checking information may be incorrect. [C:\Users\eleves\Desktop\ES_FPGA\TP_ASCON\project_ascon\project_ascon.srcs\sim_1\new\top_ascon_tb.sv:]
WARNING: [filemgmt 56-199] Attempt to get parsing info during refresh. "On-the-fly" syntax checking information may be incorrect. [C:\Users\eleves\Desktop\ES_FPGA\TP_ASCON\project_ascon\project_ascon.srcs\sim_1\new\top_ascon_tb_2.sv:]
WARNING: [filemgmt 56-199] Attempt to get parsing info during refresh. "On-the-fly" syntax checking information may be incorrect. [C:\Users\eleves\Desktop\ES_FPGA\TP_ASCON\project_ascon\project_ascon.srcs\sources_1\new\fsm_top.sv:]
WARNING: [filemgmt 56-199] Attempt to get parsing info during refresh. "On-the-fly" syntax checking information may be incorrect. [C:\Users\eleves\Desktop\ES_FPGA\TP_ASCON\project_ascon\project_ascon.srcs\sources_1\new\fsm_top.sv:]
WARNING: [filemgmt 56-199] Attempt to get parsing info during refresh. "On-the-fly" syntax checking information may be incorrect. [C:\Users\eleves\Desktop\ES_FPGA\TP_ASCON\project_ascon\project_ascon.srcs\sources_1\new\fsm_top.sv:]
WARNING: [filemgmt 56-199] Attempt to get parsing info during refresh. "On-the-fly" syntax checking information may be incorrect. [C:\Users\eleves\Desktop\ES_FPGA\TP_ASCON\project_ascon\project_ascon.srcs\sources_1\new\top_ascon.sv:]
WARNING: [filemgmt 56-199] Attempt to get parsing info during refresh. "On-the-fly" syntax checking information may be incorrect. [C:\Users\eleves\Desktop\ES_FPGA\TP_ASCON\project_ascon\project_ascon.srcs\sim_1\new\top_ascon_tb.sv:]
WARNING: [filemgmt 56-199] Attempt to get parsing info during refresh. "On-the-fly" syntax checking information may be incorrect. [C:\Users\eleves\Desktop\ES_FPGA\TP_ASCON\project_ascon\project_ascon.srcs\sim_1\new\top_ascon_tb_2.sv:]
WARNING: [filemgmt 56-199] Attempt to get parsing info during refresh. "On-the-fly" syntax checking information may be incorrect. [C:\Users\eleves\Desktop\ES_FPGA\TP_ASCON\project_ascon\project_ascon.srcs\sources_1\new\fsm_top.sv:]
WARNING: [filemgmt 56-199] Attempt to get parsing info during refresh. "On-the-fly" syntax checking information may be incorrect. [C:\Users\eleves\Desktop\ES_FPGA\TP_ASCON\project_ascon\project_ascon.srcs\sim_1\new\top_ascon_tb.sv:]
WARNING: [filemgmt 56-199] Attempt to get parsing info during refresh. "On-the-fly" syntax checking information may be incorrect. [C:\Users\eleves\Desktop\ES_FPGA\TP_ASCON\project_ascon\project_ascon.srcs\sim_1\new\top_ascon_tb.sv:]
ERROR: [Common 17-180] Spawn failed: No error
WARNING: [filemgmt 56-199] Attempt to get parsing info during refresh. "On-the-fly" syntax checking information may be incorrect. [C:\Users\eleves\Desktop\ES_FPGA\TP_ASCON\project_ascon\project_ascon.srcs\sources_1\new\top_ascon.sv:]
WARNING: [filemgmt 56-199] Attempt to get parsing info during refresh. "On-the-fly" syntax checking information may be incorrect. [C:\Users\eleves\Desktop\ES_FPGA\TP_ASCON\project_ascon\project_ascon.srcs\sim_1\new\top_ascon_tb.sv:]
WARNING: [filemgmt 56-199] Attempt to get parsing info during refresh. "On-the-fly" syntax checking information may be incorrect. [C:\Users\eleves\Desktop\ES_FPGA\TP_ASCON\project_ascon\project_ascon.srcs\sim_1\new\top_ascon_tb_2.sv:]
WARNING: [filemgmt 56-199] Attempt to get parsing info during refresh. "On-the-fly" syntax checking information may be incorrect. [C:\Users\eleves\Desktop\ES_FPGA\TP_ASCON\project_ascon\project_ascon.srcs\sources_1\new\fsm_top.sv:]
WARNING: [filemgmt 56-199] Attempt to get parsing info during refresh. "On-the-fly" syntax checking information may be incorrect. [C:\Users\eleves\Desktop\ES_FPGA\TP_ASCON\project_ascon\project_ascon.srcs\sim_1\new\top_ascon_tb_2.sv:]
WARNING: [filemgmt 56-199] Attempt to get parsing info during refresh. "On-the-fly" syntax checking information may be incorrect. [C:\Users\eleves\Desktop\ES_FPGA\TP_ASCON\project_ascon\project_ascon.srcs\sim_1\new\top_ascon_tb_2.sv:]
ERROR: [Common 17-180] Spawn failed: No error
WARNING: [filemgmt 56-199] Attempt to get parsing info during refresh. "On-the-fly" syntax checking information may be incorrect. [C:\Users\eleves\Desktop\ES_FPGA\TP_ASCON\project_ascon\project_ascon.srcs\sources_1\new\top_ascon.sv:]
WARNING: [filemgmt 56-199] Attempt to get parsing info during refresh. "On-the-fly" syntax checking information may be incorrect. [C:\Users\eleves\Desktop\ES_FPGA\TP_ASCON\project_ascon\project_ascon.srcs\sim_1\new\top_ascon_tb.sv:]
WARNING: [filemgmt 56-199] Attempt to get parsing info during refresh. "On-the-fly" syntax checking information may be incorrect. [C:\Users\eleves\Desktop\ES_FPGA\TP_ASCON\project_ascon\project_ascon.srcs\sim_1\new\top_ascon_tb_2.sv:]
WARNING: [filemgmt 56-199] Attempt to get parsing info during refresh. "On-the-fly" syntax checking information may be incorrect. [C:\Users\eleves\Desktop\ES_FPGA\TP_ASCON\project_ascon\project_ascon.srcs\sources_1\new\fsm_top.sv:]
WARNING: [filemgmt 56-199] Attempt to get parsing info during refresh. "On-the-fly" syntax checking information may be incorrect. [C:\Users\eleves\Desktop\ES_FPGA\TP_ASCON\project_ascon\project_ascon.srcs\sources_1\new\fsm_top.sv:]
WARNING: [filemgmt 56-199] Attempt to get parsing info during refresh. "On-the-fly" syntax checking information may be incorrect. [C:\Users\eleves\Desktop\ES_FPGA\TP_ASCON\project_ascon\project_ascon.srcs\sources_1\new\fsm_top.sv:]
WARNING: [filemgmt 56-199] Attempt to get parsing info during refresh. "On-the-fly" syntax checking information may be incorrect. [C:\Users\eleves\Desktop\ES_FPGA\TP_ASCON\project_ascon\project_ascon.srcs\sources_1\new\top_ascon.sv:]
WARNING: [filemgmt 56-199] Attempt to get parsing info during refresh. "On-the-fly" syntax checking information may be incorrect. [C:\Users\eleves\Desktop\ES_FPGA\TP_ASCON\project_ascon\project_ascon.srcs\sim_1\new\top_ascon_tb.sv:]
WARNING: [filemgmt 56-199] Attempt to get parsing info during refresh. "On-the-fly" syntax checking information may be incorrect. [C:\Users\eleves\Desktop\ES_FPGA\TP_ASCON\project_ascon\project_ascon.srcs\sim_1\new\top_ascon_tb_2.sv:]
WARNING: [filemgmt 56-199] Attempt to get parsing info during refresh. "On-the-fly" syntax checking information may be incorrect. [C:\Users\eleves\Desktop\ES_FPGA\TP_ASCON\project_ascon\project_ascon.srcs\sources_1\new\fsm_top.sv:]
WARNING: [filemgmt 56-199] Attempt to get parsing info during refresh. "On-the-fly" syntax checking information may be incorrect. [C:\Users\eleves\Desktop\ES_FPGA\TP_ASCON\project_ascon\project_ascon.srcs\sim_1\new\top_ascon_tb.sv:]
WARNING: [filemgmt 56-199] Attempt to get parsing info during refresh. "On-the-fly" syntax checking information may be incorrect. [C:\Users\eleves\Desktop\ES_FPGA\TP_ASCON\project_ascon\project_ascon.srcs\sim_1\new\top_ascon_tb.sv:]
ERROR: [Common 17-180] Spawn failed: No error
WARNING: [filemgmt 56-199] Attempt to get parsing info during refresh. "On-the-fly" syntax checking information may be incorrect. [C:\Users\eleves\Desktop\ES_FPGA\TP_ASCON\project_ascon\project_ascon.srcs\sources_1\new\top_ascon.sv:]
WARNING: [filemgmt 56-199] Attempt to get parsing info during refresh. "On-the-fly" syntax checking information may be incorrect. [C:\Users\eleves\Desktop\ES_FPGA\TP_ASCON\project_ascon\project_ascon.srcs\sim_1\new\top_ascon_tb.sv:]
WARNING: [filemgmt 56-199] Attempt to get parsing info during refresh. "On-the-fly" syntax checking information may be incorrect. [C:\Users\eleves\Desktop\ES_FPGA\TP_ASCON\project_ascon\project_ascon.srcs\sim_1\new\top_ascon_tb_2.sv:]
WARNING: [filemgmt 56-199] Attempt to get parsing info during refresh. "On-the-fly" syntax checking information may be incorrect. [C:\Users\eleves\Desktop\ES_FPGA\TP_ASCON\project_ascon\project_ascon.srcs\sources_1\new\fsm_top.sv:]
WARNING: [filemgmt 56-199] Attempt to get parsing info during refresh. "On-the-fly" syntax checking information may be incorrect. [C:\Users\eleves\Desktop\ES_FPGA\TP_ASCON\project_ascon\project_ascon.srcs\sources_1\new\top_ascon.sv:]
WARNING: [filemgmt 56-199] Attempt to get parsing info during refresh. "On-the-fly" syntax checking information may be incorrect. [C:\Users\eleves\Desktop\ES_FPGA\TP_ASCON\project_ascon\project_ascon.srcs\sources_1\new\top_ascon.sv:]
ERROR: [Common 17-180] Spawn failed: No error
relaunch_sim
Command: launch_simulation -step compile -simset sim_1 -mode behavioral
INFO: [Vivado 12-12493] Simulation top is 'top_ascon_tb_2'
WARNING: [Vivado 12-13340] Unable to auto find GCC executables from simulator install path! (path not set)
INFO: [Vivado 12-5698] Checking validity of IPs in the design for the 'XSim' simulator...
INFO: [Vivado 12-5682] Launching behavioral simulation in 'C:/Users/eleves/Desktop/ES_FPGA/TP_ASCON/project_ascon/project_ascon.sim/sim_1/behav/xsim'
INFO: [Vivado 12-4795] Using compiled simulation libraries for IPs
INFO: [SIM-utils-51] Simulation object is 'sim_1'
INFO: [USF-XSim-2] XSim::Compile design
INFO: [USF-XSim-61] Executing 'COMPILE and ANALYZE' step in 'C:/Users/eleves/Desktop/ES_FPGA/TP_ASCON/project_ascon/project_ascon.sim/sim_1/behav/xsim'
"xvlog --incr --relax -L uvm -prj top_ascon_tb_2_vlog.prj"
INFO: [VRFC 10-2263] Analyzing SystemVerilog file "C:/Users/eleves/Desktop/ES_FPGA/TP_ASCON/project_ascon/project_ascon.srcs/sources_1/imports/RTL/ascon_pack.sv" into library xil_defaultlib
INFO: [VRFC 10-2263] Analyzing SystemVerilog file "C:/Users/eleves/Desktop/ES_FPGA/TP_ASCON/project_ascon/project_ascon.srcs/sources_1/imports/RTL/Pc.sv" into library xil_defaultlib
INFO: [VRFC 10-311] analyzing module Pc
INFO: [VRFC 10-2263] Analyzing SystemVerilog file "C:/Users/eleves/Desktop/ES_FPGA/TP_ASCON/project_ascon/project_ascon.srcs/sources_1/imports/RTL/Permutation.sv" into library xil_defaultlib
INFO: [VRFC 10-311] analyzing module Permutation
INFO: [VRFC 10-2263] Analyzing SystemVerilog file "C:/Users/eleves/Desktop/ES_FPGA/TP_ASCON/project_ascon/project_ascon.srcs/sources_1/imports/RTL/Pl.sv" into library xil_defaultlib
INFO: [VRFC 10-311] analyzing module Pl
INFO: [VRFC 10-2263] Analyzing SystemVerilog file "C:/Users/eleves/Desktop/ES_FPGA/TP_ASCON/project_ascon/project_ascon.srcs/sources_1/imports/RTL/Ps.sv" into library xil_defaultlib
INFO: [VRFC 10-311] analyzing module Ps
INFO: [VRFC 10-2263] Analyzing SystemVerilog file "C:/Users/eleves/Desktop/ES_FPGA/TP_ASCON/project_ascon/project_ascon.srcs/sources_1/imports/RTL/Sbox.sv" into library xil_defaultlib
INFO: [VRFC 10-311] analyzing module sbox
INFO: [VRFC 10-2263] Analyzing SystemVerilog file "C:/Users/eleves/Desktop/ES_FPGA/TP_ASCON/project_ascon/project_ascon.srcs/sources_1/imports/RTL/ascon.sv" into library xil_defaultlib
INFO: [VRFC 10-311] analyzing module ascon
INFO: [VRFC 10-2263] Analyzing SystemVerilog file "C:/Users/eleves/Desktop/ES_FPGA/TP_ASCON/project_ascon/project_ascon.srcs/sources_1/imports/RTL/compteur_double_init.sv" into library xil_defaultlib
INFO: [VRFC 10-311] analyzing module compteur_double_init
INFO: [VRFC 10-2263] Analyzing SystemVerilog file "C:/Users/eleves/Desktop/ES_FPGA/TP_ASCON/project_ascon/project_ascon.srcs/sources_1/imports/RTL/fsm_moore.sv" into library xil_defaultlib
INFO: [VRFC 10-311] analyzing module fsm_moore
INFO: [VRFC 10-2263] Analyzing SystemVerilog file "C:/Users/eleves/Desktop/ES_FPGA/TP_ASCON/project_ascon/project_ascon.srcs/sources_1/new/fsm_top.sv" into library xil_defaultlib
INFO: [VRFC 10-311] analyzing module fsm_top
INFO: [VRFC 10-2263] Analyzing SystemVerilog file "C:/Users/eleves/Desktop/ES_FPGA/TP_ASCON/project_ascon/project_ascon.srcs/sources_1/imports/RTL/mux_state.sv" into library xil_defaultlib
INFO: [VRFC 10-311] analyzing module mux_state
INFO: [VRFC 10-2263] Analyzing SystemVerilog file "C:/Users/eleves/Desktop/ES_FPGA/TP_ASCON/project_ascon/project_ascon.srcs/sources_1/imports/RTL/register_w_en.sv" into library xil_defaultlib
INFO: [VRFC 10-311] analyzing module register_w_en
INFO: [VRFC 10-2263] Analyzing SystemVerilog file "C:/Users/eleves/Desktop/ES_FPGA/TP_ASCON/project_ascon/project_ascon.srcs/sources_1/imports/RTL/state_register_w_en.sv" into library xil_defaultlib
INFO: [VRFC 10-311] analyzing module state_register_w_en
INFO: [VRFC 10-2263] Analyzing SystemVerilog file "C:/Users/eleves/Desktop/ES_FPGA/TP_ASCON/project_ascon/project_ascon.srcs/sources_1/new/top_ascon.sv" into library xil_defaultlib
INFO: [VRFC 10-311] analyzing module top_ascon
INFO: [VRFC 10-2263] Analyzing SystemVerilog file "C:/Users/eleves/Desktop/ES_FPGA/TP_ASCON/project_ascon/project_ascon.srcs/sources_1/imports/RTL/xor_begin_perm.sv" into library xil_defaultlib
INFO: [VRFC 10-311] analyzing module xor_begin_perm
INFO: [VRFC 10-2263] Analyzing SystemVerilog file "C:/Users/eleves/Desktop/ES_FPGA/TP_ASCON/project_ascon/project_ascon.srcs/sources_1/imports/RTL/xor_end_perm.sv" into library xil_defaultlib
INFO: [VRFC 10-311] analyzing module xor_end_perm
INFO: [VRFC 10-2263] Analyzing SystemVerilog file "C:/Users/eleves/Desktop/ES_FPGA/TP_ASCON/project_ascon/project_ascon.srcs/sim_1/new/top_ascon_tb_2.sv" into library xil_defaultlib
INFO: [VRFC 10-311] analyzing module top_ascon_tb_2
INFO: [USF-XSim-69] 'compile' step finished in '1' seconds
Command: launch_simulation -step elaborate -simset sim_1 -mode behavioral
INFO: [Vivado 12-12493] Simulation top is 'top_ascon_tb_2'
WARNING: [Vivado 12-13340] Unable to auto find GCC executables from simulator install path! (path not set)
INFO: [Vivado 12-5698] Checking validity of IPs in the design for the 'XSim' simulator...
INFO: [Vivado 12-5682] Launching behavioral simulation in 'C:/Users/eleves/Desktop/ES_FPGA/TP_ASCON/project_ascon/project_ascon.sim/sim_1/behav/xsim'
INFO: [Vivado 12-4795] Using compiled simulation libraries for IPs
INFO: [SIM-utils-51] Simulation object is 'sim_1'
INFO: [USF-XSim-3] XSim::Elaborate design
INFO: [USF-XSim-61] Executing 'ELABORATE' step in 'C:/Users/eleves/Desktop/ES_FPGA/TP_ASCON/project_ascon/project_ascon.sim/sim_1/behav/xsim'
"xelab --incr --debug typical --relax --mt 2 -L xil_defaultlib -L blk_mem_gen_v8_4_9 -L uvm -L unisims_ver -L unimacro_ver -L secureip -L xpm --snapshot top_ascon_tb_2_behav xil_defaultlib.top_ascon_tb_2 xil_defaultlib.glbl -log elaborate.log"
Vivado Simulator v2024.2.0
Copyright 1986-2022 Xilinx, Inc. All Rights Reserved.
Copyright 2022-2024 Advanced Micro Devices, Inc. All Rights Reserved.
Running: C:/Xilinx/Vivado/2024.2/bin/unwrapped/win64.o/xelab.exe --incr --debug typical --relax --mt 2 -L xil_defaultlib -L blk_mem_gen_v8_4_9 -L uvm -L unisims_ver -L unimacro_ver -L secureip -L xpm --snapshot top_ascon_tb_2_behav xil_defaultlib.top_ascon_tb_2 xil_defaultlib.glbl -log elaborate.log 
Using 2 slave threads.
Starting static elaboration
Pass Through NonSizing Optimizer
WARNING: [VRFC 10-3091] actual bit length 8 differs from formal bit length 4 for port 'mux2_i' [C:/Users/eleves/Desktop/ES_FPGA/TP_ASCON/project_ascon/project_ascon.srcs/sim_1/new/top_ascon_tb_2.sv:38]
WARNING: [VRFC 10-3823] variable 'affichage_s' might have multiple concurrent drivers [C:/Users/eleves/Desktop/ES_FPGA/TP_ASCON/project_ascon/project_ascon.srcs/sim_1/new/top_ascon_tb_2.sv:48]
Completed static elaboration
Starting simulation data flow analysis
WARNING: [XSIM 43-4100] "C:/Users/eleves/Desktop/ES_FPGA/TP_ASCON/project_ascon/project_ascon.srcs/sim_1/new/top_ascon_tb_2.sv" Line 23. Module top_ascon_tb_2 has a timescale but at least one module in design doesn't have timescale.
WARNING: [XSIM 43-4100] "C:/Users/eleves/Desktop/ES_FPGA/TP_ASCON/project_ascon/project_ascon.srcs/sources_1/new/top_ascon.sv" Line 23. Module top_ascon has a timescale but at least one module in design doesn't have timescale.
WARNING: [XSIM 43-4100] "C:/Users/eleves/Desktop/ES_FPGA/TP_ASCON/project_ascon/project_ascon.srcs/sources_1/imports/RTL/ascon.sv" Line 5. Module ascon has a timescale but at least one module in design doesn't have timescale.
WARNING: [XSIM 43-4100] "C:/Users/eleves/Desktop/ES_FPGA/TP_ASCON/project_ascon/project_ascon.srcs/sources_1/imports/RTL/fsm_moore.sv" Line 4. Module fsm_moore has a timescale but at least one module in design doesn't have timescale.
WARNING: [XSIM 43-4100] "C:/Users/eleves/Desktop/ES_FPGA/TP_ASCON/project_ascon/project_ascon.srcs/sources_1/imports/RTL/compteur_double_init.sv" Line 12. Module compteur_double_init has a timescale but at least one module in design doesn't have timescale.
WARNING: [XSIM 43-4100] "C:/Users/eleves/Desktop/ES_FPGA/TP_ASCON/project_ascon/project_ascon.srcs/sources_1/imports/RTL/mux_state.sv" Line 12. Module mux_state has a timescale but at least one module in design doesn't have timescale.
WARNING: [XSIM 43-4100] "C:/Users/eleves/Desktop/ES_FPGA/TP_ASCON/project_ascon/project_ascon.srcs/sources_1/imports/RTL/xor_begin_perm.sv" Line 12. Module xor_begin_perm has a timescale but at least one module in design doesn't have timescale.
WARNING: [XSIM 43-4100] "C:/Users/eleves/Desktop/ES_FPGA/TP_ASCON/project_ascon/project_ascon.srcs/sources_1/imports/RTL/register_w_en.sv" Line 12. Module register_w_en(nb_bits_g=64) has a timescale but at least one module in design doesn't have timescale.
WARNING: [XSIM 43-4100] "C:/Users/eleves/Desktop/ES_FPGA/TP_ASCON/project_ascon/project_ascon.srcs/sources_1/imports/RTL/xor_end_perm.sv" Line 12. Module xor_end_perm has a timescale but at least one module in design doesn't have timescale.
WARNING: [XSIM 43-4100] "C:/Users/eleves/Desktop/ES_FPGA/TP_ASCON/project_ascon/project_ascon.srcs/sources_1/imports/RTL/state_register_w_en.sv" Line 12. Module state_register_w_en has a timescale but at least one module in design doesn't have timescale.
WARNING: [XSIM 43-4100] "C:/Users/eleves/Desktop/ES_FPGA/TP_ASCON/project_ascon/project_ascon.srcs/sources_1/imports/RTL/register_w_en.sv" Line 12. Module register_w_en(nb_bits_g=128) has a timescale but at least one module in design doesn't have timescale.
WARNING: [XSIM 43-4100] "C:/Users/eleves/Desktop/ES_FPGA/TP_ASCON/project_ascon/project_ascon.srcs/sources_1/new/fsm_top.sv" Line 23. Module fsm_top has a timescale but at least one module in design doesn't have timescale.
WARNING: [XSIM 43-4100] "C:/Users/eleves/Desktop/ES_FPGA/TP_ASCON/project_ascon/project_ascon.gen/sources_1/ip/clk_wiz_0/clk_wiz_0.v" Line 65. Module clk_wiz_0 has a timescale but at least one module in design doesn't have timescale.
WARNING: [XSIM 43-4100] "C:/Users/eleves/Desktop/ES_FPGA/TP_ASCON/project_ascon/project_ascon.gen/sources_1/ip/clk_wiz_0/clk_wiz_0_clk_wiz.v" Line 65. Module clk_wiz_0_clk_wiz has a timescale but at least one module in design doesn't have timescale.
WARNING: [XSIM 43-4100] "/proj/xbuilds/SWIP/2024.2_1107_2045/installs/lin64/Vivado/2024.2/data/verilog/src/unisims/IBUF.v" Line 29. Module IBUF has a timescale but at least one module in design doesn't have timescale.
WARNING: [XSIM 43-4100] "/proj/xbuilds/SWIP/2024.2_1107_2045/installs/lin64/Vivado/2024.2/data/verilog/src/unisims/MMCME2_ADV.v" Line 123. Module MMCME2_ADV(CLKFBOUT_MULT_F=10.0,CLKIN1_PERIOD=10.0,CLKOUT0_DIVIDE_F=10.0) has a timescale but at least one module in design doesn't have timescale.
WARNING: [XSIM 43-4100] "/proj/xbuilds/SWIP/2024.2_1107_2045/installs/lin64/Vivado/2024.2/data/verilog/src/unisims/BUFG.v" Line 27. Module BUFG has a timescale but at least one module in design doesn't have timescale.
WARNING: [XSIM 43-4100] "/proj/xbuilds/SWIP/2024.2_1107_2045/installs/lin64/Vivado/2024.2/data/verilog/src/unisims/BUFG.v" Line 27. Module BUFG has a timescale but at least one module in design doesn't have timescale.
WARNING: [XSIM 43-4100] "C:/Users/eleves/Desktop/ES_FPGA/TP_ASCON/project_ascon/project_ascon.gen/sources_1/ip/blk_mem_gen_0/sim/blk_mem_gen_0.v" Line 55. Module blk_mem_gen_0 has a timescale but at least one module in design doesn't have timescale.
WARNING: [XSIM 43-4100] "/wrk/ci/prod/2024.2/sw/continuous/3059/packages/customer/vivado/data/ip/xilinx/blk_mem_gen_v8_4/simulation/blk_mem_gen_v8_4.v" Line 3457. Module blk_mem_gen_v8_4_9(C_FAMILY="zynq",C_XDEVICEFAMILY="zynq",C_ELABORATION_DIR="./",C_AXI_TYPE=1,C_MEM_TYPE=3,C_PRIM_TYPE=1,C_LOAD_INIT_FILE=1,C_INIT_FILE_NAME="blk_mem_gen_0.mif",C_INIT_FILE="blk_mem_gen_0.mem",C_HAS_ENA=0,C_WRITE_WIDTH_A=64,C_READ_WIDTH_A=64,C_WRITE_DEPTH_A=4,C_READ_DEPTH_A=4,C_ADDRA_WIDTH=2,C_INITB_VAL="0",C_HAS_ENB=0,C_WRITE_WIDTH_B=64,C_READ_WIDTH_B=64,C_WRITE_DEPTH_B=4,C_READ_DEPTH_B=4,C_ADDRB_WIDTH=2,C_SIM_COLLISION_CHECK="ALL",C_COMMON_CLK=0,C_COUNT_36K_BRAM="1",C_COUNT_18K_BRAM="0",C_EST_POWER_SUMMARY="Estimated_Power_for_IP_____:_____6.370399_mW") has a timescale but at least one module in design doesn't have timescale.
WARNING: [XSIM 43-4100] "/wrk/ci/prod/2024.2/sw/continuous/3059/packages/customer/vivado/data/ip/xilinx/blk_mem_gen_v8_4/simulation/blk_mem_gen_v8_4.v" Line 1996. Module blk_mem_gen_v8_4_9_mem_module(C_FAMILY="zynq",C_XDEVICEFAMILY="zynq",C_MEM_TYPE=3,C_PRIM_TYPE=1,C_LOAD_INIT_FILE=1,C_INIT_FILE_NAME="blk_mem_gen_0.mif",C_INIT_FILE="blk_mem_gen_0.mem",C_HAS_ENA=0,C_WRITE_WIDTH_A=64,C_READ_WIDTH_A=64,C_WRITE_DEPTH_A=4,C_READ_DEPTH_A=4,C_ADDRA_WIDTH=2,C_INITB_VAL="0",C_HAS_ENB=0,C_WRITE_WIDTH_B=64,C_READ_WIDTH_B=64,C_WRITE_DEPTH_B=4,C_READ_DEPTH_B=4,C_ADDRB_WIDTH=2,C_SIM_COLLISION_CHECK="ALL",C_COMMON_CLK=0) has a timescale but at least one module in design doesn't have timescale.
WARNING: [XSIM 43-4100] "/wrk/ci/prod/2024.2/sw/continuous/3059/packages/customer/vivado/data/ip/xilinx/blk_mem_gen_v8_4/simulation/blk_mem_gen_v8_4.v" Line 1608. Module blk_mem_gen_v8_4_9_output_stage(C_FAMILY="zynq",C_XDEVICEFAMILY="zynq",C_DATA_WIDTH=64,C_ADDRB_WIDTH=2,NUM_STAGES=0) has a timescale but at least one module in design doesn't have timescale.
WARNING: [XSIM 43-4100] "/wrk/ci/prod/2024.2/sw/continuous/3059/packages/customer/vivado/data/ip/xilinx/blk_mem_gen_v8_4/simulation/blk_mem_gen_v8_4.v" Line 1608. Module blk_mem_gen_v8_4_9_output_stage(C_FAMILY="zynq",C_XDEVICEFAMILY="zynq",C_DATA_WIDTH=64,C_ADDRB_WIDTH=2,NUM_STAGES=0) has a timescale but at least one module in design doesn't have timescale.
WARNING: [XSIM 43-4100] "/wrk/ci/prod/2024.2/sw/continuous/3059/packages/customer/vivado/data/ip/xilinx/blk_mem_gen_v8_4/simulation/blk_mem_gen_v8_4.v" Line 1904. Module blk_mem_gen_v8_4_9_softecc_output_reg_stage(C_DATA_WIDTH=64,C_ADDRB_WIDTH=2) has a timescale but at least one module in design doesn't have timescale.
WARNING: [XSIM 43-4100] "C:/Users/eleves/Desktop/ES_FPGA/TP_ASCON/project_ascon/project_ascon.srcs/sim_1/new/top_ascon_tb_2.sv" Line 23. Module top_ascon_tb_2 has a timescale but at least one module in design doesn't have timescale.
WARNING: [XSIM 43-4100] "C:/Users/eleves/Desktop/ES_FPGA/TP_ASCON/project_ascon/project_ascon.srcs/sources_1/new/top_ascon.sv" Line 23. Module top_ascon has a timescale but at least one module in design doesn't have timescale.
WARNING: [XSIM 43-4100] "C:/Users/eleves/Desktop/ES_FPGA/TP_ASCON/project_ascon/project_ascon.srcs/sources_1/imports/RTL/ascon.sv" Line 5. Module ascon has a timescale but at least one module in design doesn't have timescale.
WARNING: [XSIM 43-4100] "C:/Users/eleves/Desktop/ES_FPGA/TP_ASCON/project_ascon/project_ascon.srcs/sources_1/imports/RTL/fsm_moore.sv" Line 4. Module fsm_moore has a timescale but at least one module in design doesn't have timescale.
WARNING: [XSIM 43-4100] "C:/Users/eleves/Desktop/ES_FPGA/TP_ASCON/project_ascon/project_ascon.srcs/sources_1/imports/RTL/compteur_double_init.sv" Line 12. Module compteur_double_init has a timescale but at least one module in design doesn't have timescale.
WARNING: [XSIM 43-4100] "C:/Users/eleves/Desktop/ES_FPGA/TP_ASCON/project_ascon/project_ascon.srcs/sources_1/imports/RTL/mux_state.sv" Line 12. Module mux_state has a timescale but at least one module in design doesn't have timescale.
WARNING: [XSIM 43-4100] "C:/Users/eleves/Desktop/ES_FPGA/TP_ASCON/project_ascon/project_ascon.srcs/sources_1/imports/RTL/xor_begin_perm.sv" Line 12. Module xor_begin_perm has a timescale but at least one module in design doesn't have timescale.
WARNING: [XSIM 43-4100] "C:/Users/eleves/Desktop/ES_FPGA/TP_ASCON/project_ascon/project_ascon.srcs/sources_1/imports/RTL/register_w_en.sv" Line 12. Module register_w_en(nb_bits_g=64) has a timescale but at least one module in design doesn't have timescale.
WARNING: [XSIM 43-4100] "C:/Users/eleves/Desktop/ES_FPGA/TP_ASCON/project_ascon/project_ascon.srcs/sources_1/imports/RTL/xor_end_perm.sv" Line 12. Module xor_end_perm has a timescale but at least one module in design doesn't have timescale.
WARNING: [XSIM 43-4100] "C:/Users/eleves/Desktop/ES_FPGA/TP_ASCON/project_ascon/project_ascon.srcs/sources_1/imports/RTL/state_register_w_en.sv" Line 12. Module state_register_w_en has a timescale but at least one module in design doesn't have timescale.
WARNING: [XSIM 43-4100] "C:/Users/eleves/Desktop/ES_FPGA/TP_ASCON/project_ascon/project_ascon.srcs/sources_1/imports/RTL/register_w_en.sv" Line 12. Module register_w_en(nb_bits_g=128) has a timescale but at least one module in design doesn't have timescale.
WARNING: [XSIM 43-4100] "C:/Users/eleves/Desktop/ES_FPGA/TP_ASCON/project_ascon/project_ascon.srcs/sources_1/new/fsm_top.sv" Line 23. Module fsm_top has a timescale but at least one module in design doesn't have timescale.
WARNING: [XSIM 43-4100] "C:/Users/eleves/Desktop/ES_FPGA/TP_ASCON/project_ascon/project_ascon.gen/sources_1/ip/clk_wiz_0/clk_wiz_0.v" Line 65. Module clk_wiz_0 has a timescale but at least one module in design doesn't have timescale.
WARNING: [XSIM 43-4100] "C:/Users/eleves/Desktop/ES_FPGA/TP_ASCON/project_ascon/project_ascon.gen/sources_1/ip/clk_wiz_0/clk_wiz_0_clk_wiz.v" Line 65. Module clk_wiz_0_clk_wiz has a timescale but at least one module in design doesn't have timescale.
WARNING: [XSIM 43-4100] "/proj/xbuilds/SWIP/2024.2_1107_2045/installs/lin64/Vivado/2024.2/data/verilog/src/unisims/IBUF.v" Line 29. Module IBUF has a timescale but at least one module in design doesn't have timescale.
WARNING: [XSIM 43-4100] "/proj/xbuilds/SWIP/2024.2_1107_2045/installs/lin64/Vivado/2024.2/data/verilog/src/unisims/MMCME2_ADV.v" Line 123. Module MMCME2_ADV(CLKFBOUT_MULT_F=10.0,CLKIN1_PERIOD=10.0,CLKOUT0_DIVIDE_F=10.0) has a timescale but at least one module in design doesn't have timescale.
WARNING: [XSIM 43-4100] "/proj/xbuilds/SWIP/2024.2_1107_2045/installs/lin64/Vivado/2024.2/data/verilog/src/unisims/BUFG.v" Line 27. Module BUFG has a timescale but at least one module in design doesn't have timescale.
WARNING: [XSIM 43-4100] "/proj/xbuilds/SWIP/2024.2_1107_2045/installs/lin64/Vivado/2024.2/data/verilog/src/unisims/BUFG.v" Line 27. Module BUFG has a timescale but at least one module in design doesn't have timescale.
WARNING: [XSIM 43-4100] "C:/Users/eleves/Desktop/ES_FPGA/TP_ASCON/project_ascon/project_ascon.gen/sources_1/ip/blk_mem_gen_0/sim/blk_mem_gen_0.v" Line 55. Module blk_mem_gen_0 has a timescale but at least one module in design doesn't have timescale.
WARNING: [XSIM 43-4100] "/wrk/ci/prod/2024.2/sw/continuous/3059/packages/customer/vivado/data/ip/xilinx/blk_mem_gen_v8_4/simulation/blk_mem_gen_v8_4.v" Line 3457. Module blk_mem_gen_v8_4_9(C_FAMILY="zynq",C_XDEVICEFAMILY="zynq",C_ELABORATION_DIR="./",C_AXI_TYPE=1,C_MEM_TYPE=3,C_PRIM_TYPE=1,C_LOAD_INIT_FILE=1,C_INIT_FILE_NAME="blk_mem_gen_0.mif",C_INIT_FILE="blk_mem_gen_0.mem",C_HAS_ENA=0,C_WRITE_WIDTH_A=64,C_READ_WIDTH_A=64,C_WRITE_DEPTH_A=4,C_READ_DEPTH_A=4,C_ADDRA_WIDTH=2,C_INITB_VAL="0",C_HAS_ENB=0,C_WRITE_WIDTH_B=64,C_READ_WIDTH_B=64,C_WRITE_DEPTH_B=4,C_READ_DEPTH_B=4,C_ADDRB_WIDTH=2,C_SIM_COLLISION_CHECK="ALL",C_COMMON_CLK=0,C_COUNT_36K_BRAM="1",C_COUNT_18K_BRAM="0",C_EST_POWER_SUMMARY="Estimated_Power_for_IP_____:_____6.370399_mW") has a timescale but at least one module in design doesn't have timescale.
WARNING: [XSIM 43-4100] "/wrk/ci/prod/2024.2/sw/continuous/3059/packages/customer/vivado/data/ip/xilinx/blk_mem_gen_v8_4/simulation/blk_mem_gen_v8_4.v" Line 1996. Module blk_mem_gen_v8_4_9_mem_module(C_FAMILY="zynq",C_XDEVICEFAMILY="zynq",C_MEM_TYPE=3,C_PRIM_TYPE=1,C_LOAD_INIT_FILE=1,C_INIT_FILE_NAME="blk_mem_gen_0.mif",C_INIT_FILE="blk_mem_gen_0.mem",C_HAS_ENA=0,C_WRITE_WIDTH_A=64,C_READ_WIDTH_A=64,C_WRITE_DEPTH_A=4,C_READ_DEPTH_A=4,C_ADDRA_WIDTH=2,C_INITB_VAL="0",C_HAS_ENB=0,C_WRITE_WIDTH_B=64,C_READ_WIDTH_B=64,C_WRITE_DEPTH_B=4,C_READ_DEPTH_B=4,C_ADDRB_WIDTH=2,C_SIM_COLLISION_CHECK="ALL",C_COMMON_CLK=0) has a timescale but at least one module in design doesn't have timescale.
WARNING: [XSIM 43-4100] "/wrk/ci/prod/2024.2/sw/continuous/3059/packages/customer/vivado/data/ip/xilinx/blk_mem_gen_v8_4/simulation/blk_mem_gen_v8_4.v" Line 3457. Module blk_mem_gen_v8_4_9 has a timescale but at least one module in design doesn't have timescale.
WARNING: [XSIM 43-4100] "/wrk/ci/prod/2024.2/sw/continuous/3059/packages/customer/vivado/data/ip/xilinx/blk_mem_gen_v8_4/simulation/blk_mem_gen_v8_4.v" Line 3457. Module blk_mem_gen_v8_4_9(C_FAMILY="zynq",C_XDEVICEFAMILY="zynq",C_ELABORATION_DIR="./",C_AXI_TYPE=1,C_MEM_TYPE=3,C_PRIM_TYPE=1,C_LOAD_INIT_FILE=1,C_INIT_FILE_NAME="blk_mem_gen_0.mif",C_INIT_FILE="blk_mem_gen_0.mem",C_HAS_ENA=0,C_WRITE_WIDTH_A=64,C_READ_WIDTH_A=64,C_WRITE_DEPTH_A=4,C_READ_DEPTH_A=4,C_ADDRA_WIDTH=2,C_INITB_VAL="0",C_HAS_ENB=0,C_WRITE_WIDTH_B=64,C_READ_WIDTH_B=64,C_WRITE_DEPTH_B=4,C_READ_DEPTH_B=4,C_ADDRB_WIDTH=2,C_SIM_COLLISION_CHECK="ALL",C_COMMON_CLK=0,C_COUNT_36K_BRAM="1",C_COUNT_18K_BRAM="0",C_EST_POWER_SUMMARY="Estimated_Power_for_IP_____:_____6.370399_mW") has a timescale but at least one module in design doesn't have timescale.
WARNING: [XSIM 43-4100] "/wrk/ci/prod/2024.2/sw/continuous/3059/packages/customer/vivado/data/ip/xilinx/blk_mem_gen_v8_4/simulation/blk_mem_gen_v8_4.v" Line 3457. Module blk_mem_gen_v8_4_9 has a timescale but at least one module in design doesn't have timescale.
WARNING: [XSIM 43-4100] "/wrk/ci/prod/2024.2/sw/continuous/3059/packages/customer/vivado/data/ip/xilinx/blk_mem_gen_v8_4/simulation/blk_mem_gen_v8_4.v" Line 3457. Module blk_mem_gen_v8_4_9(C_FAMILY="zynq",C_XDEVICEFAMILY="zynq",C_ELABORATION_DIR="./",C_AXI_TYPE=1,C_MEM_TYPE=3,C_PRIM_TYPE=1,C_LOAD_INIT_FILE=1,C_INIT_FILE_NAME="blk_mem_gen_0.mif",C_INIT_FILE="blk_mem_gen_0.mem",C_HAS_ENA=0,C_WRITE_WIDTH_A=64,C_READ_WIDTH_A=64,C_WRITE_DEPTH_A=4,C_READ_DEPTH_A=4,C_ADDRA_WIDTH=2,C_INITB_VAL="0",C_HAS_ENB=0,C_WRITE_WIDTH_B=64,C_READ_WIDTH_B=64,C_WRITE_DEPTH_B=4,C_READ_DEPTH_B=4,C_ADDRB_WIDTH=2,C_SIM_COLLISION_CHECK="ALL",C_COMMON_CLK=0,C_COUNT_36K_BRAM="1",C_COUNT_18K_BRAM="0",C_EST_POWER_SUMMARY="Estimated_Power_for_IP_____:_____6.370399_mW") has a timescale but at least one module in design doesn't have timescale.
WARNING: [XSIM 43-4100] "/wrk/ci/prod/2024.2/sw/continuous/3059/packages/customer/vivado/data/ip/xilinx/blk_mem_gen_v8_4/simulation/blk_mem_gen_v8_4.v" Line 3457. Module blk_mem_gen_v8_4_9 has a timescale but at least one module in design doesn't have timescale.
WARNING: [XSIM 43-4100] "/wrk/ci/prod/2024.2/sw/continuous/3059/packages/customer/vivado/data/ip/xilinx/blk_mem_gen_v8_4/simulation/blk_mem_gen_v8_4.v" Line 3457. Module blk_mem_gen_v8_4_9(C_FAMILY="zynq",C_XDEVICEFAMILY="zynq",C_ELABORATION_DIR="./",C_AXI_TYPE=1,C_MEM_TYPE=3,C_PRIM_TYPE=1,C_LOAD_INIT_FILE=1,C_INIT_FILE_NAME="blk_mem_gen_0.mif",C_INIT_FILE="blk_mem_gen_0.mem",C_HAS_ENA=0,C_WRITE_WIDTH_A=64,C_READ_WIDTH_A=64,C_WRITE_DEPTH_A=4,C_READ_DEPTH_A=4,C_ADDRA_WIDTH=2,C_INITB_VAL="0",C_HAS_ENB=0,C_WRITE_WIDTH_B=64,C_READ_WIDTH_B=64,C_WRITE_DEPTH_B=4,C_READ_DEPTH_B=4,C_ADDRB_WIDTH=2,C_SIM_COLLISION_CHECK="ALL",C_COMMON_CLK=0,C_COUNT_36K_BRAM="1",C_COUNT_18K_BRAM="0",C_EST_POWER_SUMMARY="Estimated_Power_for_IP_____:_____6.370399_mW") has a timescale but at least one module in design doesn't have timescale.
WARNING: [XSIM 43-4100] "/wrk/ci/prod/2024.2/sw/continuous/3059/packages/customer/vivado/data/ip/xilinx/blk_mem_gen_v8_4/simulation/blk_mem_gen_v8_4.v" Line 3457. Module blk_mem_gen_v8_4_9 has a timescale but at least one module in design doesn't have timescale.
WARNING: [XSIM 43-4100] "/wrk/ci/prod/2024.2/sw/continuous/3059/packages/customer/vivado/data/ip/xilinx/blk_mem_gen_v8_4/simulation/blk_mem_gen_v8_4.v" Line 3457. Module blk_mem_gen_v8_4_9(C_FAMILY="zynq",C_XDEVICEFAMILY="zynq",C_ELABORATION_DIR="./",C_AXI_TYPE=1,C_MEM_TYPE=3,C_PRIM_TYPE=1,C_LOAD_INIT_FILE=1,C_INIT_FILE_NAME="blk_mem_gen_0.mif",C_INIT_FILE="blk_mem_gen_0.mem",C_HAS_ENA=0,C_WRITE_WIDTH_A=64,C_READ_WIDTH_A=64,C_WRITE_DEPTH_A=4,C_READ_DEPTH_A=4,C_ADDRA_WIDTH=2,C_INITB_VAL="0",C_HAS_ENB=0,C_WRITE_WIDTH_B=64,C_READ_WIDTH_B=64,C_WRITE_DEPTH_B=4,C_READ_DEPTH_B=4,C_ADDRB_WIDTH=2,C_SIM_COLLISION_CHECK="ALL",C_COMMON_CLK=0,C_COUNT_36K_BRAM="1",C_COUNT_18K_BRAM="0",C_EST_POWER_SUMMARY="Estimated_Power_for_IP_____:_____6.370399_mW") has a timescale but at least one module in design doesn't have timescale.
WARNING: [XSIM 43-4100] "/wrk/ci/prod/2024.2/sw/continuous/3059/packages/customer/vivado/data/ip/xilinx/blk_mem_gen_v8_4/simulation/blk_mem_gen_v8_4.v" Line 3457. Module blk_mem_gen_v8_4_9 has a timescale but at least one module in design doesn't have timescale.
WARNING: [XSIM 43-4100] "/wrk/ci/prod/2024.2/sw/continuous/3059/packages/customer/vivado/data/ip/xilinx/blk_mem_gen_v8_4/simulation/blk_mem_gen_v8_4.v" Line 3457. Module blk_mem_gen_v8_4_9(C_FAMILY="zynq",C_XDEVICEFAMILY="zynq",C_ELABORATION_DIR="./",C_AXI_TYPE=1,C_MEM_TYPE=3,C_PRIM_TYPE=1,C_LOAD_INIT_FILE=1,C_INIT_FILE_NAME="blk_mem_gen_0.mif",C_INIT_FILE="blk_mem_gen_0.mem",C_HAS_ENA=0,C_WRITE_WIDTH_A=64,C_READ_WIDTH_A=64,C_WRITE_DEPTH_A=4,C_READ_DEPTH_A=4,C_ADDRA_WIDTH=2,C_INITB_VAL="0",C_HAS_ENB=0,C_WRITE_WIDTH_B=64,C_READ_WIDTH_B=64,C_WRITE_DEPTH_B=4,C_READ_DEPTH_B=4,C_ADDRB_WIDTH=2,C_SIM_COLLISION_CHECK="ALL",C_COMMON_CLK=0,C_COUNT_36K_BRAM="1",C_COUNT_18K_BRAM="0",C_EST_POWER_SUMMARY="Estimated_Power_for_IP_____:_____6.370399_mW") has a timescale but at least one module in design doesn't have timescale.
WARNING: [XSIM 43-4100] "/wrk/ci/prod/2024.2/sw/continuous/3059/packages/customer/vivado/data/ip/xilinx/blk_mem_gen_v8_4/simulation/blk_mem_gen_v8_4.v" Line 3457. Module blk_mem_gen_v8_4_9 has a timescale but at least one module in design doesn't have timescale.
WARNING: [XSIM 43-4100] "/wrk/ci/prod/2024.2/sw/continuous/3059/packages/customer/vivado/data/ip/xilinx/blk_mem_gen_v8_4/simulation/blk_mem_gen_v8_4.v" Line 3457. Module blk_mem_gen_v8_4_9(C_FAMILY="zynq",C_XDEVICEFAMILY="zynq",C_ELABORATION_DIR="./",C_AXI_TYPE=1,C_MEM_TYPE=3,C_PRIM_TYPE=1,C_LOAD_INIT_FILE=1,C_INIT_FILE_NAME="blk_mem_gen_0.mif",C_INIT_FILE="blk_mem_gen_0.mem",C_HAS_ENA=0,C_WRITE_WIDTH_A=64,C_READ_WIDTH_A=64,C_WRITE_DEPTH_A=4,C_READ_DEPTH_A=4,C_ADDRA_WIDTH=2,C_INITB_VAL="0",C_HAS_ENB=0,C_WRITE_WIDTH_B=64,C_READ_WIDTH_B=64,C_WRITE_DEPTH_B=4,C_READ_DEPTH_B=4,C_ADDRB_WIDTH=2,C_SIM_COLLISION_CHECK="ALL",C_COMMON_CLK=0,C_COUNT_36K_BRAM="1",C_COUNT_18K_BRAM="0",C_EST_POWER_SUMMARY="Estimated_Power_for_IP_____:_____6.370399_mW") has a timescale but at least one module in design doesn't have timescale.
WARNING: [XSIM 43-4100] "/wrk/ci/prod/2024.2/sw/continuous/3059/packages/customer/vivado/data/ip/xilinx/blk_mem_gen_v8_4/simulation/blk_mem_gen_v8_4.v" Line 1608. Module blk_mem_gen_v8_4_9_output_stage(C_FAMILY="zynq",C_XDEVICEFAMILY="zynq",C_DATA_WIDTH=64,C_ADDRB_WIDTH=2,NUM_STAGES=0) has a timescale but at least one module in design doesn't have timescale.
WARNING: [XSIM 43-4100] "/wrk/ci/prod/2024.2/sw/continuous/3059/packages/customer/vivado/data/ip/xilinx/blk_mem_gen_v8_4/simulation/blk_mem_gen_v8_4.v" Line 1608. Module blk_mem_gen_v8_4_9_output_stage(C_FAMILY="zynq",C_XDEVICEFAMILY="zynq",C_DATA_WIDTH=64,C_ADDRB_WIDTH=2,NUM_STAGES=0) has a timescale but at least one module in design doesn't have timescale.
WARNING: [XSIM 43-4100] "/wrk/ci/prod/2024.2/sw/continuous/3059/packages/customer/vivado/data/ip/xilinx/blk_mem_gen_v8_4/simulation/blk_mem_gen_v8_4.v" Line 1904. Module blk_mem_gen_v8_4_9_softecc_output_reg_stage(C_DATA_WIDTH=64,C_ADDRB_WIDTH=2) has a timescale but at least one module in design doesn't have timescale.
WARNING: [XSIM 43-4100] "C:/Users/eleves/Desktop/ES_FPGA/TP_ASCON/project_ascon/project_ascon.sim/sim_1/behav/xsim/glbl.v" Line 6. Module glbl has a timescale but at least one module in design doesn't have timescale.
WARNING: [XSIM 43-4100] "C:/Users/eleves/Desktop/ES_FPGA/TP_ASCON/project_ascon/project_ascon.sim/sim_1/behav/xsim/glbl.v" Line 6. Module glbl has a timescale but at least one module in design doesn't have timescale.
Completed simulation data flow analysis
Time Resolution for simulation is 1ps
Compiling package xil_defaultlib.ascon_pack
Compiling module xil_defaultlib.fsm_moore
Compiling module xil_defaultlib.compteur_double_init
Compiling module xil_defaultlib.mux_state
Compiling module xil_defaultlib.xor_begin_perm
Compiling module xil_defaultlib.register_w_en(nb_bits_g=64)
Compiling module xil_defaultlib.Pc
Compiling module xil_defaultlib.sbox
Compiling module xil_defaultlib.Ps_default
Compiling module xil_defaultlib.Pl
Compiling module xil_defaultlib.xor_end_perm
Compiling module xil_defaultlib.state_register_w_en
Compiling module xil_defaultlib.register_w_en(nb_bits_g=128)
Compiling module xil_defaultlib.Permutation
Compiling module xil_defaultlib.ascon
Compiling module xil_defaultlib.fsm_top
Compiling module unisims_ver.IBUF
Compiling module unisims_ver.MMCME2_ADV(CLKFBOUT_MULT_F=10.0,...
Compiling module unisims_ver.BUFG
Compiling module xil_defaultlib.clk_wiz_0_clk_wiz
Compiling module xil_defaultlib.clk_wiz_0
Compiling module blk_mem_gen_v8_4_9.blk_mem_gen_v8_4_9_output_stage(...
Compiling module blk_mem_gen_v8_4_9.blk_mem_gen_v8_4_9_softecc_outpu...
Compiling module blk_mem_gen_v8_4_9.blk_mem_gen_v8_4_9_mem_module(C_...
Compiling module blk_mem_gen_v8_4_9.blk_mem_gen_v8_4_9(C_FAMILY="zyn...
Compiling module xil_defaultlib.blk_mem_gen_0
Compiling module xil_defaultlib.top_ascon
Compiling module xil_defaultlib.top_ascon_tb_2
Compiling module xil_defaultlib.glbl
Built simulation snapshot top_ascon_tb_2_behav
run_program: Time (s): cpu = 00:00:00 ; elapsed = 00:00:14 . Memory (MB): peak = 2718.520 ; gain = 0.000
INFO: [USF-XSim-69] 'elaborate' step finished in '15' seconds
launch_simulation: Time (s): cpu = 00:00:01 ; elapsed = 00:00:14 . Memory (MB): peak = 2718.520 ; gain = 0.000
Time resolution is 1 ps
 Block Memory Generator module loading initial data...
 Block Memory Generator data initialization complete.
Block Memory Generator module top_ascon_tb_2.DUT.memory_rom.inst.native_mem_module.blk_mem_gen_v8_4_9_inst is using a behavioral model for simulation which will not precisely model memory collision behavior.
relaunch_sim: Time (s): cpu = 00:00:02 ; elapsed = 00:00:18 . Memory (MB): peak = 2718.520 ; gain = 0.000
restart
INFO: [Wavedata 42-604] Simulation restarted
run 10 us
 Block Memory Generator module loading initial data...
 Block Memory Generator data initialization complete.
Block Memory Generator module top_ascon_tb_2.DUT.memory_rom.inst.native_mem_module.blk_mem_gen_v8_4_9_inst is using a behavioral model for simulation which will not precisely model memory collision behavior.
WARNING: [filemgmt 56-199] Attempt to get parsing info during refresh. "On-the-fly" syntax checking information may be incorrect. [C:\Users\eleves\Desktop\ES_FPGA\TP_ASCON\project_ascon\project_ascon.srcs\sources_1\new\top_ascon.sv:]
WARNING: [filemgmt 56-199] Attempt to get parsing info during refresh. "On-the-fly" syntax checking information may be incorrect. [C:\Users\eleves\Desktop\ES_FPGA\TP_ASCON\project_ascon\project_ascon.srcs\sim_1\new\top_ascon_tb.sv:]
WARNING: [filemgmt 56-199] Attempt to get parsing info during refresh. "On-the-fly" syntax checking information may be incorrect. [C:\Users\eleves\Desktop\ES_FPGA\TP_ASCON\project_ascon\project_ascon.srcs\sim_1\new\top_ascon_tb_2.sv:]
WARNING: [filemgmt 56-199] Attempt to get parsing info during refresh. "On-the-fly" syntax checking information may be incorrect. [C:\Users\eleves\Desktop\ES_FPGA\TP_ASCON\project_ascon\project_ascon.srcs\sources_1\new\fsm_top.sv:]
WARNING: [filemgmt 56-199] Attempt to get parsing info during refresh. "On-the-fly" syntax checking information may be incorrect. [C:\Users\eleves\Desktop\ES_FPGA\TP_ASCON\project_ascon\project_ascon.srcs\sources_1\new\fsm_top.sv:]
WARNING: [filemgmt 56-199] Attempt to get parsing info during refresh. "On-the-fly" syntax checking information may be incorrect. [C:\Users\eleves\Desktop\ES_FPGA\TP_ASCON\project_ascon\project_ascon.srcs\sources_1\new\fsm_top.sv:]
WARNING: [filemgmt 56-199] Attempt to get parsing info during refresh. "On-the-fly" syntax checking information may be incorrect. [C:\Users\eleves\Desktop\ES_FPGA\TP_ASCON\project_ascon\project_ascon.srcs\sources_1\new\top_ascon.sv:]
WARNING: [filemgmt 56-199] Attempt to get parsing info during refresh. "On-the-fly" syntax checking information may be incorrect. [C:\Users\eleves\Desktop\ES_FPGA\TP_ASCON\project_ascon\project_ascon.srcs\sim_1\new\top_ascon_tb.sv:]
WARNING: [filemgmt 56-199] Attempt to get parsing info during refresh. "On-the-fly" syntax checking information may be incorrect. [C:\Users\eleves\Desktop\ES_FPGA\TP_ASCON\project_ascon\project_ascon.srcs\sim_1\new\top_ascon_tb_2.sv:]
WARNING: [filemgmt 56-199] Attempt to get parsing info during refresh. "On-the-fly" syntax checking information may be incorrect. [C:\Users\eleves\Desktop\ES_FPGA\TP_ASCON\project_ascon\project_ascon.srcs\sources_1\new\fsm_top.sv:]
WARNING: [filemgmt 56-199] Attempt to get parsing info during refresh. "On-the-fly" syntax checking information may be incorrect. [C:\Users\eleves\Desktop\ES_FPGA\TP_ASCON\project_ascon\project_ascon.srcs\sim_1\new\top_ascon_tb.sv:]
WARNING: [filemgmt 56-199] Attempt to get parsing info during refresh. "On-the-fly" syntax checking information may be incorrect. [C:\Users\eleves\Desktop\ES_FPGA\TP_ASCON\project_ascon\project_ascon.srcs\sim_1\new\top_ascon_tb.sv:]
ERROR: [Common 17-180] Spawn failed: No error
WARNING: [filemgmt 56-199] Attempt to get parsing info during refresh. "On-the-fly" syntax checking information may be incorrect. [C:\Users\eleves\Desktop\ES_FPGA\TP_ASCON\project_ascon\project_ascon.srcs\sources_1\new\top_ascon.sv:]
WARNING: [filemgmt 56-199] Attempt to get parsing info during refresh. "On-the-fly" syntax checking information may be incorrect. [C:\Users\eleves\Desktop\ES_FPGA\TP_ASCON\project_ascon\project_ascon.srcs\sim_1\new\top_ascon_tb.sv:]
WARNING: [filemgmt 56-199] Attempt to get parsing info during refresh. "On-the-fly" syntax checking information may be incorrect. [C:\Users\eleves\Desktop\ES_FPGA\TP_ASCON\project_ascon\project_ascon.srcs\sim_1\new\top_ascon_tb_2.sv:]
WARNING: [filemgmt 56-199] Attempt to get parsing info during refresh. "On-the-fly" syntax checking information may be incorrect. [C:\Users\eleves\Desktop\ES_FPGA\TP_ASCON\project_ascon\project_ascon.srcs\sources_1\new\fsm_top.sv:]
WARNING: [filemgmt 56-199] Attempt to get parsing info during refresh. "On-the-fly" syntax checking information may be incorrect. [C:\Users\eleves\Desktop\ES_FPGA\TP_ASCON\project_ascon\project_ascon.srcs\sources_1\new\top_ascon.sv:]
WARNING: [filemgmt 56-199] Attempt to get parsing info during refresh. "On-the-fly" syntax checking information may be incorrect. [C:\Users\eleves\Desktop\ES_FPGA\TP_ASCON\project_ascon\project_ascon.srcs\sources_1\new\top_ascon.sv:]
ERROR: [Common 17-180] Spawn failed: No error
relaunch_sim
Command: launch_simulation -step compile -simset sim_1 -mode behavioral
INFO: [Vivado 12-12493] Simulation top is 'top_ascon_tb_2'
WARNING: [Vivado 12-13340] Unable to auto find GCC executables from simulator install path! (path not set)
INFO: [Vivado 12-5698] Checking validity of IPs in the design for the 'XSim' simulator...
INFO: [Vivado 12-5682] Launching behavioral simulation in 'C:/Users/eleves/Desktop/ES_FPGA/TP_ASCON/project_ascon/project_ascon.sim/sim_1/behav/xsim'
INFO: [Vivado 12-4795] Using compiled simulation libraries for IPs
INFO: [SIM-utils-51] Simulation object is 'sim_1'
INFO: [USF-XSim-2] XSim::Compile design
INFO: [USF-XSim-61] Executing 'COMPILE and ANALYZE' step in 'C:/Users/eleves/Desktop/ES_FPGA/TP_ASCON/project_ascon/project_ascon.sim/sim_1/behav/xsim'
"xvlog --incr --relax -L uvm -prj top_ascon_tb_2_vlog.prj"
INFO: [VRFC 10-2263] Analyzing SystemVerilog file "C:/Users/eleves/Desktop/ES_FPGA/TP_ASCON/project_ascon/project_ascon.srcs/sources_1/imports/RTL/ascon_pack.sv" into library xil_defaultlib
INFO: [VRFC 10-2263] Analyzing SystemVerilog file "C:/Users/eleves/Desktop/ES_FPGA/TP_ASCON/project_ascon/project_ascon.srcs/sources_1/imports/RTL/Pc.sv" into library xil_defaultlib
INFO: [VRFC 10-311] analyzing module Pc
INFO: [VRFC 10-2263] Analyzing SystemVerilog file "C:/Users/eleves/Desktop/ES_FPGA/TP_ASCON/project_ascon/project_ascon.srcs/sources_1/imports/RTL/Permutation.sv" into library xil_defaultlib
INFO: [VRFC 10-311] analyzing module Permutation
INFO: [VRFC 10-2263] Analyzing SystemVerilog file "C:/Users/eleves/Desktop/ES_FPGA/TP_ASCON/project_ascon/project_ascon.srcs/sources_1/imports/RTL/Pl.sv" into library xil_defaultlib
INFO: [VRFC 10-311] analyzing module Pl
INFO: [VRFC 10-2263] Analyzing SystemVerilog file "C:/Users/eleves/Desktop/ES_FPGA/TP_ASCON/project_ascon/project_ascon.srcs/sources_1/imports/RTL/Ps.sv" into library xil_defaultlib
INFO: [VRFC 10-311] analyzing module Ps
INFO: [VRFC 10-2263] Analyzing SystemVerilog file "C:/Users/eleves/Desktop/ES_FPGA/TP_ASCON/project_ascon/project_ascon.srcs/sources_1/imports/RTL/Sbox.sv" into library xil_defaultlib
INFO: [VRFC 10-311] analyzing module sbox
INFO: [VRFC 10-2263] Analyzing SystemVerilog file "C:/Users/eleves/Desktop/ES_FPGA/TP_ASCON/project_ascon/project_ascon.srcs/sources_1/imports/RTL/ascon.sv" into library xil_defaultlib
INFO: [VRFC 10-311] analyzing module ascon
INFO: [VRFC 10-2263] Analyzing SystemVerilog file "C:/Users/eleves/Desktop/ES_FPGA/TP_ASCON/project_ascon/project_ascon.srcs/sources_1/imports/RTL/compteur_double_init.sv" into library xil_defaultlib
INFO: [VRFC 10-311] analyzing module compteur_double_init
INFO: [VRFC 10-2263] Analyzing SystemVerilog file "C:/Users/eleves/Desktop/ES_FPGA/TP_ASCON/project_ascon/project_ascon.srcs/sources_1/imports/RTL/fsm_moore.sv" into library xil_defaultlib
INFO: [VRFC 10-311] analyzing module fsm_moore
INFO: [VRFC 10-2263] Analyzing SystemVerilog file "C:/Users/eleves/Desktop/ES_FPGA/TP_ASCON/project_ascon/project_ascon.srcs/sources_1/new/fsm_top.sv" into library xil_defaultlib
INFO: [VRFC 10-311] analyzing module fsm_top
INFO: [VRFC 10-2263] Analyzing SystemVerilog file "C:/Users/eleves/Desktop/ES_FPGA/TP_ASCON/project_ascon/project_ascon.srcs/sources_1/imports/RTL/mux_state.sv" into library xil_defaultlib
INFO: [VRFC 10-311] analyzing module mux_state
INFO: [VRFC 10-2263] Analyzing SystemVerilog file "C:/Users/eleves/Desktop/ES_FPGA/TP_ASCON/project_ascon/project_ascon.srcs/sources_1/imports/RTL/register_w_en.sv" into library xil_defaultlib
INFO: [VRFC 10-311] analyzing module register_w_en
INFO: [VRFC 10-2263] Analyzing SystemVerilog file "C:/Users/eleves/Desktop/ES_FPGA/TP_ASCON/project_ascon/project_ascon.srcs/sources_1/imports/RTL/state_register_w_en.sv" into library xil_defaultlib
INFO: [VRFC 10-311] analyzing module state_register_w_en
INFO: [VRFC 10-2263] Analyzing SystemVerilog file "C:/Users/eleves/Desktop/ES_FPGA/TP_ASCON/project_ascon/project_ascon.srcs/sources_1/new/top_ascon.sv" into library xil_defaultlib
INFO: [VRFC 10-311] analyzing module top_ascon
INFO: [VRFC 10-2263] Analyzing SystemVerilog file "C:/Users/eleves/Desktop/ES_FPGA/TP_ASCON/project_ascon/project_ascon.srcs/sources_1/imports/RTL/xor_begin_perm.sv" into library xil_defaultlib
INFO: [VRFC 10-311] analyzing module xor_begin_perm
INFO: [VRFC 10-2263] Analyzing SystemVerilog file "C:/Users/eleves/Desktop/ES_FPGA/TP_ASCON/project_ascon/project_ascon.srcs/sources_1/imports/RTL/xor_end_perm.sv" into library xil_defaultlib
INFO: [VRFC 10-311] analyzing module xor_end_perm
INFO: [VRFC 10-2263] Analyzing SystemVerilog file "C:/Users/eleves/Desktop/ES_FPGA/TP_ASCON/project_ascon/project_ascon.srcs/sim_1/new/top_ascon_tb_2.sv" into library xil_defaultlib
INFO: [VRFC 10-311] analyzing module top_ascon_tb_2
INFO: [USF-XSim-69] 'compile' step finished in '1' seconds
Command: launch_simulation -step elaborate -simset sim_1 -mode behavioral
INFO: [Vivado 12-12493] Simulation top is 'top_ascon_tb_2'
WARNING: [Vivado 12-13340] Unable to auto find GCC executables from simulator install path! (path not set)
INFO: [Vivado 12-5698] Checking validity of IPs in the design for the 'XSim' simulator...
INFO: [Vivado 12-5682] Launching behavioral simulation in 'C:/Users/eleves/Desktop/ES_FPGA/TP_ASCON/project_ascon/project_ascon.sim/sim_1/behav/xsim'
INFO: [Vivado 12-4795] Using compiled simulation libraries for IPs
INFO: [SIM-utils-51] Simulation object is 'sim_1'
INFO: [USF-XSim-3] XSim::Elaborate design
INFO: [USF-XSim-61] Executing 'ELABORATE' step in 'C:/Users/eleves/Desktop/ES_FPGA/TP_ASCON/project_ascon/project_ascon.sim/sim_1/behav/xsim'
"xelab --incr --debug typical --relax --mt 2 -L xil_defaultlib -L blk_mem_gen_v8_4_9 -L uvm -L unisims_ver -L unimacro_ver -L secureip -L xpm --snapshot top_ascon_tb_2_behav xil_defaultlib.top_ascon_tb_2 xil_defaultlib.glbl -log elaborate.log"
Vivado Simulator v2024.2.0
Copyright 1986-2022 Xilinx, Inc. All Rights Reserved.
Copyright 2022-2024 Advanced Micro Devices, Inc. All Rights Reserved.
Running: C:/Xilinx/Vivado/2024.2/bin/unwrapped/win64.o/xelab.exe --incr --debug typical --relax --mt 2 -L xil_defaultlib -L blk_mem_gen_v8_4_9 -L uvm -L unisims_ver -L unimacro_ver -L secureip -L xpm --snapshot top_ascon_tb_2_behav xil_defaultlib.top_ascon_tb_2 xil_defaultlib.glbl -log elaborate.log 
Using 2 slave threads.
Starting static elaboration
Pass Through NonSizing Optimizer
WARNING: [VRFC 10-3091] actual bit length 8 differs from formal bit length 4 for port 'mux2_i' [C:/Users/eleves/Desktop/ES_FPGA/TP_ASCON/project_ascon/project_ascon.srcs/sim_1/new/top_ascon_tb_2.sv:38]
WARNING: [VRFC 10-3823] variable 'affichage_s' might have multiple concurrent drivers [C:/Users/eleves/Desktop/ES_FPGA/TP_ASCON/project_ascon/project_ascon.srcs/sim_1/new/top_ascon_tb_2.sv:48]
Completed static elaboration
Starting simulation data flow analysis
WARNING: [XSIM 43-4100] "C:/Users/eleves/Desktop/ES_FPGA/TP_ASCON/project_ascon/project_ascon.srcs/sim_1/new/top_ascon_tb_2.sv" Line 23. Module top_ascon_tb_2 has a timescale but at least one module in design doesn't have timescale.
WARNING: [XSIM 43-4100] "C:/Users/eleves/Desktop/ES_FPGA/TP_ASCON/project_ascon/project_ascon.srcs/sources_1/new/top_ascon.sv" Line 23. Module top_ascon has a timescale but at least one module in design doesn't have timescale.
WARNING: [XSIM 43-4100] "C:/Users/eleves/Desktop/ES_FPGA/TP_ASCON/project_ascon/project_ascon.srcs/sources_1/imports/RTL/ascon.sv" Line 5. Module ascon has a timescale but at least one module in design doesn't have timescale.
WARNING: [XSIM 43-4100] "C:/Users/eleves/Desktop/ES_FPGA/TP_ASCON/project_ascon/project_ascon.srcs/sources_1/imports/RTL/fsm_moore.sv" Line 4. Module fsm_moore has a timescale but at least one module in design doesn't have timescale.
WARNING: [XSIM 43-4100] "C:/Users/eleves/Desktop/ES_FPGA/TP_ASCON/project_ascon/project_ascon.srcs/sources_1/imports/RTL/compteur_double_init.sv" Line 12. Module compteur_double_init has a timescale but at least one module in design doesn't have timescale.
WARNING: [XSIM 43-4100] "C:/Users/eleves/Desktop/ES_FPGA/TP_ASCON/project_ascon/project_ascon.srcs/sources_1/imports/RTL/mux_state.sv" Line 12. Module mux_state has a timescale but at least one module in design doesn't have timescale.
WARNING: [XSIM 43-4100] "C:/Users/eleves/Desktop/ES_FPGA/TP_ASCON/project_ascon/project_ascon.srcs/sources_1/imports/RTL/xor_begin_perm.sv" Line 12. Module xor_begin_perm has a timescale but at least one module in design doesn't have timescale.
WARNING: [XSIM 43-4100] "C:/Users/eleves/Desktop/ES_FPGA/TP_ASCON/project_ascon/project_ascon.srcs/sources_1/imports/RTL/register_w_en.sv" Line 12. Module register_w_en(nb_bits_g=64) has a timescale but at least one module in design doesn't have timescale.
WARNING: [XSIM 43-4100] "C:/Users/eleves/Desktop/ES_FPGA/TP_ASCON/project_ascon/project_ascon.srcs/sources_1/imports/RTL/xor_end_perm.sv" Line 12. Module xor_end_perm has a timescale but at least one module in design doesn't have timescale.
WARNING: [XSIM 43-4100] "C:/Users/eleves/Desktop/ES_FPGA/TP_ASCON/project_ascon/project_ascon.srcs/sources_1/imports/RTL/state_register_w_en.sv" Line 12. Module state_register_w_en has a timescale but at least one module in design doesn't have timescale.
WARNING: [XSIM 43-4100] "C:/Users/eleves/Desktop/ES_FPGA/TP_ASCON/project_ascon/project_ascon.srcs/sources_1/imports/RTL/register_w_en.sv" Line 12. Module register_w_en(nb_bits_g=128) has a timescale but at least one module in design doesn't have timescale.
WARNING: [XSIM 43-4100] "C:/Users/eleves/Desktop/ES_FPGA/TP_ASCON/project_ascon/project_ascon.srcs/sources_1/new/fsm_top.sv" Line 23. Module fsm_top has a timescale but at least one module in design doesn't have timescale.
WARNING: [XSIM 43-4100] "C:/Users/eleves/Desktop/ES_FPGA/TP_ASCON/project_ascon/project_ascon.gen/sources_1/ip/clk_wiz_0/clk_wiz_0.v" Line 65. Module clk_wiz_0 has a timescale but at least one module in design doesn't have timescale.
WARNING: [XSIM 43-4100] "C:/Users/eleves/Desktop/ES_FPGA/TP_ASCON/project_ascon/project_ascon.gen/sources_1/ip/clk_wiz_0/clk_wiz_0_clk_wiz.v" Line 65. Module clk_wiz_0_clk_wiz has a timescale but at least one module in design doesn't have timescale.
WARNING: [XSIM 43-4100] "/proj/xbuilds/SWIP/2024.2_1107_2045/installs/lin64/Vivado/2024.2/data/verilog/src/unisims/IBUF.v" Line 29. Module IBUF has a timescale but at least one module in design doesn't have timescale.
WARNING: [XSIM 43-4100] "/proj/xbuilds/SWIP/2024.2_1107_2045/installs/lin64/Vivado/2024.2/data/verilog/src/unisims/MMCME2_ADV.v" Line 123. Module MMCME2_ADV(CLKFBOUT_MULT_F=10.0,CLKIN1_PERIOD=10.0,CLKOUT0_DIVIDE_F=10.0) has a timescale but at least one module in design doesn't have timescale.
WARNING: [XSIM 43-4100] "/proj/xbuilds/SWIP/2024.2_1107_2045/installs/lin64/Vivado/2024.2/data/verilog/src/unisims/BUFG.v" Line 27. Module BUFG has a timescale but at least one module in design doesn't have timescale.
WARNING: [XSIM 43-4100] "/proj/xbuilds/SWIP/2024.2_1107_2045/installs/lin64/Vivado/2024.2/data/verilog/src/unisims/BUFG.v" Line 27. Module BUFG has a timescale but at least one module in design doesn't have timescale.
WARNING: [XSIM 43-4100] "C:/Users/eleves/Desktop/ES_FPGA/TP_ASCON/project_ascon/project_ascon.gen/sources_1/ip/blk_mem_gen_0/sim/blk_mem_gen_0.v" Line 55. Module blk_mem_gen_0 has a timescale but at least one module in design doesn't have timescale.
WARNING: [XSIM 43-4100] "/wrk/ci/prod/2024.2/sw/continuous/3059/packages/customer/vivado/data/ip/xilinx/blk_mem_gen_v8_4/simulation/blk_mem_gen_v8_4.v" Line 3457. Module blk_mem_gen_v8_4_9(C_FAMILY="zynq",C_XDEVICEFAMILY="zynq",C_ELABORATION_DIR="./",C_AXI_TYPE=1,C_MEM_TYPE=3,C_PRIM_TYPE=1,C_LOAD_INIT_FILE=1,C_INIT_FILE_NAME="blk_mem_gen_0.mif",C_INIT_FILE="blk_mem_gen_0.mem",C_HAS_ENA=0,C_WRITE_WIDTH_A=64,C_READ_WIDTH_A=64,C_WRITE_DEPTH_A=4,C_READ_DEPTH_A=4,C_ADDRA_WIDTH=2,C_INITB_VAL="0",C_HAS_ENB=0,C_WRITE_WIDTH_B=64,C_READ_WIDTH_B=64,C_WRITE_DEPTH_B=4,C_READ_DEPTH_B=4,C_ADDRB_WIDTH=2,C_SIM_COLLISION_CHECK="ALL",C_COMMON_CLK=0,C_COUNT_36K_BRAM="1",C_COUNT_18K_BRAM="0",C_EST_POWER_SUMMARY="Estimated_Power_for_IP_____:_____6.370399_mW") has a timescale but at least one module in design doesn't have timescale.
WARNING: [XSIM 43-4100] "/wrk/ci/prod/2024.2/sw/continuous/3059/packages/customer/vivado/data/ip/xilinx/blk_mem_gen_v8_4/simulation/blk_mem_gen_v8_4.v" Line 1996. Module blk_mem_gen_v8_4_9_mem_module(C_FAMILY="zynq",C_XDEVICEFAMILY="zynq",C_MEM_TYPE=3,C_PRIM_TYPE=1,C_LOAD_INIT_FILE=1,C_INIT_FILE_NAME="blk_mem_gen_0.mif",C_INIT_FILE="blk_mem_gen_0.mem",C_HAS_ENA=0,C_WRITE_WIDTH_A=64,C_READ_WIDTH_A=64,C_WRITE_DEPTH_A=4,C_READ_DEPTH_A=4,C_ADDRA_WIDTH=2,C_INITB_VAL="0",C_HAS_ENB=0,C_WRITE_WIDTH_B=64,C_READ_WIDTH_B=64,C_WRITE_DEPTH_B=4,C_READ_DEPTH_B=4,C_ADDRB_WIDTH=2,C_SIM_COLLISION_CHECK="ALL",C_COMMON_CLK=0) has a timescale but at least one module in design doesn't have timescale.
WARNING: [XSIM 43-4100] "/wrk/ci/prod/2024.2/sw/continuous/3059/packages/customer/vivado/data/ip/xilinx/blk_mem_gen_v8_4/simulation/blk_mem_gen_v8_4.v" Line 1608. Module blk_mem_gen_v8_4_9_output_stage(C_FAMILY="zynq",C_XDEVICEFAMILY="zynq",C_DATA_WIDTH=64,C_ADDRB_WIDTH=2,NUM_STAGES=0) has a timescale but at least one module in design doesn't have timescale.
WARNING: [XSIM 43-4100] "/wrk/ci/prod/2024.2/sw/continuous/3059/packages/customer/vivado/data/ip/xilinx/blk_mem_gen_v8_4/simulation/blk_mem_gen_v8_4.v" Line 1608. Module blk_mem_gen_v8_4_9_output_stage(C_FAMILY="zynq",C_XDEVICEFAMILY="zynq",C_DATA_WIDTH=64,C_ADDRB_WIDTH=2,NUM_STAGES=0) has a timescale but at least one module in design doesn't have timescale.
WARNING: [XSIM 43-4100] "/wrk/ci/prod/2024.2/sw/continuous/3059/packages/customer/vivado/data/ip/xilinx/blk_mem_gen_v8_4/simulation/blk_mem_gen_v8_4.v" Line 1904. Module blk_mem_gen_v8_4_9_softecc_output_reg_stage(C_DATA_WIDTH=64,C_ADDRB_WIDTH=2) has a timescale but at least one module in design doesn't have timescale.
WARNING: [XSIM 43-4100] "C:/Users/eleves/Desktop/ES_FPGA/TP_ASCON/project_ascon/project_ascon.srcs/sim_1/new/top_ascon_tb_2.sv" Line 23. Module top_ascon_tb_2 has a timescale but at least one module in design doesn't have timescale.
WARNING: [XSIM 43-4100] "C:/Users/eleves/Desktop/ES_FPGA/TP_ASCON/project_ascon/project_ascon.srcs/sources_1/new/top_ascon.sv" Line 23. Module top_ascon has a timescale but at least one module in design doesn't have timescale.
WARNING: [XSIM 43-4100] "C:/Users/eleves/Desktop/ES_FPGA/TP_ASCON/project_ascon/project_ascon.srcs/sources_1/imports/RTL/ascon.sv" Line 5. Module ascon has a timescale but at least one module in design doesn't have timescale.
WARNING: [XSIM 43-4100] "C:/Users/eleves/Desktop/ES_FPGA/TP_ASCON/project_ascon/project_ascon.srcs/sources_1/imports/RTL/fsm_moore.sv" Line 4. Module fsm_moore has a timescale but at least one module in design doesn't have timescale.
WARNING: [XSIM 43-4100] "C:/Users/eleves/Desktop/ES_FPGA/TP_ASCON/project_ascon/project_ascon.srcs/sources_1/imports/RTL/compteur_double_init.sv" Line 12. Module compteur_double_init has a timescale but at least one module in design doesn't have timescale.
WARNING: [XSIM 43-4100] "C:/Users/eleves/Desktop/ES_FPGA/TP_ASCON/project_ascon/project_ascon.srcs/sources_1/imports/RTL/mux_state.sv" Line 12. Module mux_state has a timescale but at least one module in design doesn't have timescale.
WARNING: [XSIM 43-4100] "C:/Users/eleves/Desktop/ES_FPGA/TP_ASCON/project_ascon/project_ascon.srcs/sources_1/imports/RTL/xor_begin_perm.sv" Line 12. Module xor_begin_perm has a timescale but at least one module in design doesn't have timescale.
WARNING: [XSIM 43-4100] "C:/Users/eleves/Desktop/ES_FPGA/TP_ASCON/project_ascon/project_ascon.srcs/sources_1/imports/RTL/register_w_en.sv" Line 12. Module register_w_en(nb_bits_g=64) has a timescale but at least one module in design doesn't have timescale.
WARNING: [XSIM 43-4100] "C:/Users/eleves/Desktop/ES_FPGA/TP_ASCON/project_ascon/project_ascon.srcs/sources_1/imports/RTL/xor_end_perm.sv" Line 12. Module xor_end_perm has a timescale but at least one module in design doesn't have timescale.
WARNING: [XSIM 43-4100] "C:/Users/eleves/Desktop/ES_FPGA/TP_ASCON/project_ascon/project_ascon.srcs/sources_1/imports/RTL/state_register_w_en.sv" Line 12. Module state_register_w_en has a timescale but at least one module in design doesn't have timescale.
WARNING: [XSIM 43-4100] "C:/Users/eleves/Desktop/ES_FPGA/TP_ASCON/project_ascon/project_ascon.srcs/sources_1/imports/RTL/register_w_en.sv" Line 12. Module register_w_en(nb_bits_g=128) has a timescale but at least one module in design doesn't have timescale.
WARNING: [XSIM 43-4100] "C:/Users/eleves/Desktop/ES_FPGA/TP_ASCON/project_ascon/project_ascon.srcs/sources_1/new/fsm_top.sv" Line 23. Module fsm_top has a timescale but at least one module in design doesn't have timescale.
WARNING: [XSIM 43-4100] "C:/Users/eleves/Desktop/ES_FPGA/TP_ASCON/project_ascon/project_ascon.gen/sources_1/ip/clk_wiz_0/clk_wiz_0.v" Line 65. Module clk_wiz_0 has a timescale but at least one module in design doesn't have timescale.
WARNING: [XSIM 43-4100] "C:/Users/eleves/Desktop/ES_FPGA/TP_ASCON/project_ascon/project_ascon.gen/sources_1/ip/clk_wiz_0/clk_wiz_0_clk_wiz.v" Line 65. Module clk_wiz_0_clk_wiz has a timescale but at least one module in design doesn't have timescale.
WARNING: [XSIM 43-4100] "/proj/xbuilds/SWIP/2024.2_1107_2045/installs/lin64/Vivado/2024.2/data/verilog/src/unisims/IBUF.v" Line 29. Module IBUF has a timescale but at least one module in design doesn't have timescale.
WARNING: [XSIM 43-4100] "/proj/xbuilds/SWIP/2024.2_1107_2045/installs/lin64/Vivado/2024.2/data/verilog/src/unisims/MMCME2_ADV.v" Line 123. Module MMCME2_ADV(CLKFBOUT_MULT_F=10.0,CLKIN1_PERIOD=10.0,CLKOUT0_DIVIDE_F=10.0) has a timescale but at least one module in design doesn't have timescale.
WARNING: [XSIM 43-4100] "/proj/xbuilds/SWIP/2024.2_1107_2045/installs/lin64/Vivado/2024.2/data/verilog/src/unisims/BUFG.v" Line 27. Module BUFG has a timescale but at least one module in design doesn't have timescale.
WARNING: [XSIM 43-4100] "/proj/xbuilds/SWIP/2024.2_1107_2045/installs/lin64/Vivado/2024.2/data/verilog/src/unisims/BUFG.v" Line 27. Module BUFG has a timescale but at least one module in design doesn't have timescale.
WARNING: [XSIM 43-4100] "C:/Users/eleves/Desktop/ES_FPGA/TP_ASCON/project_ascon/project_ascon.gen/sources_1/ip/blk_mem_gen_0/sim/blk_mem_gen_0.v" Line 55. Module blk_mem_gen_0 has a timescale but at least one module in design doesn't have timescale.
WARNING: [XSIM 43-4100] "/wrk/ci/prod/2024.2/sw/continuous/3059/packages/customer/vivado/data/ip/xilinx/blk_mem_gen_v8_4/simulation/blk_mem_gen_v8_4.v" Line 3457. Module blk_mem_gen_v8_4_9(C_FAMILY="zynq",C_XDEVICEFAMILY="zynq",C_ELABORATION_DIR="./",C_AXI_TYPE=1,C_MEM_TYPE=3,C_PRIM_TYPE=1,C_LOAD_INIT_FILE=1,C_INIT_FILE_NAME="blk_mem_gen_0.mif",C_INIT_FILE="blk_mem_gen_0.mem",C_HAS_ENA=0,C_WRITE_WIDTH_A=64,C_READ_WIDTH_A=64,C_WRITE_DEPTH_A=4,C_READ_DEPTH_A=4,C_ADDRA_WIDTH=2,C_INITB_VAL="0",C_HAS_ENB=0,C_WRITE_WIDTH_B=64,C_READ_WIDTH_B=64,C_WRITE_DEPTH_B=4,C_READ_DEPTH_B=4,C_ADDRB_WIDTH=2,C_SIM_COLLISION_CHECK="ALL",C_COMMON_CLK=0,C_COUNT_36K_BRAM="1",C_COUNT_18K_BRAM="0",C_EST_POWER_SUMMARY="Estimated_Power_for_IP_____:_____6.370399_mW") has a timescale but at least one module in design doesn't have timescale.
WARNING: [XSIM 43-4100] "/wrk/ci/prod/2024.2/sw/continuous/3059/packages/customer/vivado/data/ip/xilinx/blk_mem_gen_v8_4/simulation/blk_mem_gen_v8_4.v" Line 1996. Module blk_mem_gen_v8_4_9_mem_module(C_FAMILY="zynq",C_XDEVICEFAMILY="zynq",C_MEM_TYPE=3,C_PRIM_TYPE=1,C_LOAD_INIT_FILE=1,C_INIT_FILE_NAME="blk_mem_gen_0.mif",C_INIT_FILE="blk_mem_gen_0.mem",C_HAS_ENA=0,C_WRITE_WIDTH_A=64,C_READ_WIDTH_A=64,C_WRITE_DEPTH_A=4,C_READ_DEPTH_A=4,C_ADDRA_WIDTH=2,C_INITB_VAL="0",C_HAS_ENB=0,C_WRITE_WIDTH_B=64,C_READ_WIDTH_B=64,C_WRITE_DEPTH_B=4,C_READ_DEPTH_B=4,C_ADDRB_WIDTH=2,C_SIM_COLLISION_CHECK="ALL",C_COMMON_CLK=0) has a timescale but at least one module in design doesn't have timescale.
WARNING: [XSIM 43-4100] "/wrk/ci/prod/2024.2/sw/continuous/3059/packages/customer/vivado/data/ip/xilinx/blk_mem_gen_v8_4/simulation/blk_mem_gen_v8_4.v" Line 3457. Module blk_mem_gen_v8_4_9 has a timescale but at least one module in design doesn't have timescale.
WARNING: [XSIM 43-4100] "/wrk/ci/prod/2024.2/sw/continuous/3059/packages/customer/vivado/data/ip/xilinx/blk_mem_gen_v8_4/simulation/blk_mem_gen_v8_4.v" Line 3457. Module blk_mem_gen_v8_4_9(C_FAMILY="zynq",C_XDEVICEFAMILY="zynq",C_ELABORATION_DIR="./",C_AXI_TYPE=1,C_MEM_TYPE=3,C_PRIM_TYPE=1,C_LOAD_INIT_FILE=1,C_INIT_FILE_NAME="blk_mem_gen_0.mif",C_INIT_FILE="blk_mem_gen_0.mem",C_HAS_ENA=0,C_WRITE_WIDTH_A=64,C_READ_WIDTH_A=64,C_WRITE_DEPTH_A=4,C_READ_DEPTH_A=4,C_ADDRA_WIDTH=2,C_INITB_VAL="0",C_HAS_ENB=0,C_WRITE_WIDTH_B=64,C_READ_WIDTH_B=64,C_WRITE_DEPTH_B=4,C_READ_DEPTH_B=4,C_ADDRB_WIDTH=2,C_SIM_COLLISION_CHECK="ALL",C_COMMON_CLK=0,C_COUNT_36K_BRAM="1",C_COUNT_18K_BRAM="0",C_EST_POWER_SUMMARY="Estimated_Power_for_IP_____:_____6.370399_mW") has a timescale but at least one module in design doesn't have timescale.
WARNING: [XSIM 43-4100] "/wrk/ci/prod/2024.2/sw/continuous/3059/packages/customer/vivado/data/ip/xilinx/blk_mem_gen_v8_4/simulation/blk_mem_gen_v8_4.v" Line 3457. Module blk_mem_gen_v8_4_9 has a timescale but at least one module in design doesn't have timescale.
WARNING: [XSIM 43-4100] "/wrk/ci/prod/2024.2/sw/continuous/3059/packages/customer/vivado/data/ip/xilinx/blk_mem_gen_v8_4/simulation/blk_mem_gen_v8_4.v" Line 3457. Module blk_mem_gen_v8_4_9(C_FAMILY="zynq",C_XDEVICEFAMILY="zynq",C_ELABORATION_DIR="./",C_AXI_TYPE=1,C_MEM_TYPE=3,C_PRIM_TYPE=1,C_LOAD_INIT_FILE=1,C_INIT_FILE_NAME="blk_mem_gen_0.mif",C_INIT_FILE="blk_mem_gen_0.mem",C_HAS_ENA=0,C_WRITE_WIDTH_A=64,C_READ_WIDTH_A=64,C_WRITE_DEPTH_A=4,C_READ_DEPTH_A=4,C_ADDRA_WIDTH=2,C_INITB_VAL="0",C_HAS_ENB=0,C_WRITE_WIDTH_B=64,C_READ_WIDTH_B=64,C_WRITE_DEPTH_B=4,C_READ_DEPTH_B=4,C_ADDRB_WIDTH=2,C_SIM_COLLISION_CHECK="ALL",C_COMMON_CLK=0,C_COUNT_36K_BRAM="1",C_COUNT_18K_BRAM="0",C_EST_POWER_SUMMARY="Estimated_Power_for_IP_____:_____6.370399_mW") has a timescale but at least one module in design doesn't have timescale.
WARNING: [XSIM 43-4100] "/wrk/ci/prod/2024.2/sw/continuous/3059/packages/customer/vivado/data/ip/xilinx/blk_mem_gen_v8_4/simulation/blk_mem_gen_v8_4.v" Line 3457. Module blk_mem_gen_v8_4_9 has a timescale but at least one module in design doesn't have timescale.
WARNING: [XSIM 43-4100] "/wrk/ci/prod/2024.2/sw/continuous/3059/packages/customer/vivado/data/ip/xilinx/blk_mem_gen_v8_4/simulation/blk_mem_gen_v8_4.v" Line 3457. Module blk_mem_gen_v8_4_9(C_FAMILY="zynq",C_XDEVICEFAMILY="zynq",C_ELABORATION_DIR="./",C_AXI_TYPE=1,C_MEM_TYPE=3,C_PRIM_TYPE=1,C_LOAD_INIT_FILE=1,C_INIT_FILE_NAME="blk_mem_gen_0.mif",C_INIT_FILE="blk_mem_gen_0.mem",C_HAS_ENA=0,C_WRITE_WIDTH_A=64,C_READ_WIDTH_A=64,C_WRITE_DEPTH_A=4,C_READ_DEPTH_A=4,C_ADDRA_WIDTH=2,C_INITB_VAL="0",C_HAS_ENB=0,C_WRITE_WIDTH_B=64,C_READ_WIDTH_B=64,C_WRITE_DEPTH_B=4,C_READ_DEPTH_B=4,C_ADDRB_WIDTH=2,C_SIM_COLLISION_CHECK="ALL",C_COMMON_CLK=0,C_COUNT_36K_BRAM="1",C_COUNT_18K_BRAM="0",C_EST_POWER_SUMMARY="Estimated_Power_for_IP_____:_____6.370399_mW") has a timescale but at least one module in design doesn't have timescale.
WARNING: [XSIM 43-4100] "/wrk/ci/prod/2024.2/sw/continuous/3059/packages/customer/vivado/data/ip/xilinx/blk_mem_gen_v8_4/simulation/blk_mem_gen_v8_4.v" Line 3457. Module blk_mem_gen_v8_4_9 has a timescale but at least one module in design doesn't have timescale.
WARNING: [XSIM 43-4100] "/wrk/ci/prod/2024.2/sw/continuous/3059/packages/customer/vivado/data/ip/xilinx/blk_mem_gen_v8_4/simulation/blk_mem_gen_v8_4.v" Line 3457. Module blk_mem_gen_v8_4_9(C_FAMILY="zynq",C_XDEVICEFAMILY="zynq",C_ELABORATION_DIR="./",C_AXI_TYPE=1,C_MEM_TYPE=3,C_PRIM_TYPE=1,C_LOAD_INIT_FILE=1,C_INIT_FILE_NAME="blk_mem_gen_0.mif",C_INIT_FILE="blk_mem_gen_0.mem",C_HAS_ENA=0,C_WRITE_WIDTH_A=64,C_READ_WIDTH_A=64,C_WRITE_DEPTH_A=4,C_READ_DEPTH_A=4,C_ADDRA_WIDTH=2,C_INITB_VAL="0",C_HAS_ENB=0,C_WRITE_WIDTH_B=64,C_READ_WIDTH_B=64,C_WRITE_DEPTH_B=4,C_READ_DEPTH_B=4,C_ADDRB_WIDTH=2,C_SIM_COLLISION_CHECK="ALL",C_COMMON_CLK=0,C_COUNT_36K_BRAM="1",C_COUNT_18K_BRAM="0",C_EST_POWER_SUMMARY="Estimated_Power_for_IP_____:_____6.370399_mW") has a timescale but at least one module in design doesn't have timescale.
WARNING: [XSIM 43-4100] "/wrk/ci/prod/2024.2/sw/continuous/3059/packages/customer/vivado/data/ip/xilinx/blk_mem_gen_v8_4/simulation/blk_mem_gen_v8_4.v" Line 3457. Module blk_mem_gen_v8_4_9 has a timescale but at least one module in design doesn't have timescale.
WARNING: [XSIM 43-4100] "/wrk/ci/prod/2024.2/sw/continuous/3059/packages/customer/vivado/data/ip/xilinx/blk_mem_gen_v8_4/simulation/blk_mem_gen_v8_4.v" Line 3457. Module blk_mem_gen_v8_4_9(C_FAMILY="zynq",C_XDEVICEFAMILY="zynq",C_ELABORATION_DIR="./",C_AXI_TYPE=1,C_MEM_TYPE=3,C_PRIM_TYPE=1,C_LOAD_INIT_FILE=1,C_INIT_FILE_NAME="blk_mem_gen_0.mif",C_INIT_FILE="blk_mem_gen_0.mem",C_HAS_ENA=0,C_WRITE_WIDTH_A=64,C_READ_WIDTH_A=64,C_WRITE_DEPTH_A=4,C_READ_DEPTH_A=4,C_ADDRA_WIDTH=2,C_INITB_VAL="0",C_HAS_ENB=0,C_WRITE_WIDTH_B=64,C_READ_WIDTH_B=64,C_WRITE_DEPTH_B=4,C_READ_DEPTH_B=4,C_ADDRB_WIDTH=2,C_SIM_COLLISION_CHECK="ALL",C_COMMON_CLK=0,C_COUNT_36K_BRAM="1",C_COUNT_18K_BRAM="0",C_EST_POWER_SUMMARY="Estimated_Power_for_IP_____:_____6.370399_mW") has a timescale but at least one module in design doesn't have timescale.
WARNING: [XSIM 43-4100] "/wrk/ci/prod/2024.2/sw/continuous/3059/packages/customer/vivado/data/ip/xilinx/blk_mem_gen_v8_4/simulation/blk_mem_gen_v8_4.v" Line 3457. Module blk_mem_gen_v8_4_9 has a timescale but at least one module in design doesn't have timescale.
WARNING: [XSIM 43-4100] "/wrk/ci/prod/2024.2/sw/continuous/3059/packages/customer/vivado/data/ip/xilinx/blk_mem_gen_v8_4/simulation/blk_mem_gen_v8_4.v" Line 3457. Module blk_mem_gen_v8_4_9(C_FAMILY="zynq",C_XDEVICEFAMILY="zynq",C_ELABORATION_DIR="./",C_AXI_TYPE=1,C_MEM_TYPE=3,C_PRIM_TYPE=1,C_LOAD_INIT_FILE=1,C_INIT_FILE_NAME="blk_mem_gen_0.mif",C_INIT_FILE="blk_mem_gen_0.mem",C_HAS_ENA=0,C_WRITE_WIDTH_A=64,C_READ_WIDTH_A=64,C_WRITE_DEPTH_A=4,C_READ_DEPTH_A=4,C_ADDRA_WIDTH=2,C_INITB_VAL="0",C_HAS_ENB=0,C_WRITE_WIDTH_B=64,C_READ_WIDTH_B=64,C_WRITE_DEPTH_B=4,C_READ_DEPTH_B=4,C_ADDRB_WIDTH=2,C_SIM_COLLISION_CHECK="ALL",C_COMMON_CLK=0,C_COUNT_36K_BRAM="1",C_COUNT_18K_BRAM="0",C_EST_POWER_SUMMARY="Estimated_Power_for_IP_____:_____6.370399_mW") has a timescale but at least one module in design doesn't have timescale.
WARNING: [XSIM 43-4100] "/wrk/ci/prod/2024.2/sw/continuous/3059/packages/customer/vivado/data/ip/xilinx/blk_mem_gen_v8_4/simulation/blk_mem_gen_v8_4.v" Line 1608. Module blk_mem_gen_v8_4_9_output_stage(C_FAMILY="zynq",C_XDEVICEFAMILY="zynq",C_DATA_WIDTH=64,C_ADDRB_WIDTH=2,NUM_STAGES=0) has a timescale but at least one module in design doesn't have timescale.
WARNING: [XSIM 43-4100] "/wrk/ci/prod/2024.2/sw/continuous/3059/packages/customer/vivado/data/ip/xilinx/blk_mem_gen_v8_4/simulation/blk_mem_gen_v8_4.v" Line 1608. Module blk_mem_gen_v8_4_9_output_stage(C_FAMILY="zynq",C_XDEVICEFAMILY="zynq",C_DATA_WIDTH=64,C_ADDRB_WIDTH=2,NUM_STAGES=0) has a timescale but at least one module in design doesn't have timescale.
WARNING: [XSIM 43-4100] "/wrk/ci/prod/2024.2/sw/continuous/3059/packages/customer/vivado/data/ip/xilinx/blk_mem_gen_v8_4/simulation/blk_mem_gen_v8_4.v" Line 1904. Module blk_mem_gen_v8_4_9_softecc_output_reg_stage(C_DATA_WIDTH=64,C_ADDRB_WIDTH=2) has a timescale but at least one module in design doesn't have timescale.
WARNING: [XSIM 43-4100] "C:/Users/eleves/Desktop/ES_FPGA/TP_ASCON/project_ascon/project_ascon.sim/sim_1/behav/xsim/glbl.v" Line 6. Module glbl has a timescale but at least one module in design doesn't have timescale.
WARNING: [XSIM 43-4100] "C:/Users/eleves/Desktop/ES_FPGA/TP_ASCON/project_ascon/project_ascon.sim/sim_1/behav/xsim/glbl.v" Line 6. Module glbl has a timescale but at least one module in design doesn't have timescale.
Completed simulation data flow analysis
Time Resolution for simulation is 1ps
Compiling package xil_defaultlib.ascon_pack
Compiling module xil_defaultlib.fsm_moore
Compiling module xil_defaultlib.compteur_double_init
Compiling module xil_defaultlib.mux_state
Compiling module xil_defaultlib.xor_begin_perm
Compiling module xil_defaultlib.register_w_en(nb_bits_g=64)
Compiling module xil_defaultlib.Pc
Compiling module xil_defaultlib.sbox
Compiling module xil_defaultlib.Ps_default
Compiling module xil_defaultlib.Pl
Compiling module xil_defaultlib.xor_end_perm
Compiling module xil_defaultlib.state_register_w_en
Compiling module xil_defaultlib.register_w_en(nb_bits_g=128)
Compiling module xil_defaultlib.Permutation
Compiling module xil_defaultlib.ascon
Compiling module xil_defaultlib.fsm_top
Compiling module unisims_ver.IBUF
Compiling module unisims_ver.MMCME2_ADV(CLKFBOUT_MULT_F=10.0,...
Compiling module unisims_ver.BUFG
Compiling module xil_defaultlib.clk_wiz_0_clk_wiz
Compiling module xil_defaultlib.clk_wiz_0
Compiling module blk_mem_gen_v8_4_9.blk_mem_gen_v8_4_9_output_stage(...
Compiling module blk_mem_gen_v8_4_9.blk_mem_gen_v8_4_9_softecc_outpu...
Compiling module blk_mem_gen_v8_4_9.blk_mem_gen_v8_4_9_mem_module(C_...
Compiling module blk_mem_gen_v8_4_9.blk_mem_gen_v8_4_9(C_FAMILY="zyn...
Compiling module xil_defaultlib.blk_mem_gen_0
Compiling module xil_defaultlib.top_ascon
Compiling module xil_defaultlib.top_ascon_tb_2
Compiling module xil_defaultlib.glbl
Built simulation snapshot top_ascon_tb_2_behav
run_program: Time (s): cpu = 00:00:01 ; elapsed = 00:00:14 . Memory (MB): peak = 2718.520 ; gain = 0.000
INFO: [USF-XSim-69] 'elaborate' step finished in '15' seconds
launch_simulation: Time (s): cpu = 00:00:01 ; elapsed = 00:00:14 . Memory (MB): peak = 2718.520 ; gain = 0.000
Time resolution is 1 ps
 Block Memory Generator module loading initial data...
 Block Memory Generator data initialization complete.
Block Memory Generator module top_ascon_tb_2.DUT.memory_rom.inst.native_mem_module.blk_mem_gen_v8_4_9_inst is using a behavioral model for simulation which will not precisely model memory collision behavior.
relaunch_sim: Time (s): cpu = 00:00:02 ; elapsed = 00:00:18 . Memory (MB): peak = 2718.520 ; gain = 0.000
restart
INFO: [Wavedata 42-604] Simulation restarted
run 1.5 us
 Block Memory Generator module loading initial data...
 Block Memory Generator data initialization complete.
Block Memory Generator module top_ascon_tb_2.DUT.memory_rom.inst.native_mem_module.blk_mem_gen_v8_4_9_inst is using a behavioral model for simulation which will not precisely model memory collision behavior.
restart
INFO: [Wavedata 42-604] Simulation restarted
run 1.5 us
 Block Memory Generator module loading initial data...
 Block Memory Generator data initialization complete.
Block Memory Generator module top_ascon_tb_2.DUT.memory_rom.inst.native_mem_module.blk_mem_gen_v8_4_9_inst is using a behavioral model for simulation which will not precisely model memory collision behavior.
WARNING: [filemgmt 56-199] Attempt to get parsing info during refresh. "On-the-fly" syntax checking information may be incorrect. [C:\Users\eleves\Desktop\ES_FPGA\TP_ASCON\project_ascon\project_ascon.srcs\sources_1\new\top_ascon.sv:]
WARNING: [filemgmt 56-199] Attempt to get parsing info during refresh. "On-the-fly" syntax checking information may be incorrect. [C:\Users\eleves\Desktop\ES_FPGA\TP_ASCON\project_ascon\project_ascon.srcs\sources_1\imports\RTL\ascon.sv:]
WARNING: [filemgmt 56-199] Attempt to get parsing info during refresh. "On-the-fly" syntax checking information may be incorrect. [C:\Users\eleves\Desktop\ES_FPGA\TP_ASCON\project_ascon\project_ascon.srcs\sim_1\new\top_ascon_tb.sv:]
WARNING: [filemgmt 56-199] Attempt to get parsing info during refresh. "On-the-fly" syntax checking information may be incorrect. [C:\Users\eleves\Desktop\ES_FPGA\TP_ASCON\project_ascon\project_ascon.srcs\sources_1\imports\RTL\fsm_moore.sv:]
WARNING: [filemgmt 56-199] Attempt to get parsing info during refresh. "On-the-fly" syntax checking information may be incorrect. [C:\Users\eleves\Desktop\ES_FPGA\TP_ASCON\project_ascon\project_ascon.srcs\sim_1\new\top_ascon_tb_2.sv:]
WARNING: [filemgmt 56-199] Attempt to get parsing info during refresh. "On-the-fly" syntax checking information may be incorrect. [C:\Users\eleves\Desktop\ES_FPGA\TP_ASCON\project_ascon\project_ascon.srcs\sources_1\new\fsm_top.sv:]
WARNING: [filemgmt 56-199] Attempt to get parsing info during refresh. "On-the-fly" syntax checking information may be incorrect. [C:\Users\eleves\Desktop\ES_FPGA\TP_ASCON\project_ascon\project_ascon.srcs\sources_1\new\fsm_top.sv:]
WARNING: [filemgmt 56-199] Attempt to get parsing info during refresh. "On-the-fly" syntax checking information may be incorrect. [C:\Users\eleves\Desktop\ES_FPGA\TP_ASCON\project_ascon\project_ascon.srcs\sources_1\new\fsm_top.sv:]
WARNING: [filemgmt 56-199] Attempt to get parsing info during refresh. "On-the-fly" syntax checking information may be incorrect. [C:\Users\eleves\Desktop\ES_FPGA\TP_ASCON\project_ascon\project_ascon.srcs\sources_1\new\top_ascon.sv:]
WARNING: [filemgmt 56-199] Attempt to get parsing info during refresh. "On-the-fly" syntax checking information may be incorrect. [C:\Users\eleves\Desktop\ES_FPGA\TP_ASCON\project_ascon\project_ascon.srcs\sources_1\imports\RTL\ascon.sv:]
WARNING: [filemgmt 56-199] Attempt to get parsing info during refresh. "On-the-fly" syntax checking information may be incorrect. [C:\Users\eleves\Desktop\ES_FPGA\TP_ASCON\project_ascon\project_ascon.srcs\sim_1\new\top_ascon_tb.sv:]
WARNING: [filemgmt 56-199] Attempt to get parsing info during refresh. "On-the-fly" syntax checking information may be incorrect. [C:\Users\eleves\Desktop\ES_FPGA\TP_ASCON\project_ascon\project_ascon.srcs\sources_1\imports\RTL\fsm_moore.sv:]
WARNING: [filemgmt 56-199] Attempt to get parsing info during refresh. "On-the-fly" syntax checking information may be incorrect. [C:\Users\eleves\Desktop\ES_FPGA\TP_ASCON\project_ascon\project_ascon.srcs\sim_1\new\top_ascon_tb_2.sv:]
WARNING: [filemgmt 56-199] Attempt to get parsing info during refresh. "On-the-fly" syntax checking information may be incorrect. [C:\Users\eleves\Desktop\ES_FPGA\TP_ASCON\project_ascon\project_ascon.srcs\sources_1\new\fsm_top.sv:]
WARNING: [filemgmt 56-199] Attempt to get parsing info during refresh. "On-the-fly" syntax checking information may be incorrect. [C:\Users\eleves\Desktop\ES_FPGA\TP_ASCON\project_ascon\project_ascon.srcs\sim_1\new\top_ascon_tb.sv:]
WARNING: [filemgmt 56-199] Attempt to get parsing info during refresh. "On-the-fly" syntax checking information may be incorrect. [C:\Users\eleves\Desktop\ES_FPGA\TP_ASCON\project_ascon\project_ascon.srcs\sim_1\new\top_ascon_tb.sv:]
WARNING: [filemgmt 56-199] Attempt to get parsing info during refresh. "On-the-fly" syntax checking information may be incorrect. [C:\Users\eleves\Desktop\ES_FPGA\TP_ASCON\project_ascon\project_ascon.srcs\sources_1\new\top_ascon.sv:]
WARNING: [filemgmt 56-199] Attempt to get parsing info during refresh. "On-the-fly" syntax checking information may be incorrect. [C:\Users\eleves\Desktop\ES_FPGA\TP_ASCON\project_ascon\project_ascon.srcs\sources_1\imports\RTL\ascon.sv:]
WARNING: [filemgmt 56-199] Attempt to get parsing info during refresh. "On-the-fly" syntax checking information may be incorrect. [C:\Users\eleves\Desktop\ES_FPGA\TP_ASCON\project_ascon\project_ascon.srcs\sim_1\new\top_ascon_tb.sv:]
WARNING: [filemgmt 56-199] Attempt to get parsing info during refresh. "On-the-fly" syntax checking information may be incorrect. [C:\Users\eleves\Desktop\ES_FPGA\TP_ASCON\project_ascon\project_ascon.srcs\sources_1\imports\RTL\fsm_moore.sv:]
WARNING: [filemgmt 56-199] Attempt to get parsing info during refresh. "On-the-fly" syntax checking information may be incorrect. [C:\Users\eleves\Desktop\ES_FPGA\TP_ASCON\project_ascon\project_ascon.srcs\sim_1\new\top_ascon_tb_2.sv:]
WARNING: [filemgmt 56-199] Attempt to get parsing info during refresh. "On-the-fly" syntax checking information may be incorrect. [C:\Users\eleves\Desktop\ES_FPGA\TP_ASCON\project_ascon\project_ascon.srcs\sources_1\new\fsm_top.sv:]
WARNING: [filemgmt 56-199] Attempt to get parsing info during refresh. "On-the-fly" syntax checking information may be incorrect. [C:\Users\eleves\Desktop\ES_FPGA\TP_ASCON\project_ascon\project_ascon.srcs\sources_1\new\top_ascon.sv:]
WARNING: [filemgmt 56-199] Attempt to get parsing info during refresh. "On-the-fly" syntax checking information may be incorrect. [C:\Users\eleves\Desktop\ES_FPGA\TP_ASCON\project_ascon\project_ascon.srcs\sources_1\new\top_ascon.sv:]
WARNING: [filemgmt 56-199] Attempt to get parsing info during refresh. "On-the-fly" syntax checking information may be incorrect. [C:\Users\eleves\Desktop\ES_FPGA\TP_ASCON\project_ascon\project_ascon.srcs\sources_1\new\top_ascon.sv:]
WARNING: [filemgmt 56-199] Attempt to get parsing info during refresh. "On-the-fly" syntax checking information may be incorrect. [C:\Users\eleves\Desktop\ES_FPGA\TP_ASCON\project_ascon\project_ascon.srcs\sources_1\imports\RTL\ascon.sv:]
WARNING: [filemgmt 56-199] Attempt to get parsing info during refresh. "On-the-fly" syntax checking information may be incorrect. [C:\Users\eleves\Desktop\ES_FPGA\TP_ASCON\project_ascon\project_ascon.srcs\sim_1\new\top_ascon_tb.sv:]
WARNING: [filemgmt 56-199] Attempt to get parsing info during refresh. "On-the-fly" syntax checking information may be incorrect. [C:\Users\eleves\Desktop\ES_FPGA\TP_ASCON\project_ascon\project_ascon.srcs\sources_1\imports\RTL\fsm_moore.sv:]
WARNING: [filemgmt 56-199] Attempt to get parsing info during refresh. "On-the-fly" syntax checking information may be incorrect. [C:\Users\eleves\Desktop\ES_FPGA\TP_ASCON\project_ascon\project_ascon.srcs\sim_1\new\top_ascon_tb_2.sv:]
WARNING: [filemgmt 56-199] Attempt to get parsing info during refresh. "On-the-fly" syntax checking information may be incorrect. [C:\Users\eleves\Desktop\ES_FPGA\TP_ASCON\project_ascon\project_ascon.srcs\sources_1\new\fsm_top.sv:]
WARNING: [filemgmt 56-199] Attempt to get parsing info during refresh. "On-the-fly" syntax checking information may be incorrect. [C:\Users\eleves\Desktop\ES_FPGA\TP_ASCON\project_ascon\project_ascon.srcs\sources_1\imports\RTL\fsm_moore.sv:]
WARNING: [filemgmt 56-199] Attempt to get parsing info during refresh. "On-the-fly" syntax checking information may be incorrect. [C:\Users\eleves\Desktop\ES_FPGA\TP_ASCON\project_ascon\project_ascon.srcs\sources_1\imports\RTL\fsm_moore.sv:]
ERROR: [Common 17-180] Spawn failed: No error
WARNING: [filemgmt 56-199] Attempt to get parsing info during refresh. "On-the-fly" syntax checking information may be incorrect. [C:\Users\eleves\Desktop\ES_FPGA\TP_ASCON\project_ascon\project_ascon.srcs\sources_1\new\top_ascon.sv:]
WARNING: [filemgmt 56-199] Attempt to get parsing info during refresh. "On-the-fly" syntax checking information may be incorrect. [C:\Users\eleves\Desktop\ES_FPGA\TP_ASCON\project_ascon\project_ascon.srcs\sources_1\imports\RTL\ascon.sv:]
WARNING: [filemgmt 56-199] Attempt to get parsing info during refresh. "On-the-fly" syntax checking information may be incorrect. [C:\Users\eleves\Desktop\ES_FPGA\TP_ASCON\project_ascon\project_ascon.srcs\sim_1\new\top_ascon_tb.sv:]
WARNING: [filemgmt 56-199] Attempt to get parsing info during refresh. "On-the-fly" syntax checking information may be incorrect. [C:\Users\eleves\Desktop\ES_FPGA\TP_ASCON\project_ascon\project_ascon.srcs\sources_1\imports\RTL\fsm_moore.sv:]
WARNING: [filemgmt 56-199] Attempt to get parsing info during refresh. "On-the-fly" syntax checking information may be incorrect. [C:\Users\eleves\Desktop\ES_FPGA\TP_ASCON\project_ascon\project_ascon.srcs\sim_1\new\top_ascon_tb_2.sv:]
WARNING: [filemgmt 56-199] Attempt to get parsing info during refresh. "On-the-fly" syntax checking information may be incorrect. [C:\Users\eleves\Desktop\ES_FPGA\TP_ASCON\project_ascon\project_ascon.srcs\sources_1\new\fsm_top.sv:]
WARNING: [filemgmt 56-199] Attempt to get parsing info during refresh. "On-the-fly" syntax checking information may be incorrect. [C:\Users\eleves\Desktop\ES_FPGA\TP_ASCON\project_ascon\project_ascon.srcs\sim_1\new\top_ascon_tb_2.sv:]
WARNING: [filemgmt 56-199] Attempt to get parsing info during refresh. "On-the-fly" syntax checking information may be incorrect. [C:\Users\eleves\Desktop\ES_FPGA\TP_ASCON\project_ascon\project_ascon.srcs\sim_1\new\top_ascon_tb_2.sv:]
ERROR: [Common 17-180] Spawn failed: No error
WARNING: [filemgmt 56-199] Attempt to get parsing info during refresh. "On-the-fly" syntax checking information may be incorrect. [C:\Users\eleves\Desktop\ES_FPGA\TP_ASCON\project_ascon\project_ascon.srcs\sources_1\new\top_ascon.sv:]
WARNING: [filemgmt 56-199] Attempt to get parsing info during refresh. "On-the-fly" syntax checking information may be incorrect. [C:\Users\eleves\Desktop\ES_FPGA\TP_ASCON\project_ascon\project_ascon.srcs\sources_1\imports\RTL\ascon.sv:]
WARNING: [filemgmt 56-199] Attempt to get parsing info during refresh. "On-the-fly" syntax checking information may be incorrect. [C:\Users\eleves\Desktop\ES_FPGA\TP_ASCON\project_ascon\project_ascon.srcs\sim_1\new\top_ascon_tb.sv:]
WARNING: [filemgmt 56-199] Attempt to get parsing info during refresh. "On-the-fly" syntax checking information may be incorrect. [C:\Users\eleves\Desktop\ES_FPGA\TP_ASCON\project_ascon\project_ascon.srcs\sources_1\imports\RTL\fsm_moore.sv:]
WARNING: [filemgmt 56-199] Attempt to get parsing info during refresh. "On-the-fly" syntax checking information may be incorrect. [C:\Users\eleves\Desktop\ES_FPGA\TP_ASCON\project_ascon\project_ascon.srcs\sim_1\new\top_ascon_tb_2.sv:]
WARNING: [filemgmt 56-199] Attempt to get parsing info during refresh. "On-the-fly" syntax checking information may be incorrect. [C:\Users\eleves\Desktop\ES_FPGA\TP_ASCON\project_ascon\project_ascon.srcs\sources_1\new\fsm_top.sv:]
WARNING: [filemgmt 56-199] Attempt to get parsing info during refresh. "On-the-fly" syntax checking information may be incorrect. [C:\Users\eleves\Desktop\ES_FPGA\TP_ASCON\project_ascon\project_ascon.srcs\sources_1\new\fsm_top.sv:]
WARNING: [filemgmt 56-199] Attempt to get parsing info during refresh. "On-the-fly" syntax checking information may be incorrect. [C:\Users\eleves\Desktop\ES_FPGA\TP_ASCON\project_ascon\project_ascon.srcs\sources_1\new\fsm_top.sv:]
WARNING: [filemgmt 56-199] Attempt to get parsing info during refresh. "On-the-fly" syntax checking information may be incorrect. [C:\Users\eleves\Desktop\ES_FPGA\TP_ASCON\project_ascon\project_ascon.srcs\sources_1\new\top_ascon.sv:]
WARNING: [filemgmt 56-199] Attempt to get parsing info during refresh. "On-the-fly" syntax checking information may be incorrect. [C:\Users\eleves\Desktop\ES_FPGA\TP_ASCON\project_ascon\project_ascon.srcs\sources_1\imports\RTL\ascon.sv:]
WARNING: [filemgmt 56-199] Attempt to get parsing info during refresh. "On-the-fly" syntax checking information may be incorrect. [C:\Users\eleves\Desktop\ES_FPGA\TP_ASCON\project_ascon\project_ascon.srcs\sim_1\new\top_ascon_tb.sv:]
WARNING: [filemgmt 56-199] Attempt to get parsing info during refresh. "On-the-fly" syntax checking information may be incorrect. [C:\Users\eleves\Desktop\ES_FPGA\TP_ASCON\project_ascon\project_ascon.srcs\sources_1\imports\RTL\fsm_moore.sv:]
WARNING: [filemgmt 56-199] Attempt to get parsing info during refresh. "On-the-fly" syntax checking information may be incorrect. [C:\Users\eleves\Desktop\ES_FPGA\TP_ASCON\project_ascon\project_ascon.srcs\sim_1\new\top_ascon_tb_2.sv:]
WARNING: [filemgmt 56-199] Attempt to get parsing info during refresh. "On-the-fly" syntax checking information may be incorrect. [C:\Users\eleves\Desktop\ES_FPGA\TP_ASCON\project_ascon\project_ascon.srcs\sources_1\new\fsm_top.sv:]
WARNING: [filemgmt 56-199] Attempt to get parsing info during refresh. "On-the-fly" syntax checking information may be incorrect. [C:\Users\eleves\Desktop\ES_FPGA\TP_ASCON\project_ascon\project_ascon.srcs\sim_1\new\top_ascon_tb.sv:]
WARNING: [filemgmt 56-199] Attempt to get parsing info during refresh. "On-the-fly" syntax checking information may be incorrect. [C:\Users\eleves\Desktop\ES_FPGA\TP_ASCON\project_ascon\project_ascon.srcs\sim_1\new\top_ascon_tb.sv:]
WARNING: [filemgmt 56-199] Attempt to get parsing info during refresh. "On-the-fly" syntax checking information may be incorrect. [C:\Users\eleves\Desktop\ES_FPGA\TP_ASCON\project_ascon\project_ascon.srcs\sources_1\new\top_ascon.sv:]
WARNING: [filemgmt 56-199] Attempt to get parsing info during refresh. "On-the-fly" syntax checking information may be incorrect. [C:\Users\eleves\Desktop\ES_FPGA\TP_ASCON\project_ascon\project_ascon.srcs\sources_1\imports\RTL\ascon.sv:]
WARNING: [filemgmt 56-199] Attempt to get parsing info during refresh. "On-the-fly" syntax checking information may be incorrect. [C:\Users\eleves\Desktop\ES_FPGA\TP_ASCON\project_ascon\project_ascon.srcs\sim_1\new\top_ascon_tb.sv:]
WARNING: [filemgmt 56-199] Attempt to get parsing info during refresh. "On-the-fly" syntax checking information may be incorrect. [C:\Users\eleves\Desktop\ES_FPGA\TP_ASCON\project_ascon\project_ascon.srcs\sources_1\imports\RTL\fsm_moore.sv:]
WARNING: [filemgmt 56-199] Attempt to get parsing info during refresh. "On-the-fly" syntax checking information may be incorrect. [C:\Users\eleves\Desktop\ES_FPGA\TP_ASCON\project_ascon\project_ascon.srcs\sim_1\new\top_ascon_tb_2.sv:]
WARNING: [filemgmt 56-199] Attempt to get parsing info during refresh. "On-the-fly" syntax checking information may be incorrect. [C:\Users\eleves\Desktop\ES_FPGA\TP_ASCON\project_ascon\project_ascon.srcs\sources_1\new\fsm_top.sv:]
WARNING: [filemgmt 56-199] Attempt to get parsing info during refresh. "On-the-fly" syntax checking information may be incorrect. [C:\Users\eleves\Desktop\ES_FPGA\TP_ASCON\project_ascon\project_ascon.srcs\sources_1\imports\RTL\fsm_moore.sv:]
WARNING: [filemgmt 56-199] Attempt to get parsing info during refresh. "On-the-fly" syntax checking information may be incorrect. [C:\Users\eleves\Desktop\ES_FPGA\TP_ASCON\project_ascon\project_ascon.srcs\sources_1\imports\RTL\fsm_moore.sv:]
relaunch_sim
ERROR: [Common 17-180] Spawn failed: No error
WARNING: [filemgmt 56-199] Attempt to get parsing info during refresh. "On-the-fly" syntax checking information may be incorrect. [C:\Users\eleves\Desktop\ES_FPGA\TP_ASCON\project_ascon\project_ascon.srcs\sources_1\new\top_ascon.sv:]
WARNING: [filemgmt 56-199] Attempt to get parsing info during refresh. "On-the-fly" syntax checking information may be incorrect. [C:\Users\eleves\Desktop\ES_FPGA\TP_ASCON\project_ascon\project_ascon.srcs\sources_1\imports\RTL\ascon.sv:]
WARNING: [filemgmt 56-199] Attempt to get parsing info during refresh. "On-the-fly" syntax checking information may be incorrect. [C:\Users\eleves\Desktop\ES_FPGA\TP_ASCON\project_ascon\project_ascon.srcs\sim_1\new\top_ascon_tb.sv:]
WARNING: [filemgmt 56-199] Attempt to get parsing info during refresh. "On-the-fly" syntax checking information may be incorrect. [C:\Users\eleves\Desktop\ES_FPGA\TP_ASCON\project_ascon\project_ascon.srcs\sources_1\imports\RTL\fsm_moore.sv:]
WARNING: [filemgmt 56-199] Attempt to get parsing info during refresh. "On-the-fly" syntax checking information may be incorrect. [C:\Users\eleves\Desktop\ES_FPGA\TP_ASCON\project_ascon\project_ascon.srcs\sim_1\new\top_ascon_tb_2.sv:]
WARNING: [filemgmt 56-199] Attempt to get parsing info during refresh. "On-the-fly" syntax checking information may be incorrect. [C:\Users\eleves\Desktop\ES_FPGA\TP_ASCON\project_ascon\project_ascon.srcs\sources_1\new\fsm_top.sv:]
WARNING: [filemgmt 56-199] Attempt to get parsing info during refresh. "On-the-fly" syntax checking information may be incorrect. [C:\Users\eleves\Desktop\ES_FPGA\TP_ASCON\project_ascon\project_ascon.srcs\sources_1\imports\RTL\ascon.sv:]
WARNING: [filemgmt 56-199] Attempt to get parsing info during refresh. "On-the-fly" syntax checking information may be incorrect. [C:\Users\eleves\Desktop\ES_FPGA\TP_ASCON\project_ascon\project_ascon.srcs\sources_1\imports\RTL\ascon.sv:]
ERROR: [Common 17-180] Spawn failed: No error
WARNING: [filemgmt 56-199] Attempt to get parsing info during refresh. "On-the-fly" syntax checking information may be incorrect. [C:\Users\eleves\Desktop\ES_FPGA\TP_ASCON\project_ascon\project_ascon.srcs\sources_1\new\top_ascon.sv:]
WARNING: [filemgmt 56-199] Attempt to get parsing info during refresh. "On-the-fly" syntax checking information may be incorrect. [C:\Users\eleves\Desktop\ES_FPGA\TP_ASCON\project_ascon\project_ascon.srcs\sources_1\imports\RTL\ascon.sv:]
WARNING: [filemgmt 56-199] Attempt to get parsing info during refresh. "On-the-fly" syntax checking information may be incorrect. [C:\Users\eleves\Desktop\ES_FPGA\TP_ASCON\project_ascon\project_ascon.srcs\sim_1\new\top_ascon_tb.sv:]
WARNING: [filemgmt 56-199] Attempt to get parsing info during refresh. "On-the-fly" syntax checking information may be incorrect. [C:\Users\eleves\Desktop\ES_FPGA\TP_ASCON\project_ascon\project_ascon.srcs\sources_1\imports\RTL\fsm_moore.sv:]
WARNING: [filemgmt 56-199] Attempt to get parsing info during refresh. "On-the-fly" syntax checking information may be incorrect. [C:\Users\eleves\Desktop\ES_FPGA\TP_ASCON\project_ascon\project_ascon.srcs\sim_1\new\top_ascon_tb_2.sv:]
WARNING: [filemgmt 56-199] Attempt to get parsing info during refresh. "On-the-fly" syntax checking information may be incorrect. [C:\Users\eleves\Desktop\ES_FPGA\TP_ASCON\project_ascon\project_ascon.srcs\sources_1\new\fsm_top.sv:]
WARNING: [filemgmt 56-199] Attempt to get parsing info during refresh. "On-the-fly" syntax checking information may be incorrect. [C:\Users\eleves\Desktop\ES_FPGA\TP_ASCON\project_ascon\project_ascon.srcs\sim_1\new\top_ascon_tb_2.sv:]
WARNING: [filemgmt 56-199] Attempt to get parsing info during refresh. "On-the-fly" syntax checking information may be incorrect. [C:\Users\eleves\Desktop\ES_FPGA\TP_ASCON\project_ascon\project_ascon.srcs\sim_1\new\top_ascon_tb_2.sv:]
ERROR: [Common 17-180] Spawn failed: No error
ERROR: [Common 17-39] 'suspend_sim' failed due to earlier errors.
INFO: [Common 17-17] undo 'relaunch_sim'
INFO: [Common 17-17] undo 'relaunch_sim'
ERROR: [Common 17-69] Command failed: ERROR: [Common 17-39] 'suspend_sim' failed due to earlier errors.

relaunch_sim
Command: launch_simulation -step compile -simset sim_1 -mode behavioral
INFO: [Vivado 12-12493] Simulation top is 'top_ascon_tb_2'
WARNING: [Vivado 12-13340] Unable to auto find GCC executables from simulator install path! (path not set)
INFO: [Vivado 12-5698] Checking validity of IPs in the design for the 'XSim' simulator...
INFO: [Vivado 12-5682] Launching behavioral simulation in 'C:/Users/eleves/Desktop/ES_FPGA/TP_ASCON/project_ascon/project_ascon.sim/sim_1/behav/xsim'
INFO: [Vivado 12-4795] Using compiled simulation libraries for IPs
INFO: [SIM-utils-51] Simulation object is 'sim_1'
INFO: [USF-XSim-2] XSim::Compile design
INFO: [USF-XSim-61] Executing 'COMPILE and ANALYZE' step in 'C:/Users/eleves/Desktop/ES_FPGA/TP_ASCON/project_ascon/project_ascon.sim/sim_1/behav/xsim'
"xvlog --incr --relax -L uvm -prj top_ascon_tb_2_vlog.prj"
INFO: [VRFC 10-2263] Analyzing SystemVerilog file "C:/Users/eleves/Desktop/ES_FPGA/TP_ASCON/project_ascon/project_ascon.srcs/sources_1/imports/RTL/ascon_pack.sv" into library xil_defaultlib
INFO: [VRFC 10-2263] Analyzing SystemVerilog file "C:/Users/eleves/Desktop/ES_FPGA/TP_ASCON/project_ascon/project_ascon.srcs/sources_1/imports/RTL/Pc.sv" into library xil_defaultlib
INFO: [VRFC 10-311] analyzing module Pc
INFO: [VRFC 10-2263] Analyzing SystemVerilog file "C:/Users/eleves/Desktop/ES_FPGA/TP_ASCON/project_ascon/project_ascon.srcs/sources_1/imports/RTL/Permutation.sv" into library xil_defaultlib
INFO: [VRFC 10-311] analyzing module Permutation
INFO: [VRFC 10-2263] Analyzing SystemVerilog file "C:/Users/eleves/Desktop/ES_FPGA/TP_ASCON/project_ascon/project_ascon.srcs/sources_1/imports/RTL/Pl.sv" into library xil_defaultlib
INFO: [VRFC 10-311] analyzing module Pl
INFO: [VRFC 10-2263] Analyzing SystemVerilog file "C:/Users/eleves/Desktop/ES_FPGA/TP_ASCON/project_ascon/project_ascon.srcs/sources_1/imports/RTL/Ps.sv" into library xil_defaultlib
INFO: [VRFC 10-311] analyzing module Ps
INFO: [VRFC 10-2263] Analyzing SystemVerilog file "C:/Users/eleves/Desktop/ES_FPGA/TP_ASCON/project_ascon/project_ascon.srcs/sources_1/imports/RTL/Sbox.sv" into library xil_defaultlib
INFO: [VRFC 10-311] analyzing module sbox
INFO: [VRFC 10-2263] Analyzing SystemVerilog file "C:/Users/eleves/Desktop/ES_FPGA/TP_ASCON/project_ascon/project_ascon.srcs/sources_1/imports/RTL/ascon.sv" into library xil_defaultlib
INFO: [VRFC 10-311] analyzing module ascon
INFO: [VRFC 10-2263] Analyzing SystemVerilog file "C:/Users/eleves/Desktop/ES_FPGA/TP_ASCON/project_ascon/project_ascon.srcs/sources_1/imports/RTL/compteur_double_init.sv" into library xil_defaultlib
INFO: [VRFC 10-311] analyzing module compteur_double_init
INFO: [VRFC 10-2263] Analyzing SystemVerilog file "C:/Users/eleves/Desktop/ES_FPGA/TP_ASCON/project_ascon/project_ascon.srcs/sources_1/imports/RTL/fsm_moore.sv" into library xil_defaultlib
INFO: [VRFC 10-311] analyzing module fsm_moore
INFO: [VRFC 10-2263] Analyzing SystemVerilog file "C:/Users/eleves/Desktop/ES_FPGA/TP_ASCON/project_ascon/project_ascon.srcs/sources_1/new/fsm_top.sv" into library xil_defaultlib
INFO: [VRFC 10-311] analyzing module fsm_top
INFO: [VRFC 10-2263] Analyzing SystemVerilog file "C:/Users/eleves/Desktop/ES_FPGA/TP_ASCON/project_ascon/project_ascon.srcs/sources_1/imports/RTL/mux_state.sv" into library xil_defaultlib
INFO: [VRFC 10-311] analyzing module mux_state
INFO: [VRFC 10-2263] Analyzing SystemVerilog file "C:/Users/eleves/Desktop/ES_FPGA/TP_ASCON/project_ascon/project_ascon.srcs/sources_1/imports/RTL/register_w_en.sv" into library xil_defaultlib
INFO: [VRFC 10-311] analyzing module register_w_en
INFO: [VRFC 10-2263] Analyzing SystemVerilog file "C:/Users/eleves/Desktop/ES_FPGA/TP_ASCON/project_ascon/project_ascon.srcs/sources_1/imports/RTL/state_register_w_en.sv" into library xil_defaultlib
INFO: [VRFC 10-311] analyzing module state_register_w_en
INFO: [VRFC 10-2263] Analyzing SystemVerilog file "C:/Users/eleves/Desktop/ES_FPGA/TP_ASCON/project_ascon/project_ascon.srcs/sources_1/new/top_ascon.sv" into library xil_defaultlib
INFO: [VRFC 10-311] analyzing module top_ascon
INFO: [VRFC 10-2263] Analyzing SystemVerilog file "C:/Users/eleves/Desktop/ES_FPGA/TP_ASCON/project_ascon/project_ascon.srcs/sources_1/imports/RTL/xor_begin_perm.sv" into library xil_defaultlib
INFO: [VRFC 10-311] analyzing module xor_begin_perm
INFO: [VRFC 10-2263] Analyzing SystemVerilog file "C:/Users/eleves/Desktop/ES_FPGA/TP_ASCON/project_ascon/project_ascon.srcs/sources_1/imports/RTL/xor_end_perm.sv" into library xil_defaultlib
INFO: [VRFC 10-311] analyzing module xor_end_perm
INFO: [VRFC 10-2263] Analyzing SystemVerilog file "C:/Users/eleves/Desktop/ES_FPGA/TP_ASCON/project_ascon/project_ascon.srcs/sim_1/new/top_ascon_tb_2.sv" into library xil_defaultlib
INFO: [VRFC 10-311] analyzing module top_ascon_tb_2
INFO: [USF-XSim-69] 'compile' step finished in '2' seconds
Command: launch_simulation -step elaborate -simset sim_1 -mode behavioral
INFO: [Vivado 12-12493] Simulation top is 'top_ascon_tb_2'
WARNING: [Vivado 12-13340] Unable to auto find GCC executables from simulator install path! (path not set)
INFO: [Vivado 12-5698] Checking validity of IPs in the design for the 'XSim' simulator...
INFO: [Vivado 12-5682] Launching behavioral simulation in 'C:/Users/eleves/Desktop/ES_FPGA/TP_ASCON/project_ascon/project_ascon.sim/sim_1/behav/xsim'
INFO: [Vivado 12-4795] Using compiled simulation libraries for IPs
INFO: [SIM-utils-51] Simulation object is 'sim_1'
INFO: [USF-XSim-3] XSim::Elaborate design
INFO: [USF-XSim-61] Executing 'ELABORATE' step in 'C:/Users/eleves/Desktop/ES_FPGA/TP_ASCON/project_ascon/project_ascon.sim/sim_1/behav/xsim'
"xelab --incr --debug typical --relax --mt 2 -L xil_defaultlib -L blk_mem_gen_v8_4_9 -L uvm -L unisims_ver -L unimacro_ver -L secureip -L xpm --snapshot top_ascon_tb_2_behav xil_defaultlib.top_ascon_tb_2 xil_defaultlib.glbl -log elaborate.log"
Vivado Simulator v2024.2.0
Copyright 1986-2022 Xilinx, Inc. All Rights Reserved.
Copyright 2022-2024 Advanced Micro Devices, Inc. All Rights Reserved.
Running: C:/Xilinx/Vivado/2024.2/bin/unwrapped/win64.o/xelab.exe --incr --debug typical --relax --mt 2 -L xil_defaultlib -L blk_mem_gen_v8_4_9 -L uvm -L unisims_ver -L unimacro_ver -L secureip -L xpm --snapshot top_ascon_tb_2_behav xil_defaultlib.top_ascon_tb_2 xil_defaultlib.glbl -log elaborate.log 
Using 2 slave threads.
Starting static elaboration
Pass Through NonSizing Optimizer
WARNING: [VRFC 10-3091] actual bit length 8 differs from formal bit length 4 for port 'mux2_i' [C:/Users/eleves/Desktop/ES_FPGA/TP_ASCON/project_ascon/project_ascon.srcs/sim_1/new/top_ascon_tb_2.sv:38]
WARNING: [VRFC 10-3823] variable 'affichage_s' might have multiple concurrent drivers [C:/Users/eleves/Desktop/ES_FPGA/TP_ASCON/project_ascon/project_ascon.srcs/sim_1/new/top_ascon_tb_2.sv:48]
Completed static elaboration
Starting simulation data flow analysis
WARNING: [XSIM 43-4100] "C:/Users/eleves/Desktop/ES_FPGA/TP_ASCON/project_ascon/project_ascon.srcs/sim_1/new/top_ascon_tb_2.sv" Line 23. Module top_ascon_tb_2 has a timescale but at least one module in design doesn't have timescale.
WARNING: [XSIM 43-4100] "C:/Users/eleves/Desktop/ES_FPGA/TP_ASCON/project_ascon/project_ascon.srcs/sources_1/new/top_ascon.sv" Line 23. Module top_ascon has a timescale but at least one module in design doesn't have timescale.
WARNING: [XSIM 43-4100] "C:/Users/eleves/Desktop/ES_FPGA/TP_ASCON/project_ascon/project_ascon.srcs/sources_1/imports/RTL/ascon.sv" Line 5. Module ascon has a timescale but at least one module in design doesn't have timescale.
WARNING: [XSIM 43-4100] "C:/Users/eleves/Desktop/ES_FPGA/TP_ASCON/project_ascon/project_ascon.srcs/sources_1/imports/RTL/fsm_moore.sv" Line 4. Module fsm_moore has a timescale but at least one module in design doesn't have timescale.
WARNING: [XSIM 43-4100] "C:/Users/eleves/Desktop/ES_FPGA/TP_ASCON/project_ascon/project_ascon.srcs/sources_1/imports/RTL/compteur_double_init.sv" Line 12. Module compteur_double_init has a timescale but at least one module in design doesn't have timescale.
WARNING: [XSIM 43-4100] "C:/Users/eleves/Desktop/ES_FPGA/TP_ASCON/project_ascon/project_ascon.srcs/sources_1/imports/RTL/mux_state.sv" Line 12. Module mux_state has a timescale but at least one module in design doesn't have timescale.
WARNING: [XSIM 43-4100] "C:/Users/eleves/Desktop/ES_FPGA/TP_ASCON/project_ascon/project_ascon.srcs/sources_1/imports/RTL/xor_begin_perm.sv" Line 12. Module xor_begin_perm has a timescale but at least one module in design doesn't have timescale.
WARNING: [XSIM 43-4100] "C:/Users/eleves/Desktop/ES_FPGA/TP_ASCON/project_ascon/project_ascon.srcs/sources_1/imports/RTL/register_w_en.sv" Line 12. Module register_w_en(nb_bits_g=64) has a timescale but at least one module in design doesn't have timescale.
WARNING: [XSIM 43-4100] "C:/Users/eleves/Desktop/ES_FPGA/TP_ASCON/project_ascon/project_ascon.srcs/sources_1/imports/RTL/xor_end_perm.sv" Line 12. Module xor_end_perm has a timescale but at least one module in design doesn't have timescale.
WARNING: [XSIM 43-4100] "C:/Users/eleves/Desktop/ES_FPGA/TP_ASCON/project_ascon/project_ascon.srcs/sources_1/imports/RTL/state_register_w_en.sv" Line 12. Module state_register_w_en has a timescale but at least one module in design doesn't have timescale.
WARNING: [XSIM 43-4100] "C:/Users/eleves/Desktop/ES_FPGA/TP_ASCON/project_ascon/project_ascon.srcs/sources_1/imports/RTL/register_w_en.sv" Line 12. Module register_w_en(nb_bits_g=128) has a timescale but at least one module in design doesn't have timescale.
WARNING: [XSIM 43-4100] "C:/Users/eleves/Desktop/ES_FPGA/TP_ASCON/project_ascon/project_ascon.srcs/sources_1/new/fsm_top.sv" Line 23. Module fsm_top has a timescale but at least one module in design doesn't have timescale.
WARNING: [XSIM 43-4100] "C:/Users/eleves/Desktop/ES_FPGA/TP_ASCON/project_ascon/project_ascon.gen/sources_1/ip/clk_wiz_0/clk_wiz_0.v" Line 65. Module clk_wiz_0 has a timescale but at least one module in design doesn't have timescale.
WARNING: [XSIM 43-4100] "C:/Users/eleves/Desktop/ES_FPGA/TP_ASCON/project_ascon/project_ascon.gen/sources_1/ip/clk_wiz_0/clk_wiz_0_clk_wiz.v" Line 65. Module clk_wiz_0_clk_wiz has a timescale but at least one module in design doesn't have timescale.
WARNING: [XSIM 43-4100] "/proj/xbuilds/SWIP/2024.2_1107_2045/installs/lin64/Vivado/2024.2/data/verilog/src/unisims/IBUF.v" Line 29. Module IBUF has a timescale but at least one module in design doesn't have timescale.
WARNING: [XSIM 43-4100] "/proj/xbuilds/SWIP/2024.2_1107_2045/installs/lin64/Vivado/2024.2/data/verilog/src/unisims/MMCME2_ADV.v" Line 123. Module MMCME2_ADV(CLKFBOUT_MULT_F=10.0,CLKIN1_PERIOD=10.0,CLKOUT0_DIVIDE_F=10.0) has a timescale but at least one module in design doesn't have timescale.
WARNING: [XSIM 43-4100] "/proj/xbuilds/SWIP/2024.2_1107_2045/installs/lin64/Vivado/2024.2/data/verilog/src/unisims/BUFG.v" Line 27. Module BUFG has a timescale but at least one module in design doesn't have timescale.
WARNING: [XSIM 43-4100] "/proj/xbuilds/SWIP/2024.2_1107_2045/installs/lin64/Vivado/2024.2/data/verilog/src/unisims/BUFG.v" Line 27. Module BUFG has a timescale but at least one module in design doesn't have timescale.
WARNING: [XSIM 43-4100] "C:/Users/eleves/Desktop/ES_FPGA/TP_ASCON/project_ascon/project_ascon.gen/sources_1/ip/blk_mem_gen_0/sim/blk_mem_gen_0.v" Line 55. Module blk_mem_gen_0 has a timescale but at least one module in design doesn't have timescale.
WARNING: [XSIM 43-4100] "/wrk/ci/prod/2024.2/sw/continuous/3059/packages/customer/vivado/data/ip/xilinx/blk_mem_gen_v8_4/simulation/blk_mem_gen_v8_4.v" Line 3457. Module blk_mem_gen_v8_4_9(C_FAMILY="zynq",C_XDEVICEFAMILY="zynq",C_ELABORATION_DIR="./",C_AXI_TYPE=1,C_MEM_TYPE=3,C_PRIM_TYPE=1,C_LOAD_INIT_FILE=1,C_INIT_FILE_NAME="blk_mem_gen_0.mif",C_INIT_FILE="blk_mem_gen_0.mem",C_HAS_ENA=0,C_WRITE_WIDTH_A=64,C_READ_WIDTH_A=64,C_WRITE_DEPTH_A=4,C_READ_DEPTH_A=4,C_ADDRA_WIDTH=2,C_INITB_VAL="0",C_HAS_ENB=0,C_WRITE_WIDTH_B=64,C_READ_WIDTH_B=64,C_WRITE_DEPTH_B=4,C_READ_DEPTH_B=4,C_ADDRB_WIDTH=2,C_SIM_COLLISION_CHECK="ALL",C_COMMON_CLK=0,C_COUNT_36K_BRAM="1",C_COUNT_18K_BRAM="0",C_EST_POWER_SUMMARY="Estimated_Power_for_IP_____:_____6.370399_mW") has a timescale but at least one module in design doesn't have timescale.
WARNING: [XSIM 43-4100] "/wrk/ci/prod/2024.2/sw/continuous/3059/packages/customer/vivado/data/ip/xilinx/blk_mem_gen_v8_4/simulation/blk_mem_gen_v8_4.v" Line 1996. Module blk_mem_gen_v8_4_9_mem_module(C_FAMILY="zynq",C_XDEVICEFAMILY="zynq",C_MEM_TYPE=3,C_PRIM_TYPE=1,C_LOAD_INIT_FILE=1,C_INIT_FILE_NAME="blk_mem_gen_0.mif",C_INIT_FILE="blk_mem_gen_0.mem",C_HAS_ENA=0,C_WRITE_WIDTH_A=64,C_READ_WIDTH_A=64,C_WRITE_DEPTH_A=4,C_READ_DEPTH_A=4,C_ADDRA_WIDTH=2,C_INITB_VAL="0",C_HAS_ENB=0,C_WRITE_WIDTH_B=64,C_READ_WIDTH_B=64,C_WRITE_DEPTH_B=4,C_READ_DEPTH_B=4,C_ADDRB_WIDTH=2,C_SIM_COLLISION_CHECK="ALL",C_COMMON_CLK=0) has a timescale but at least one module in design doesn't have timescale.
WARNING: [XSIM 43-4100] "/wrk/ci/prod/2024.2/sw/continuous/3059/packages/customer/vivado/data/ip/xilinx/blk_mem_gen_v8_4/simulation/blk_mem_gen_v8_4.v" Line 1608. Module blk_mem_gen_v8_4_9_output_stage(C_FAMILY="zynq",C_XDEVICEFAMILY="zynq",C_DATA_WIDTH=64,C_ADDRB_WIDTH=2,NUM_STAGES=0) has a timescale but at least one module in design doesn't have timescale.
WARNING: [XSIM 43-4100] "/wrk/ci/prod/2024.2/sw/continuous/3059/packages/customer/vivado/data/ip/xilinx/blk_mem_gen_v8_4/simulation/blk_mem_gen_v8_4.v" Line 1608. Module blk_mem_gen_v8_4_9_output_stage(C_FAMILY="zynq",C_XDEVICEFAMILY="zynq",C_DATA_WIDTH=64,C_ADDRB_WIDTH=2,NUM_STAGES=0) has a timescale but at least one module in design doesn't have timescale.
WARNING: [XSIM 43-4100] "/wrk/ci/prod/2024.2/sw/continuous/3059/packages/customer/vivado/data/ip/xilinx/blk_mem_gen_v8_4/simulation/blk_mem_gen_v8_4.v" Line 1904. Module blk_mem_gen_v8_4_9_softecc_output_reg_stage(C_DATA_WIDTH=64,C_ADDRB_WIDTH=2) has a timescale but at least one module in design doesn't have timescale.
WARNING: [XSIM 43-4100] "C:/Users/eleves/Desktop/ES_FPGA/TP_ASCON/project_ascon/project_ascon.srcs/sim_1/new/top_ascon_tb_2.sv" Line 23. Module top_ascon_tb_2 has a timescale but at least one module in design doesn't have timescale.
WARNING: [XSIM 43-4100] "C:/Users/eleves/Desktop/ES_FPGA/TP_ASCON/project_ascon/project_ascon.srcs/sources_1/new/top_ascon.sv" Line 23. Module top_ascon has a timescale but at least one module in design doesn't have timescale.
WARNING: [XSIM 43-4100] "C:/Users/eleves/Desktop/ES_FPGA/TP_ASCON/project_ascon/project_ascon.srcs/sources_1/imports/RTL/ascon.sv" Line 5. Module ascon has a timescale but at least one module in design doesn't have timescale.
WARNING: [XSIM 43-4100] "C:/Users/eleves/Desktop/ES_FPGA/TP_ASCON/project_ascon/project_ascon.srcs/sources_1/imports/RTL/fsm_moore.sv" Line 4. Module fsm_moore has a timescale but at least one module in design doesn't have timescale.
WARNING: [XSIM 43-4100] "C:/Users/eleves/Desktop/ES_FPGA/TP_ASCON/project_ascon/project_ascon.srcs/sources_1/imports/RTL/compteur_double_init.sv" Line 12. Module compteur_double_init has a timescale but at least one module in design doesn't have timescale.
WARNING: [XSIM 43-4100] "C:/Users/eleves/Desktop/ES_FPGA/TP_ASCON/project_ascon/project_ascon.srcs/sources_1/imports/RTL/mux_state.sv" Line 12. Module mux_state has a timescale but at least one module in design doesn't have timescale.
WARNING: [XSIM 43-4100] "C:/Users/eleves/Desktop/ES_FPGA/TP_ASCON/project_ascon/project_ascon.srcs/sources_1/imports/RTL/xor_begin_perm.sv" Line 12. Module xor_begin_perm has a timescale but at least one module in design doesn't have timescale.
WARNING: [XSIM 43-4100] "C:/Users/eleves/Desktop/ES_FPGA/TP_ASCON/project_ascon/project_ascon.srcs/sources_1/imports/RTL/register_w_en.sv" Line 12. Module register_w_en(nb_bits_g=64) has a timescale but at least one module in design doesn't have timescale.
WARNING: [XSIM 43-4100] "C:/Users/eleves/Desktop/ES_FPGA/TP_ASCON/project_ascon/project_ascon.srcs/sources_1/imports/RTL/xor_end_perm.sv" Line 12. Module xor_end_perm has a timescale but at least one module in design doesn't have timescale.
WARNING: [XSIM 43-4100] "C:/Users/eleves/Desktop/ES_FPGA/TP_ASCON/project_ascon/project_ascon.srcs/sources_1/imports/RTL/state_register_w_en.sv" Line 12. Module state_register_w_en has a timescale but at least one module in design doesn't have timescale.
WARNING: [XSIM 43-4100] "C:/Users/eleves/Desktop/ES_FPGA/TP_ASCON/project_ascon/project_ascon.srcs/sources_1/imports/RTL/register_w_en.sv" Line 12. Module register_w_en(nb_bits_g=128) has a timescale but at least one module in design doesn't have timescale.
WARNING: [XSIM 43-4100] "C:/Users/eleves/Desktop/ES_FPGA/TP_ASCON/project_ascon/project_ascon.srcs/sources_1/new/fsm_top.sv" Line 23. Module fsm_top has a timescale but at least one module in design doesn't have timescale.
WARNING: [XSIM 43-4100] "C:/Users/eleves/Desktop/ES_FPGA/TP_ASCON/project_ascon/project_ascon.gen/sources_1/ip/clk_wiz_0/clk_wiz_0.v" Line 65. Module clk_wiz_0 has a timescale but at least one module in design doesn't have timescale.
WARNING: [XSIM 43-4100] "C:/Users/eleves/Desktop/ES_FPGA/TP_ASCON/project_ascon/project_ascon.gen/sources_1/ip/clk_wiz_0/clk_wiz_0_clk_wiz.v" Line 65. Module clk_wiz_0_clk_wiz has a timescale but at least one module in design doesn't have timescale.
WARNING: [XSIM 43-4100] "/proj/xbuilds/SWIP/2024.2_1107_2045/installs/lin64/Vivado/2024.2/data/verilog/src/unisims/IBUF.v" Line 29. Module IBUF has a timescale but at least one module in design doesn't have timescale.
WARNING: [XSIM 43-4100] "/proj/xbuilds/SWIP/2024.2_1107_2045/installs/lin64/Vivado/2024.2/data/verilog/src/unisims/MMCME2_ADV.v" Line 123. Module MMCME2_ADV(CLKFBOUT_MULT_F=10.0,CLKIN1_PERIOD=10.0,CLKOUT0_DIVIDE_F=10.0) has a timescale but at least one module in design doesn't have timescale.
WARNING: [XSIM 43-4100] "/proj/xbuilds/SWIP/2024.2_1107_2045/installs/lin64/Vivado/2024.2/data/verilog/src/unisims/BUFG.v" Line 27. Module BUFG has a timescale but at least one module in design doesn't have timescale.
WARNING: [XSIM 43-4100] "/proj/xbuilds/SWIP/2024.2_1107_2045/installs/lin64/Vivado/2024.2/data/verilog/src/unisims/BUFG.v" Line 27. Module BUFG has a timescale but at least one module in design doesn't have timescale.
WARNING: [XSIM 43-4100] "C:/Users/eleves/Desktop/ES_FPGA/TP_ASCON/project_ascon/project_ascon.gen/sources_1/ip/blk_mem_gen_0/sim/blk_mem_gen_0.v" Line 55. Module blk_mem_gen_0 has a timescale but at least one module in design doesn't have timescale.
WARNING: [XSIM 43-4100] "/wrk/ci/prod/2024.2/sw/continuous/3059/packages/customer/vivado/data/ip/xilinx/blk_mem_gen_v8_4/simulation/blk_mem_gen_v8_4.v" Line 3457. Module blk_mem_gen_v8_4_9(C_FAMILY="zynq",C_XDEVICEFAMILY="zynq",C_ELABORATION_DIR="./",C_AXI_TYPE=1,C_MEM_TYPE=3,C_PRIM_TYPE=1,C_LOAD_INIT_FILE=1,C_INIT_FILE_NAME="blk_mem_gen_0.mif",C_INIT_FILE="blk_mem_gen_0.mem",C_HAS_ENA=0,C_WRITE_WIDTH_A=64,C_READ_WIDTH_A=64,C_WRITE_DEPTH_A=4,C_READ_DEPTH_A=4,C_ADDRA_WIDTH=2,C_INITB_VAL="0",C_HAS_ENB=0,C_WRITE_WIDTH_B=64,C_READ_WIDTH_B=64,C_WRITE_DEPTH_B=4,C_READ_DEPTH_B=4,C_ADDRB_WIDTH=2,C_SIM_COLLISION_CHECK="ALL",C_COMMON_CLK=0,C_COUNT_36K_BRAM="1",C_COUNT_18K_BRAM="0",C_EST_POWER_SUMMARY="Estimated_Power_for_IP_____:_____6.370399_mW") has a timescale but at least one module in design doesn't have timescale.
WARNING: [XSIM 43-4100] "/wrk/ci/prod/2024.2/sw/continuous/3059/packages/customer/vivado/data/ip/xilinx/blk_mem_gen_v8_4/simulation/blk_mem_gen_v8_4.v" Line 1996. Module blk_mem_gen_v8_4_9_mem_module(C_FAMILY="zynq",C_XDEVICEFAMILY="zynq",C_MEM_TYPE=3,C_PRIM_TYPE=1,C_LOAD_INIT_FILE=1,C_INIT_FILE_NAME="blk_mem_gen_0.mif",C_INIT_FILE="blk_mem_gen_0.mem",C_HAS_ENA=0,C_WRITE_WIDTH_A=64,C_READ_WIDTH_A=64,C_WRITE_DEPTH_A=4,C_READ_DEPTH_A=4,C_ADDRA_WIDTH=2,C_INITB_VAL="0",C_HAS_ENB=0,C_WRITE_WIDTH_B=64,C_READ_WIDTH_B=64,C_WRITE_DEPTH_B=4,C_READ_DEPTH_B=4,C_ADDRB_WIDTH=2,C_SIM_COLLISION_CHECK="ALL",C_COMMON_CLK=0) has a timescale but at least one module in design doesn't have timescale.
WARNING: [XSIM 43-4100] "/wrk/ci/prod/2024.2/sw/continuous/3059/packages/customer/vivado/data/ip/xilinx/blk_mem_gen_v8_4/simulation/blk_mem_gen_v8_4.v" Line 3457. Module blk_mem_gen_v8_4_9 has a timescale but at least one module in design doesn't have timescale.
WARNING: [XSIM 43-4100] "/wrk/ci/prod/2024.2/sw/continuous/3059/packages/customer/vivado/data/ip/xilinx/blk_mem_gen_v8_4/simulation/blk_mem_gen_v8_4.v" Line 3457. Module blk_mem_gen_v8_4_9(C_FAMILY="zynq",C_XDEVICEFAMILY="zynq",C_ELABORATION_DIR="./",C_AXI_TYPE=1,C_MEM_TYPE=3,C_PRIM_TYPE=1,C_LOAD_INIT_FILE=1,C_INIT_FILE_NAME="blk_mem_gen_0.mif",C_INIT_FILE="blk_mem_gen_0.mem",C_HAS_ENA=0,C_WRITE_WIDTH_A=64,C_READ_WIDTH_A=64,C_WRITE_DEPTH_A=4,C_READ_DEPTH_A=4,C_ADDRA_WIDTH=2,C_INITB_VAL="0",C_HAS_ENB=0,C_WRITE_WIDTH_B=64,C_READ_WIDTH_B=64,C_WRITE_DEPTH_B=4,C_READ_DEPTH_B=4,C_ADDRB_WIDTH=2,C_SIM_COLLISION_CHECK="ALL",C_COMMON_CLK=0,C_COUNT_36K_BRAM="1",C_COUNT_18K_BRAM="0",C_EST_POWER_SUMMARY="Estimated_Power_for_IP_____:_____6.370399_mW") has a timescale but at least one module in design doesn't have timescale.
WARNING: [XSIM 43-4100] "/wrk/ci/prod/2024.2/sw/continuous/3059/packages/customer/vivado/data/ip/xilinx/blk_mem_gen_v8_4/simulation/blk_mem_gen_v8_4.v" Line 3457. Module blk_mem_gen_v8_4_9 has a timescale but at least one module in design doesn't have timescale.
WARNING: [XSIM 43-4100] "/wrk/ci/prod/2024.2/sw/continuous/3059/packages/customer/vivado/data/ip/xilinx/blk_mem_gen_v8_4/simulation/blk_mem_gen_v8_4.v" Line 3457. Module blk_mem_gen_v8_4_9(C_FAMILY="zynq",C_XDEVICEFAMILY="zynq",C_ELABORATION_DIR="./",C_AXI_TYPE=1,C_MEM_TYPE=3,C_PRIM_TYPE=1,C_LOAD_INIT_FILE=1,C_INIT_FILE_NAME="blk_mem_gen_0.mif",C_INIT_FILE="blk_mem_gen_0.mem",C_HAS_ENA=0,C_WRITE_WIDTH_A=64,C_READ_WIDTH_A=64,C_WRITE_DEPTH_A=4,C_READ_DEPTH_A=4,C_ADDRA_WIDTH=2,C_INITB_VAL="0",C_HAS_ENB=0,C_WRITE_WIDTH_B=64,C_READ_WIDTH_B=64,C_WRITE_DEPTH_B=4,C_READ_DEPTH_B=4,C_ADDRB_WIDTH=2,C_SIM_COLLISION_CHECK="ALL",C_COMMON_CLK=0,C_COUNT_36K_BRAM="1",C_COUNT_18K_BRAM="0",C_EST_POWER_SUMMARY="Estimated_Power_for_IP_____:_____6.370399_mW") has a timescale but at least one module in design doesn't have timescale.
WARNING: [XSIM 43-4100] "/wrk/ci/prod/2024.2/sw/continuous/3059/packages/customer/vivado/data/ip/xilinx/blk_mem_gen_v8_4/simulation/blk_mem_gen_v8_4.v" Line 3457. Module blk_mem_gen_v8_4_9 has a timescale but at least one module in design doesn't have timescale.
WARNING: [XSIM 43-4100] "/wrk/ci/prod/2024.2/sw/continuous/3059/packages/customer/vivado/data/ip/xilinx/blk_mem_gen_v8_4/simulation/blk_mem_gen_v8_4.v" Line 3457. Module blk_mem_gen_v8_4_9(C_FAMILY="zynq",C_XDEVICEFAMILY="zynq",C_ELABORATION_DIR="./",C_AXI_TYPE=1,C_MEM_TYPE=3,C_PRIM_TYPE=1,C_LOAD_INIT_FILE=1,C_INIT_FILE_NAME="blk_mem_gen_0.mif",C_INIT_FILE="blk_mem_gen_0.mem",C_HAS_ENA=0,C_WRITE_WIDTH_A=64,C_READ_WIDTH_A=64,C_WRITE_DEPTH_A=4,C_READ_DEPTH_A=4,C_ADDRA_WIDTH=2,C_INITB_VAL="0",C_HAS_ENB=0,C_WRITE_WIDTH_B=64,C_READ_WIDTH_B=64,C_WRITE_DEPTH_B=4,C_READ_DEPTH_B=4,C_ADDRB_WIDTH=2,C_SIM_COLLISION_CHECK="ALL",C_COMMON_CLK=0,C_COUNT_36K_BRAM="1",C_COUNT_18K_BRAM="0",C_EST_POWER_SUMMARY="Estimated_Power_for_IP_____:_____6.370399_mW") has a timescale but at least one module in design doesn't have timescale.
WARNING: [XSIM 43-4100] "/wrk/ci/prod/2024.2/sw/continuous/3059/packages/customer/vivado/data/ip/xilinx/blk_mem_gen_v8_4/simulation/blk_mem_gen_v8_4.v" Line 3457. Module blk_mem_gen_v8_4_9 has a timescale but at least one module in design doesn't have timescale.
WARNING: [XSIM 43-4100] "/wrk/ci/prod/2024.2/sw/continuous/3059/packages/customer/vivado/data/ip/xilinx/blk_mem_gen_v8_4/simulation/blk_mem_gen_v8_4.v" Line 3457. Module blk_mem_gen_v8_4_9(C_FAMILY="zynq",C_XDEVICEFAMILY="zynq",C_ELABORATION_DIR="./",C_AXI_TYPE=1,C_MEM_TYPE=3,C_PRIM_TYPE=1,C_LOAD_INIT_FILE=1,C_INIT_FILE_NAME="blk_mem_gen_0.mif",C_INIT_FILE="blk_mem_gen_0.mem",C_HAS_ENA=0,C_WRITE_WIDTH_A=64,C_READ_WIDTH_A=64,C_WRITE_DEPTH_A=4,C_READ_DEPTH_A=4,C_ADDRA_WIDTH=2,C_INITB_VAL="0",C_HAS_ENB=0,C_WRITE_WIDTH_B=64,C_READ_WIDTH_B=64,C_WRITE_DEPTH_B=4,C_READ_DEPTH_B=4,C_ADDRB_WIDTH=2,C_SIM_COLLISION_CHECK="ALL",C_COMMON_CLK=0,C_COUNT_36K_BRAM="1",C_COUNT_18K_BRAM="0",C_EST_POWER_SUMMARY="Estimated_Power_for_IP_____:_____6.370399_mW") has a timescale but at least one module in design doesn't have timescale.
WARNING: [XSIM 43-4100] "/wrk/ci/prod/2024.2/sw/continuous/3059/packages/customer/vivado/data/ip/xilinx/blk_mem_gen_v8_4/simulation/blk_mem_gen_v8_4.v" Line 3457. Module blk_mem_gen_v8_4_9 has a timescale but at least one module in design doesn't have timescale.
WARNING: [XSIM 43-4100] "/wrk/ci/prod/2024.2/sw/continuous/3059/packages/customer/vivado/data/ip/xilinx/blk_mem_gen_v8_4/simulation/blk_mem_gen_v8_4.v" Line 3457. Module blk_mem_gen_v8_4_9(C_FAMILY="zynq",C_XDEVICEFAMILY="zynq",C_ELABORATION_DIR="./",C_AXI_TYPE=1,C_MEM_TYPE=3,C_PRIM_TYPE=1,C_LOAD_INIT_FILE=1,C_INIT_FILE_NAME="blk_mem_gen_0.mif",C_INIT_FILE="blk_mem_gen_0.mem",C_HAS_ENA=0,C_WRITE_WIDTH_A=64,C_READ_WIDTH_A=64,C_WRITE_DEPTH_A=4,C_READ_DEPTH_A=4,C_ADDRA_WIDTH=2,C_INITB_VAL="0",C_HAS_ENB=0,C_WRITE_WIDTH_B=64,C_READ_WIDTH_B=64,C_WRITE_DEPTH_B=4,C_READ_DEPTH_B=4,C_ADDRB_WIDTH=2,C_SIM_COLLISION_CHECK="ALL",C_COMMON_CLK=0,C_COUNT_36K_BRAM="1",C_COUNT_18K_BRAM="0",C_EST_POWER_SUMMARY="Estimated_Power_for_IP_____:_____6.370399_mW") has a timescale but at least one module in design doesn't have timescale.
WARNING: [XSIM 43-4100] "/wrk/ci/prod/2024.2/sw/continuous/3059/packages/customer/vivado/data/ip/xilinx/blk_mem_gen_v8_4/simulation/blk_mem_gen_v8_4.v" Line 3457. Module blk_mem_gen_v8_4_9 has a timescale but at least one module in design doesn't have timescale.
WARNING: [XSIM 43-4100] "/wrk/ci/prod/2024.2/sw/continuous/3059/packages/customer/vivado/data/ip/xilinx/blk_mem_gen_v8_4/simulation/blk_mem_gen_v8_4.v" Line 3457. Module blk_mem_gen_v8_4_9(C_FAMILY="zynq",C_XDEVICEFAMILY="zynq",C_ELABORATION_DIR="./",C_AXI_TYPE=1,C_MEM_TYPE=3,C_PRIM_TYPE=1,C_LOAD_INIT_FILE=1,C_INIT_FILE_NAME="blk_mem_gen_0.mif",C_INIT_FILE="blk_mem_gen_0.mem",C_HAS_ENA=0,C_WRITE_WIDTH_A=64,C_READ_WIDTH_A=64,C_WRITE_DEPTH_A=4,C_READ_DEPTH_A=4,C_ADDRA_WIDTH=2,C_INITB_VAL="0",C_HAS_ENB=0,C_WRITE_WIDTH_B=64,C_READ_WIDTH_B=64,C_WRITE_DEPTH_B=4,C_READ_DEPTH_B=4,C_ADDRB_WIDTH=2,C_SIM_COLLISION_CHECK="ALL",C_COMMON_CLK=0,C_COUNT_36K_BRAM="1",C_COUNT_18K_BRAM="0",C_EST_POWER_SUMMARY="Estimated_Power_for_IP_____:_____6.370399_mW") has a timescale but at least one module in design doesn't have timescale.
WARNING: [XSIM 43-4100] "/wrk/ci/prod/2024.2/sw/continuous/3059/packages/customer/vivado/data/ip/xilinx/blk_mem_gen_v8_4/simulation/blk_mem_gen_v8_4.v" Line 1608. Module blk_mem_gen_v8_4_9_output_stage(C_FAMILY="zynq",C_XDEVICEFAMILY="zynq",C_DATA_WIDTH=64,C_ADDRB_WIDTH=2,NUM_STAGES=0) has a timescale but at least one module in design doesn't have timescale.
WARNING: [XSIM 43-4100] "/wrk/ci/prod/2024.2/sw/continuous/3059/packages/customer/vivado/data/ip/xilinx/blk_mem_gen_v8_4/simulation/blk_mem_gen_v8_4.v" Line 1608. Module blk_mem_gen_v8_4_9_output_stage(C_FAMILY="zynq",C_XDEVICEFAMILY="zynq",C_DATA_WIDTH=64,C_ADDRB_WIDTH=2,NUM_STAGES=0) has a timescale but at least one module in design doesn't have timescale.
WARNING: [XSIM 43-4100] "/wrk/ci/prod/2024.2/sw/continuous/3059/packages/customer/vivado/data/ip/xilinx/blk_mem_gen_v8_4/simulation/blk_mem_gen_v8_4.v" Line 1904. Module blk_mem_gen_v8_4_9_softecc_output_reg_stage(C_DATA_WIDTH=64,C_ADDRB_WIDTH=2) has a timescale but at least one module in design doesn't have timescale.
WARNING: [XSIM 43-4100] "C:/Users/eleves/Desktop/ES_FPGA/TP_ASCON/project_ascon/project_ascon.sim/sim_1/behav/xsim/glbl.v" Line 6. Module glbl has a timescale but at least one module in design doesn't have timescale.
WARNING: [XSIM 43-4100] "C:/Users/eleves/Desktop/ES_FPGA/TP_ASCON/project_ascon/project_ascon.sim/sim_1/behav/xsim/glbl.v" Line 6. Module glbl has a timescale but at least one module in design doesn't have timescale.
Completed simulation data flow analysis
Time Resolution for simulation is 1ps
Compiling package xil_defaultlib.ascon_pack
Compiling module xil_defaultlib.fsm_moore
Compiling module xil_defaultlib.compteur_double_init
Compiling module xil_defaultlib.mux_state
Compiling module xil_defaultlib.xor_begin_perm
Compiling module xil_defaultlib.register_w_en(nb_bits_g=64)
Compiling module xil_defaultlib.Pc
Compiling module xil_defaultlib.sbox
Compiling module xil_defaultlib.Ps_default
Compiling module xil_defaultlib.Pl
Compiling module xil_defaultlib.xor_end_perm
Compiling module xil_defaultlib.state_register_w_en
Compiling module xil_defaultlib.register_w_en(nb_bits_g=128)
Compiling module xil_defaultlib.Permutation
Compiling module xil_defaultlib.ascon
Compiling module xil_defaultlib.fsm_top
Compiling module unisims_ver.IBUF
Compiling module unisims_ver.MMCME2_ADV(CLKFBOUT_MULT_F=10.0,...
Compiling module unisims_ver.BUFG
Compiling module xil_defaultlib.clk_wiz_0_clk_wiz
Compiling module xil_defaultlib.clk_wiz_0
Compiling module blk_mem_gen_v8_4_9.blk_mem_gen_v8_4_9_output_stage(...
Compiling module blk_mem_gen_v8_4_9.blk_mem_gen_v8_4_9_softecc_outpu...
Compiling module blk_mem_gen_v8_4_9.blk_mem_gen_v8_4_9_mem_module(C_...
Compiling module blk_mem_gen_v8_4_9.blk_mem_gen_v8_4_9(C_FAMILY="zyn...
Compiling module xil_defaultlib.blk_mem_gen_0
Compiling module xil_defaultlib.top_ascon
Compiling module xil_defaultlib.top_ascon_tb_2
Compiling module xil_defaultlib.glbl
Built simulation snapshot top_ascon_tb_2_behav
run_program: Time (s): cpu = 00:00:01 ; elapsed = 00:00:14 . Memory (MB): peak = 2759.398 ; gain = 0.000
INFO: [USF-XSim-69] 'elaborate' step finished in '14' seconds
launch_simulation: Time (s): cpu = 00:00:01 ; elapsed = 00:00:15 . Memory (MB): peak = 2759.398 ; gain = 0.000
Time resolution is 1 ps
 Block Memory Generator module loading initial data...
 Block Memory Generator data initialization complete.
Block Memory Generator module top_ascon_tb_2.DUT.memory_rom.inst.native_mem_module.blk_mem_gen_v8_4_9_inst is using a behavioral model for simulation which will not precisely model memory collision behavior.
relaunch_sim: Time (s): cpu = 00:00:01 ; elapsed = 00:00:18 . Memory (MB): peak = 2759.398 ; gain = 0.000
restart
INFO: [Wavedata 42-604] Simulation restarted
run 1.5 us
 Block Memory Generator module loading initial data...
 Block Memory Generator data initialization complete.
Block Memory Generator module top_ascon_tb_2.DUT.memory_rom.inst.native_mem_module.blk_mem_gen_v8_4_9_inst is using a behavioral model for simulation which will not precisely model memory collision behavior.
reset_run synth_1
INFO: [Project 1-1161] Replacing file C:/Users/eleves/Desktop/ES_FPGA/TP_ASCON/project_ascon/project_ascon.srcs/utils_1/imports/synth_1/ascon.dcp with file C:/Users/eleves/Desktop/ES_FPGA/TP_ASCON/project_ascon/project_ascon.runs/synth_1/top_ascon.dcp
WARNING: [Vivado 12-1017] Problems encountered:
1. Failed to delete one or more files in run directory C:/Users/eleves/Desktop/ES_FPGA/TP_ASCON/project_ascon/project_ascon.runs/synth_1

WARNING: [filemgmt 56-199] Attempt to get parsing info during refresh. "On-the-fly" syntax checking information may be incorrect. [C:\Users\eleves\Desktop\ES_FPGA\TP_ASCON\project_ascon\project_ascon.srcs\sources_1\new\top_ascon.sv:]
WARNING: [filemgmt 56-199] Attempt to get parsing info during refresh. "On-the-fly" syntax checking information may be incorrect. [C:\Users\eleves\Desktop\ES_FPGA\TP_ASCON\project_ascon\project_ascon.srcs\sources_1\imports\RTL\ascon.sv:]
WARNING: [filemgmt 56-199] Attempt to get parsing info during refresh. "On-the-fly" syntax checking information may be incorrect. [C:\Users\eleves\Desktop\ES_FPGA\TP_ASCON\project_ascon\project_ascon.srcs\sim_1\new\top_ascon_tb.sv:]
WARNING: [filemgmt 56-199] Attempt to get parsing info during refresh. "On-the-fly" syntax checking information may be incorrect. [C:\Users\eleves\Desktop\ES_FPGA\TP_ASCON\project_ascon\project_ascon.srcs\sources_1\imports\RTL\fsm_moore.sv:]
WARNING: [filemgmt 56-199] Attempt to get parsing info during refresh. "On-the-fly" syntax checking information may be incorrect. [C:\Users\eleves\Desktop\ES_FPGA\TP_ASCON\project_ascon\project_ascon.srcs\sim_1\new\top_ascon_tb_2.sv:]
WARNING: [filemgmt 56-199] Attempt to get parsing info during refresh. "On-the-fly" syntax checking information may be incorrect. [C:\Users\eleves\Desktop\ES_FPGA\TP_ASCON\project_ascon\project_ascon.srcs\sources_1\new\fsm_top.sv:]
WARNING: [filemgmt 56-199] Attempt to get parsing info during refresh. "On-the-fly" syntax checking information may be incorrect. [C:\Users\eleves\Desktop\ES_FPGA\TP_ASCON\project_ascon\project_ascon.srcs\sim_1\imports\BENCH\ascon_tb.sv:]
WARNING: [filemgmt 56-199] Attempt to get parsing info during refresh. "On-the-fly" syntax checking information may be incorrect. [C:\Users\eleves\Desktop\ES_FPGA\TP_ASCON\project_ascon\project_ascon.srcs\sources_1\new\fsm_top.sv:]
WARNING: [filemgmt 56-199] Attempt to get parsing info during refresh. "On-the-fly" syntax checking information may be incorrect. [C:\Users\eleves\Desktop\ES_FPGA\TP_ASCON\project_ascon\project_ascon.srcs\sources_1\new\fsm_top.sv:]
WARNING: [filemgmt 56-199] Attempt to get parsing info during refresh. "On-the-fly" syntax checking information may be incorrect. [C:\Users\eleves\Desktop\ES_FPGA\TP_ASCON\project_ascon\project_ascon.srcs\sources_1\new\top_ascon.sv:]
WARNING: [filemgmt 56-199] Attempt to get parsing info during refresh. "On-the-fly" syntax checking information may be incorrect. [C:\Users\eleves\Desktop\ES_FPGA\TP_ASCON\project_ascon\project_ascon.srcs\sources_1\imports\RTL\ascon.sv:]
WARNING: [filemgmt 56-199] Attempt to get parsing info during refresh. "On-the-fly" syntax checking information may be incorrect. [C:\Users\eleves\Desktop\ES_FPGA\TP_ASCON\project_ascon\project_ascon.srcs\sim_1\new\top_ascon_tb.sv:]
WARNING: [filemgmt 56-199] Attempt to get parsing info during refresh. "On-the-fly" syntax checking information may be incorrect. [C:\Users\eleves\Desktop\ES_FPGA\TP_ASCON\project_ascon\project_ascon.srcs\sources_1\imports\RTL\fsm_moore.sv:]
WARNING: [filemgmt 56-199] Attempt to get parsing info during refresh. "On-the-fly" syntax checking information may be incorrect. [C:\Users\eleves\Desktop\ES_FPGA\TP_ASCON\project_ascon\project_ascon.srcs\sim_1\new\top_ascon_tb_2.sv:]
WARNING: [filemgmt 56-199] Attempt to get parsing info during refresh. "On-the-fly" syntax checking information may be incorrect. [C:\Users\eleves\Desktop\ES_FPGA\TP_ASCON\project_ascon\project_ascon.srcs\sources_1\new\fsm_top.sv:]
WARNING: [filemgmt 56-199] Attempt to get parsing info during refresh. "On-the-fly" syntax checking information may be incorrect. [C:\Users\eleves\Desktop\ES_FPGA\TP_ASCON\project_ascon\project_ascon.srcs\sim_1\imports\BENCH\ascon_tb.sv:]
WARNING: [filemgmt 56-199] Attempt to get parsing info during refresh. "On-the-fly" syntax checking information may be incorrect. [C:\Users\eleves\Desktop\ES_FPGA\TP_ASCON\project_ascon\project_ascon.srcs\sim_1\new\top_ascon_tb.sv:]
WARNING: [filemgmt 56-199] Attempt to get parsing info during refresh. "On-the-fly" syntax checking information may be incorrect. [C:\Users\eleves\Desktop\ES_FPGA\TP_ASCON\project_ascon\project_ascon.srcs\sim_1\new\top_ascon_tb.sv:]
WARNING: [filemgmt 56-199] Attempt to get parsing info during refresh. "On-the-fly" syntax checking information may be incorrect. [C:\Users\eleves\Desktop\ES_FPGA\TP_ASCON\project_ascon\project_ascon.srcs\sources_1\new\top_ascon.sv:]
WARNING: [filemgmt 56-199] Attempt to get parsing info during refresh. "On-the-fly" syntax checking information may be incorrect. [C:\Users\eleves\Desktop\ES_FPGA\TP_ASCON\project_ascon\project_ascon.srcs\sources_1\imports\RTL\ascon.sv:]
WARNING: [filemgmt 56-199] Attempt to get parsing info during refresh. "On-the-fly" syntax checking information may be incorrect. [C:\Users\eleves\Desktop\ES_FPGA\TP_ASCON\project_ascon\project_ascon.srcs\sim_1\new\top_ascon_tb.sv:]
WARNING: [filemgmt 56-199] Attempt to get parsing info during refresh. "On-the-fly" syntax checking information may be incorrect. [C:\Users\eleves\Desktop\ES_FPGA\TP_ASCON\project_ascon\project_ascon.srcs\sources_1\imports\RTL\fsm_moore.sv:]
WARNING: [filemgmt 56-199] Attempt to get parsing info during refresh. "On-the-fly" syntax checking information may be incorrect. [C:\Users\eleves\Desktop\ES_FPGA\TP_ASCON\project_ascon\project_ascon.srcs\sim_1\new\top_ascon_tb_2.sv:]
WARNING: [filemgmt 56-199] Attempt to get parsing info during refresh. "On-the-fly" syntax checking information may be incorrect. [C:\Users\eleves\Desktop\ES_FPGA\TP_ASCON\project_ascon\project_ascon.srcs\sources_1\new\fsm_top.sv:]
WARNING: [filemgmt 56-199] Attempt to get parsing info during refresh. "On-the-fly" syntax checking information may be incorrect. [C:\Users\eleves\Desktop\ES_FPGA\TP_ASCON\project_ascon\project_ascon.srcs\sim_1\imports\BENCH\ascon_tb.sv:]
WARNING: [filemgmt 56-199] Attempt to get parsing info during refresh. "On-the-fly" syntax checking information may be incorrect. [C:\Users\eleves\Desktop\ES_FPGA\TP_ASCON\project_ascon\project_ascon.srcs\sources_1\imports\RTL\fsm_moore.sv:]
WARNING: [filemgmt 56-199] Attempt to get parsing info during refresh. "On-the-fly" syntax checking information may be incorrect. [C:\Users\eleves\Desktop\ES_FPGA\TP_ASCON\project_ascon\project_ascon.srcs\sources_1\imports\RTL\fsm_moore.sv:]
launch_runs synth_1 -jobs 12
[Mon Sep 22 15:41:17 2025] Launched synth_1...
Run output will be captured here: C:/Users/eleves/Desktop/ES_FPGA/TP_ASCON/project_ascon/project_ascon.runs/synth_1/runme.log
WARNING: [filemgmt 56-199] Attempt to get parsing info during refresh. "On-the-fly" syntax checking information may be incorrect. [C:\Users\eleves\Desktop\ES_FPGA\TP_ASCON\project_ascon\project_ascon.srcs\sources_1\new\top_ascon.sv:]
WARNING: [filemgmt 56-199] Attempt to get parsing info during refresh. "On-the-fly" syntax checking information may be incorrect. [C:\Users\eleves\Desktop\ES_FPGA\TP_ASCON\project_ascon\project_ascon.srcs\sources_1\imports\RTL\ascon.sv:]
WARNING: [filemgmt 56-199] Attempt to get parsing info during refresh. "On-the-fly" syntax checking information may be incorrect. [C:\Users\eleves\Desktop\ES_FPGA\TP_ASCON\project_ascon\project_ascon.srcs\sim_1\new\top_ascon_tb.sv:]
WARNING: [filemgmt 56-199] Attempt to get parsing info during refresh. "On-the-fly" syntax checking information may be incorrect. [C:\Users\eleves\Desktop\ES_FPGA\TP_ASCON\project_ascon\project_ascon.srcs\sources_1\imports\RTL\fsm_moore.sv:]
WARNING: [filemgmt 56-199] Attempt to get parsing info during refresh. "On-the-fly" syntax checking information may be incorrect. [C:\Users\eleves\Desktop\ES_FPGA\TP_ASCON\project_ascon\project_ascon.srcs\sim_1\new\top_ascon_tb_2.sv:]
WARNING: [filemgmt 56-199] Attempt to get parsing info during refresh. "On-the-fly" syntax checking information may be incorrect. [C:\Users\eleves\Desktop\ES_FPGA\TP_ASCON\project_ascon\project_ascon.srcs\sources_1\new\fsm_top.sv:]
WARNING: [filemgmt 56-199] Attempt to get parsing info during refresh. "On-the-fly" syntax checking information may be incorrect. [C:\Users\eleves\Desktop\ES_FPGA\TP_ASCON\project_ascon\project_ascon.srcs\sim_1\imports\BENCH\ascon_tb.sv:]
WARNING: [filemgmt 56-199] Attempt to get parsing info during refresh. "On-the-fly" syntax checking information may be incorrect. [C:\Users\eleves\Desktop\ES_FPGA\TP_ASCON\project_ascon\project_ascon.srcs\sim_1\new\top_ascon_tb_2.sv:]
WARNING: [filemgmt 56-199] Attempt to get parsing info during refresh. "On-the-fly" syntax checking information may be incorrect. [C:\Users\eleves\Desktop\ES_FPGA\TP_ASCON\project_ascon\project_ascon.srcs\sim_1\new\top_ascon_tb_2.sv:]
WARNING: [filemgmt 56-199] Attempt to get parsing info during refresh. "On-the-fly" syntax checking information may be incorrect. [C:\Users\eleves\Desktop\ES_FPGA\TP_ASCON\project_ascon\project_ascon.srcs\sources_1\new\top_ascon.sv:]
WARNING: [filemgmt 56-199] Attempt to get parsing info during refresh. "On-the-fly" syntax checking information may be incorrect. [C:\Users\eleves\Desktop\ES_FPGA\TP_ASCON\project_ascon\project_ascon.srcs\sources_1\imports\RTL\ascon.sv:]
WARNING: [filemgmt 56-199] Attempt to get parsing info during refresh. "On-the-fly" syntax checking information may be incorrect. [C:\Users\eleves\Desktop\ES_FPGA\TP_ASCON\project_ascon\project_ascon.srcs\sim_1\new\top_ascon_tb.sv:]
WARNING: [filemgmt 56-199] Attempt to get parsing info during refresh. "On-the-fly" syntax checking information may be incorrect. [C:\Users\eleves\Desktop\ES_FPGA\TP_ASCON\project_ascon\project_ascon.srcs\sources_1\imports\RTL\fsm_moore.sv:]
WARNING: [filemgmt 56-199] Attempt to get parsing info during refresh. "On-the-fly" syntax checking information may be incorrect. [C:\Users\eleves\Desktop\ES_FPGA\TP_ASCON\project_ascon\project_ascon.srcs\sim_1\new\top_ascon_tb_2.sv:]
WARNING: [filemgmt 56-199] Attempt to get parsing info during refresh. "On-the-fly" syntax checking information may be incorrect. [C:\Users\eleves\Desktop\ES_FPGA\TP_ASCON\project_ascon\project_ascon.srcs\sources_1\new\fsm_top.sv:]
WARNING: [filemgmt 56-199] Attempt to get parsing info during refresh. "On-the-fly" syntax checking information may be incorrect. [C:\Users\eleves\Desktop\ES_FPGA\TP_ASCON\project_ascon\project_ascon.srcs\sim_1\imports\BENCH\ascon_tb.sv:]
WARNING: [filemgmt 56-199] Attempt to get parsing info during refresh. "On-the-fly" syntax checking information may be incorrect. [C:\Users\eleves\Desktop\ES_FPGA\TP_ASCON\project_ascon\project_ascon.srcs\sources_1\imports\RTL\ascon.sv:]
WARNING: [filemgmt 56-199] Attempt to get parsing info during refresh. "On-the-fly" syntax checking information may be incorrect. [C:\Users\eleves\Desktop\ES_FPGA\TP_ASCON\project_ascon\project_ascon.srcs\sources_1\imports\RTL\ascon.sv:]
WARNING: [filemgmt 56-199] Attempt to get parsing info during refresh. "On-the-fly" syntax checking information may be incorrect. [C:\Users\eleves\Desktop\ES_FPGA\TP_ASCON\project_ascon\project_ascon.srcs\sources_1\new\top_ascon.sv:]
WARNING: [filemgmt 56-199] Attempt to get parsing info during refresh. "On-the-fly" syntax checking information may be incorrect. [C:\Users\eleves\Desktop\ES_FPGA\TP_ASCON\project_ascon\project_ascon.srcs\sources_1\imports\RTL\ascon.sv:]
WARNING: [filemgmt 56-199] Attempt to get parsing info during refresh. "On-the-fly" syntax checking information may be incorrect. [C:\Users\eleves\Desktop\ES_FPGA\TP_ASCON\project_ascon\project_ascon.srcs\sim_1\new\top_ascon_tb.sv:]
WARNING: [filemgmt 56-199] Attempt to get parsing info during refresh. "On-the-fly" syntax checking information may be incorrect. [C:\Users\eleves\Desktop\ES_FPGA\TP_ASCON\project_ascon\project_ascon.srcs\sources_1\imports\RTL\fsm_moore.sv:]
WARNING: [filemgmt 56-199] Attempt to get parsing info during refresh. "On-the-fly" syntax checking information may be incorrect. [C:\Users\eleves\Desktop\ES_FPGA\TP_ASCON\project_ascon\project_ascon.srcs\sim_1\new\top_ascon_tb_2.sv:]
WARNING: [filemgmt 56-199] Attempt to get parsing info during refresh. "On-the-fly" syntax checking information may be incorrect. [C:\Users\eleves\Desktop\ES_FPGA\TP_ASCON\project_ascon\project_ascon.srcs\sources_1\new\fsm_top.sv:]
WARNING: [filemgmt 56-199] Attempt to get parsing info during refresh. "On-the-fly" syntax checking information may be incorrect. [C:\Users\eleves\Desktop\ES_FPGA\TP_ASCON\project_ascon\project_ascon.srcs\sim_1\imports\BENCH\ascon_tb.sv:]
WARNING: [filemgmt 56-199] Attempt to get parsing info during refresh. "On-the-fly" syntax checking information may be incorrect. [C:\Users\eleves\Desktop\ES_FPGA\TP_ASCON\project_ascon\project_ascon.srcs\sources_1\new\top_ascon.sv:]
WARNING: [filemgmt 56-199] Attempt to get parsing info during refresh. "On-the-fly" syntax checking information may be incorrect. [C:\Users\eleves\Desktop\ES_FPGA\TP_ASCON\project_ascon\project_ascon.srcs\sources_1\new\top_ascon.sv:]
ERROR: [Common 17-180] Spawn failed: No error
run 1.5 us
run 1.5 us
run 1.5 us
run 1.5 us
WARNING: [filemgmt 56-199] Attempt to get parsing info during refresh. "On-the-fly" syntax checking information may be incorrect. [C:\Users\eleves\Desktop\ES_FPGA\TP_ASCON\project_ascon\project_ascon.srcs\sources_1\new\top_ascon.sv:]
WARNING: [filemgmt 56-199] Attempt to get parsing info during refresh. "On-the-fly" syntax checking information may be incorrect. [C:\Users\eleves\Desktop\ES_FPGA\TP_ASCON\project_ascon\project_ascon.srcs\sources_1\imports\RTL\ascon.sv:]
WARNING: [filemgmt 56-199] Attempt to get parsing info during refresh. "On-the-fly" syntax checking information may be incorrect. [C:\Users\eleves\Desktop\ES_FPGA\TP_ASCON\project_ascon\project_ascon.srcs\sim_1\new\top_ascon_tb.sv:]
WARNING: [filemgmt 56-199] Attempt to get parsing info during refresh. "On-the-fly" syntax checking information may be incorrect. [C:\Users\eleves\Desktop\ES_FPGA\TP_ASCON\project_ascon\project_ascon.srcs\sources_1\imports\RTL\fsm_moore.sv:]
WARNING: [filemgmt 56-199] Attempt to get parsing info during refresh. "On-the-fly" syntax checking information may be incorrect. [C:\Users\eleves\Desktop\ES_FPGA\TP_ASCON\project_ascon\project_ascon.srcs\sim_1\new\top_ascon_tb_2.sv:]
WARNING: [filemgmt 56-199] Attempt to get parsing info during refresh. "On-the-fly" syntax checking information may be incorrect. [C:\Users\eleves\Desktop\ES_FPGA\TP_ASCON\project_ascon\project_ascon.srcs\sources_1\new\fsm_top.sv:]
WARNING: [filemgmt 56-199] Attempt to get parsing info during refresh. "On-the-fly" syntax checking information may be incorrect. [C:\Users\eleves\Desktop\ES_FPGA\TP_ASCON\project_ascon\project_ascon.srcs\sim_1\imports\BENCH\ascon_tb.sv:]
WARNING: [filemgmt 56-199] Attempt to get parsing info during refresh. "On-the-fly" syntax checking information may be incorrect. [C:\Users\eleves\Desktop\ES_FPGA\TP_ASCON\project_ascon\project_ascon.srcs\sources_1\new\fsm_top.sv:]
WARNING: [filemgmt 56-199] Attempt to get parsing info during refresh. "On-the-fly" syntax checking information may be incorrect. [C:\Users\eleves\Desktop\ES_FPGA\TP_ASCON\project_ascon\project_ascon.srcs\sources_1\new\fsm_top.sv:]
WARNING: [filemgmt 56-199] Attempt to get parsing info during refresh. "On-the-fly" syntax checking information may be incorrect. [C:\Users\eleves\Desktop\ES_FPGA\TP_ASCON\project_ascon\project_ascon.srcs\sources_1\new\top_ascon.sv:]
WARNING: [filemgmt 56-199] Attempt to get parsing info during refresh. "On-the-fly" syntax checking information may be incorrect. [C:\Users\eleves\Desktop\ES_FPGA\TP_ASCON\project_ascon\project_ascon.srcs\sources_1\imports\RTL\ascon.sv:]
WARNING: [filemgmt 56-199] Attempt to get parsing info during refresh. "On-the-fly" syntax checking information may be incorrect. [C:\Users\eleves\Desktop\ES_FPGA\TP_ASCON\project_ascon\project_ascon.srcs\sim_1\new\top_ascon_tb.sv:]
WARNING: [filemgmt 56-199] Attempt to get parsing info during refresh. "On-the-fly" syntax checking information may be incorrect. [C:\Users\eleves\Desktop\ES_FPGA\TP_ASCON\project_ascon\project_ascon.srcs\sources_1\imports\RTL\fsm_moore.sv:]
WARNING: [filemgmt 56-199] Attempt to get parsing info during refresh. "On-the-fly" syntax checking information may be incorrect. [C:\Users\eleves\Desktop\ES_FPGA\TP_ASCON\project_ascon\project_ascon.srcs\sim_1\new\top_ascon_tb_2.sv:]
WARNING: [filemgmt 56-199] Attempt to get parsing info during refresh. "On-the-fly" syntax checking information may be incorrect. [C:\Users\eleves\Desktop\ES_FPGA\TP_ASCON\project_ascon\project_ascon.srcs\sources_1\new\fsm_top.sv:]
WARNING: [filemgmt 56-199] Attempt to get parsing info during refresh. "On-the-fly" syntax checking information may be incorrect. [C:\Users\eleves\Desktop\ES_FPGA\TP_ASCON\project_ascon\project_ascon.srcs\sim_1\imports\BENCH\ascon_tb.sv:]
WARNING: [filemgmt 56-199] Attempt to get parsing info during refresh. "On-the-fly" syntax checking information may be incorrect. [C:\Users\eleves\Desktop\ES_FPGA\TP_ASCON\project_ascon\project_ascon.srcs\sim_1\new\top_ascon_tb.sv:]
WARNING: [filemgmt 56-199] Attempt to get parsing info during refresh. "On-the-fly" syntax checking information may be incorrect. [C:\Users\eleves\Desktop\ES_FPGA\TP_ASCON\project_ascon\project_ascon.srcs\sim_1\new\top_ascon_tb.sv:]
WARNING: [filemgmt 56-199] Attempt to get parsing info during refresh. "On-the-fly" syntax checking information may be incorrect. [C:\Users\eleves\Desktop\ES_FPGA\TP_ASCON\project_ascon\project_ascon.srcs\sources_1\new\top_ascon.sv:]
WARNING: [filemgmt 56-199] Attempt to get parsing info during refresh. "On-the-fly" syntax checking information may be incorrect. [C:\Users\eleves\Desktop\ES_FPGA\TP_ASCON\project_ascon\project_ascon.srcs\sources_1\imports\RTL\ascon.sv:]
WARNING: [filemgmt 56-199] Attempt to get parsing info during refresh. "On-the-fly" syntax checking information may be incorrect. [C:\Users\eleves\Desktop\ES_FPGA\TP_ASCON\project_ascon\project_ascon.srcs\sim_1\new\top_ascon_tb.sv:]
WARNING: [filemgmt 56-199] Attempt to get parsing info during refresh. "On-the-fly" syntax checking information may be incorrect. [C:\Users\eleves\Desktop\ES_FPGA\TP_ASCON\project_ascon\project_ascon.srcs\sources_1\imports\RTL\fsm_moore.sv:]
WARNING: [filemgmt 56-199] Attempt to get parsing info during refresh. "On-the-fly" syntax checking information may be incorrect. [C:\Users\eleves\Desktop\ES_FPGA\TP_ASCON\project_ascon\project_ascon.srcs\sim_1\new\top_ascon_tb_2.sv:]
WARNING: [filemgmt 56-199] Attempt to get parsing info during refresh. "On-the-fly" syntax checking information may be incorrect. [C:\Users\eleves\Desktop\ES_FPGA\TP_ASCON\project_ascon\project_ascon.srcs\sources_1\new\fsm_top.sv:]
WARNING: [filemgmt 56-199] Attempt to get parsing info during refresh. "On-the-fly" syntax checking information may be incorrect. [C:\Users\eleves\Desktop\ES_FPGA\TP_ASCON\project_ascon\project_ascon.srcs\sim_1\imports\BENCH\ascon_tb.sv:]
WARNING: [filemgmt 56-199] Attempt to get parsing info during refresh. "On-the-fly" syntax checking information may be incorrect. [C:\Users\eleves\Desktop\ES_FPGA\TP_ASCON\project_ascon\project_ascon.srcs\sources_1\imports\RTL\fsm_moore.sv:]
WARNING: [filemgmt 56-199] Attempt to get parsing info during refresh. "On-the-fly" syntax checking information may be incorrect. [C:\Users\eleves\Desktop\ES_FPGA\TP_ASCON\project_ascon\project_ascon.srcs\sources_1\imports\RTL\fsm_moore.sv:]
WARNING: [filemgmt 56-199] Attempt to get parsing info during refresh. "On-the-fly" syntax checking information may be incorrect. [C:\Users\eleves\Desktop\ES_FPGA\TP_ASCON\project_ascon\project_ascon.srcs\sources_1\new\top_ascon.sv:]
WARNING: [filemgmt 56-199] Attempt to get parsing info during refresh. "On-the-fly" syntax checking information may be incorrect. [C:\Users\eleves\Desktop\ES_FPGA\TP_ASCON\project_ascon\project_ascon.srcs\sources_1\imports\RTL\ascon.sv:]
WARNING: [filemgmt 56-199] Attempt to get parsing info during refresh. "On-the-fly" syntax checking information may be incorrect. [C:\Users\eleves\Desktop\ES_FPGA\TP_ASCON\project_ascon\project_ascon.srcs\sim_1\new\top_ascon_tb.sv:]
WARNING: [filemgmt 56-199] Attempt to get parsing info during refresh. "On-the-fly" syntax checking information may be incorrect. [C:\Users\eleves\Desktop\ES_FPGA\TP_ASCON\project_ascon\project_ascon.srcs\sources_1\imports\RTL\fsm_moore.sv:]
WARNING: [filemgmt 56-199] Attempt to get parsing info during refresh. "On-the-fly" syntax checking information may be incorrect. [C:\Users\eleves\Desktop\ES_FPGA\TP_ASCON\project_ascon\project_ascon.srcs\sim_1\new\top_ascon_tb_2.sv:]
WARNING: [filemgmt 56-199] Attempt to get parsing info during refresh. "On-the-fly" syntax checking information may be incorrect. [C:\Users\eleves\Desktop\ES_FPGA\TP_ASCON\project_ascon\project_ascon.srcs\sources_1\new\fsm_top.sv:]
WARNING: [filemgmt 56-199] Attempt to get parsing info during refresh. "On-the-fly" syntax checking information may be incorrect. [C:\Users\eleves\Desktop\ES_FPGA\TP_ASCON\project_ascon\project_ascon.srcs\sim_1\imports\BENCH\ascon_tb.sv:]
WARNING: [filemgmt 56-199] Attempt to get parsing info during refresh. "On-the-fly" syntax checking information may be incorrect. [C:\Users\eleves\Desktop\ES_FPGA\TP_ASCON\project_ascon\project_ascon.srcs\sim_1\new\top_ascon_tb_2.sv:]
WARNING: [filemgmt 56-199] Attempt to get parsing info during refresh. "On-the-fly" syntax checking information may be incorrect. [C:\Users\eleves\Desktop\ES_FPGA\TP_ASCON\project_ascon\project_ascon.srcs\sim_1\new\top_ascon_tb_2.sv:]
WARNING: [filemgmt 56-199] Attempt to get parsing info during refresh. "On-the-fly" syntax checking information may be incorrect. [C:\Users\eleves\Desktop\ES_FPGA\TP_ASCON\project_ascon\project_ascon.srcs\sources_1\new\top_ascon.sv:]
WARNING: [filemgmt 56-199] Attempt to get parsing info during refresh. "On-the-fly" syntax checking information may be incorrect. [C:\Users\eleves\Desktop\ES_FPGA\TP_ASCON\project_ascon\project_ascon.srcs\sources_1\imports\RTL\ascon.sv:]
WARNING: [filemgmt 56-199] Attempt to get parsing info during refresh. "On-the-fly" syntax checking information may be incorrect. [C:\Users\eleves\Desktop\ES_FPGA\TP_ASCON\project_ascon\project_ascon.srcs\sim_1\new\top_ascon_tb.sv:]
WARNING: [filemgmt 56-199] Attempt to get parsing info during refresh. "On-the-fly" syntax checking information may be incorrect. [C:\Users\eleves\Desktop\ES_FPGA\TP_ASCON\project_ascon\project_ascon.srcs\sources_1\imports\RTL\fsm_moore.sv:]
WARNING: [filemgmt 56-199] Attempt to get parsing info during refresh. "On-the-fly" syntax checking information may be incorrect. [C:\Users\eleves\Desktop\ES_FPGA\TP_ASCON\project_ascon\project_ascon.srcs\sim_1\new\top_ascon_tb_2.sv:]
WARNING: [filemgmt 56-199] Attempt to get parsing info during refresh. "On-the-fly" syntax checking information may be incorrect. [C:\Users\eleves\Desktop\ES_FPGA\TP_ASCON\project_ascon\project_ascon.srcs\sources_1\new\fsm_top.sv:]
WARNING: [filemgmt 56-199] Attempt to get parsing info during refresh. "On-the-fly" syntax checking information may be incorrect. [C:\Users\eleves\Desktop\ES_FPGA\TP_ASCON\project_ascon\project_ascon.srcs\sim_1\imports\BENCH\ascon_tb.sv:]
WARNING: [filemgmt 56-199] Attempt to get parsing info during refresh. "On-the-fly" syntax checking information may be incorrect. [C:\Users\eleves\Desktop\ES_FPGA\TP_ASCON\project_ascon\project_ascon.srcs\sources_1\new\top_ascon.sv:]
WARNING: [filemgmt 56-199] Attempt to get parsing info during refresh. "On-the-fly" syntax checking information may be incorrect. [C:\Users\eleves\Desktop\ES_FPGA\TP_ASCON\project_ascon\project_ascon.srcs\sources_1\new\top_ascon.sv:]
ERROR: [Common 17-180] Spawn failed: No error
WARNING: [filemgmt 56-199] Attempt to get parsing info during refresh. "On-the-fly" syntax checking information may be incorrect. [C:\Users\eleves\Desktop\ES_FPGA\TP_ASCON\project_ascon\project_ascon.srcs\sources_1\new\top_ascon.sv:]
WARNING: [filemgmt 56-199] Attempt to get parsing info during refresh. "On-the-fly" syntax checking information may be incorrect. [C:\Users\eleves\Desktop\ES_FPGA\TP_ASCON\project_ascon\project_ascon.srcs\sources_1\imports\RTL\ascon.sv:]
WARNING: [filemgmt 56-199] Attempt to get parsing info during refresh. "On-the-fly" syntax checking information may be incorrect. [C:\Users\eleves\Desktop\ES_FPGA\TP_ASCON\project_ascon\project_ascon.srcs\sim_1\new\top_ascon_tb.sv:]
WARNING: [filemgmt 56-199] Attempt to get parsing info during refresh. "On-the-fly" syntax checking information may be incorrect. [C:\Users\eleves\Desktop\ES_FPGA\TP_ASCON\project_ascon\project_ascon.srcs\sources_1\imports\RTL\fsm_moore.sv:]
WARNING: [filemgmt 56-199] Attempt to get parsing info during refresh. "On-the-fly" syntax checking information may be incorrect. [C:\Users\eleves\Desktop\ES_FPGA\TP_ASCON\project_ascon\project_ascon.srcs\sim_1\new\top_ascon_tb_2.sv:]
WARNING: [filemgmt 56-199] Attempt to get parsing info during refresh. "On-the-fly" syntax checking information may be incorrect. [C:\Users\eleves\Desktop\ES_FPGA\TP_ASCON\project_ascon\project_ascon.srcs\sources_1\new\fsm_top.sv:]
WARNING: [filemgmt 56-199] Attempt to get parsing info during refresh. "On-the-fly" syntax checking information may be incorrect. [C:\Users\eleves\Desktop\ES_FPGA\TP_ASCON\project_ascon\project_ascon.srcs\sim_1\imports\BENCH\ascon_tb.sv:]
WARNING: [filemgmt 56-199] Attempt to get parsing info during refresh. "On-the-fly" syntax checking information may be incorrect. [C:\Users\eleves\Desktop\ES_FPGA\TP_ASCON\project_ascon\project_ascon.srcs\sim_1\imports\BENCH\ascon_tb.sv:]
WARNING: [filemgmt 56-199] Attempt to get parsing info during refresh. "On-the-fly" syntax checking information may be incorrect. [C:\Users\eleves\Desktop\ES_FPGA\TP_ASCON\project_ascon\project_ascon.srcs\sim_1\imports\BENCH\ascon_tb.sv:]
ERROR: [Common 17-180] Spawn failed: No error
relaunch_sim
Command: launch_simulation -step compile -simset sim_1 -mode behavioral
INFO: [Vivado 12-12493] Simulation top is 'top_ascon_tb_2'
WARNING: [Vivado 12-13340] Unable to auto find GCC executables from simulator install path! (path not set)
INFO: [Vivado 12-5698] Checking validity of IPs in the design for the 'XSim' simulator...
INFO: [Vivado 12-5682] Launching behavioral simulation in 'C:/Users/eleves/Desktop/ES_FPGA/TP_ASCON/project_ascon/project_ascon.sim/sim_1/behav/xsim'
INFO: [Vivado 12-4795] Using compiled simulation libraries for IPs
INFO: [SIM-utils-51] Simulation object is 'sim_1'
INFO: [USF-XSim-2] XSim::Compile design
INFO: [USF-XSim-61] Executing 'COMPILE and ANALYZE' step in 'C:/Users/eleves/Desktop/ES_FPGA/TP_ASCON/project_ascon/project_ascon.sim/sim_1/behav/xsim'
"xvlog --incr --relax -L uvm -prj top_ascon_tb_2_vlog.prj"
INFO: [VRFC 10-2263] Analyzing SystemVerilog file "C:/Users/eleves/Desktop/ES_FPGA/TP_ASCON/project_ascon/project_ascon.srcs/sources_1/imports/RTL/ascon_pack.sv" into library xil_defaultlib
INFO: [VRFC 10-2263] Analyzing SystemVerilog file "C:/Users/eleves/Desktop/ES_FPGA/TP_ASCON/project_ascon/project_ascon.srcs/sources_1/imports/RTL/Pc.sv" into library xil_defaultlib
INFO: [VRFC 10-311] analyzing module Pc
INFO: [VRFC 10-2263] Analyzing SystemVerilog file "C:/Users/eleves/Desktop/ES_FPGA/TP_ASCON/project_ascon/project_ascon.srcs/sources_1/imports/RTL/Permutation.sv" into library xil_defaultlib
INFO: [VRFC 10-311] analyzing module Permutation
INFO: [VRFC 10-2263] Analyzing SystemVerilog file "C:/Users/eleves/Desktop/ES_FPGA/TP_ASCON/project_ascon/project_ascon.srcs/sources_1/imports/RTL/Pl.sv" into library xil_defaultlib
INFO: [VRFC 10-311] analyzing module Pl
INFO: [VRFC 10-2263] Analyzing SystemVerilog file "C:/Users/eleves/Desktop/ES_FPGA/TP_ASCON/project_ascon/project_ascon.srcs/sources_1/imports/RTL/Ps.sv" into library xil_defaultlib
INFO: [VRFC 10-311] analyzing module Ps
INFO: [VRFC 10-2263] Analyzing SystemVerilog file "C:/Users/eleves/Desktop/ES_FPGA/TP_ASCON/project_ascon/project_ascon.srcs/sources_1/imports/RTL/Sbox.sv" into library xil_defaultlib
INFO: [VRFC 10-311] analyzing module sbox
INFO: [VRFC 10-2263] Analyzing SystemVerilog file "C:/Users/eleves/Desktop/ES_FPGA/TP_ASCON/project_ascon/project_ascon.srcs/sources_1/imports/RTL/ascon.sv" into library xil_defaultlib
INFO: [VRFC 10-311] analyzing module ascon
INFO: [VRFC 10-2263] Analyzing SystemVerilog file "C:/Users/eleves/Desktop/ES_FPGA/TP_ASCON/project_ascon/project_ascon.srcs/sources_1/imports/RTL/compteur_double_init.sv" into library xil_defaultlib
INFO: [VRFC 10-311] analyzing module compteur_double_init
INFO: [VRFC 10-2263] Analyzing SystemVerilog file "C:/Users/eleves/Desktop/ES_FPGA/TP_ASCON/project_ascon/project_ascon.srcs/sources_1/imports/RTL/fsm_moore.sv" into library xil_defaultlib
INFO: [VRFC 10-311] analyzing module fsm_moore
INFO: [VRFC 10-2263] Analyzing SystemVerilog file "C:/Users/eleves/Desktop/ES_FPGA/TP_ASCON/project_ascon/project_ascon.srcs/sources_1/new/fsm_top.sv" into library xil_defaultlib
INFO: [VRFC 10-311] analyzing module fsm_top
INFO: [VRFC 10-2263] Analyzing SystemVerilog file "C:/Users/eleves/Desktop/ES_FPGA/TP_ASCON/project_ascon/project_ascon.srcs/sources_1/imports/RTL/mux_state.sv" into library xil_defaultlib
INFO: [VRFC 10-311] analyzing module mux_state
INFO: [VRFC 10-2263] Analyzing SystemVerilog file "C:/Users/eleves/Desktop/ES_FPGA/TP_ASCON/project_ascon/project_ascon.srcs/sources_1/imports/RTL/register_w_en.sv" into library xil_defaultlib
INFO: [VRFC 10-311] analyzing module register_w_en
INFO: [VRFC 10-2263] Analyzing SystemVerilog file "C:/Users/eleves/Desktop/ES_FPGA/TP_ASCON/project_ascon/project_ascon.srcs/sources_1/imports/RTL/state_register_w_en.sv" into library xil_defaultlib
INFO: [VRFC 10-311] analyzing module state_register_w_en
INFO: [VRFC 10-2263] Analyzing SystemVerilog file "C:/Users/eleves/Desktop/ES_FPGA/TP_ASCON/project_ascon/project_ascon.srcs/sources_1/new/top_ascon.sv" into library xil_defaultlib
INFO: [VRFC 10-311] analyzing module top_ascon
INFO: [VRFC 10-2263] Analyzing SystemVerilog file "C:/Users/eleves/Desktop/ES_FPGA/TP_ASCON/project_ascon/project_ascon.srcs/sources_1/imports/RTL/xor_begin_perm.sv" into library xil_defaultlib
INFO: [VRFC 10-311] analyzing module xor_begin_perm
INFO: [VRFC 10-2263] Analyzing SystemVerilog file "C:/Users/eleves/Desktop/ES_FPGA/TP_ASCON/project_ascon/project_ascon.srcs/sources_1/imports/RTL/xor_end_perm.sv" into library xil_defaultlib
INFO: [VRFC 10-311] analyzing module xor_end_perm
INFO: [VRFC 10-2263] Analyzing SystemVerilog file "C:/Users/eleves/Desktop/ES_FPGA/TP_ASCON/project_ascon/project_ascon.srcs/sim_1/new/top_ascon_tb_2.sv" into library xil_defaultlib
INFO: [VRFC 10-311] analyzing module top_ascon_tb_2
INFO: [USF-XSim-69] 'compile' step finished in '2' seconds
Command: launch_simulation -step elaborate -simset sim_1 -mode behavioral
INFO: [Vivado 12-12493] Simulation top is 'top_ascon_tb_2'
WARNING: [Vivado 12-13340] Unable to auto find GCC executables from simulator install path! (path not set)
INFO: [Vivado 12-5698] Checking validity of IPs in the design for the 'XSim' simulator...
INFO: [Vivado 12-5682] Launching behavioral simulation in 'C:/Users/eleves/Desktop/ES_FPGA/TP_ASCON/project_ascon/project_ascon.sim/sim_1/behav/xsim'
INFO: [Vivado 12-4795] Using compiled simulation libraries for IPs
INFO: [SIM-utils-51] Simulation object is 'sim_1'
INFO: [USF-XSim-3] XSim::Elaborate design
INFO: [USF-XSim-61] Executing 'ELABORATE' step in 'C:/Users/eleves/Desktop/ES_FPGA/TP_ASCON/project_ascon/project_ascon.sim/sim_1/behav/xsim'
"xelab --incr --debug typical --relax --mt 2 -L xil_defaultlib -L blk_mem_gen_v8_4_9 -L uvm -L unisims_ver -L unimacro_ver -L secureip -L xpm --snapshot top_ascon_tb_2_behav xil_defaultlib.top_ascon_tb_2 xil_defaultlib.glbl -log elaborate.log"
Vivado Simulator v2024.2.0
Copyright 1986-2022 Xilinx, Inc. All Rights Reserved.
Copyright 2022-2024 Advanced Micro Devices, Inc. All Rights Reserved.
Running: C:/Xilinx/Vivado/2024.2/bin/unwrapped/win64.o/xelab.exe --incr --debug typical --relax --mt 2 -L xil_defaultlib -L blk_mem_gen_v8_4_9 -L uvm -L unisims_ver -L unimacro_ver -L secureip -L xpm --snapshot top_ascon_tb_2_behav xil_defaultlib.top_ascon_tb_2 xil_defaultlib.glbl -log elaborate.log 
Using 2 slave threads.
Starting static elaboration
Pass Through NonSizing Optimizer
WARNING: [VRFC 10-3091] actual bit length 8 differs from formal bit length 4 for port 'mux2_i' [C:/Users/eleves/Desktop/ES_FPGA/TP_ASCON/project_ascon/project_ascon.srcs/sim_1/new/top_ascon_tb_2.sv:38]
WARNING: [VRFC 10-3823] variable 'affichage_s' might have multiple concurrent drivers [C:/Users/eleves/Desktop/ES_FPGA/TP_ASCON/project_ascon/project_ascon.srcs/sim_1/new/top_ascon_tb_2.sv:48]
Completed static elaboration
Starting simulation data flow analysis
WARNING: [XSIM 43-4100] "C:/Users/eleves/Desktop/ES_FPGA/TP_ASCON/project_ascon/project_ascon.srcs/sim_1/new/top_ascon_tb_2.sv" Line 23. Module top_ascon_tb_2 has a timescale but at least one module in design doesn't have timescale.
WARNING: [XSIM 43-4100] "C:/Users/eleves/Desktop/ES_FPGA/TP_ASCON/project_ascon/project_ascon.srcs/sources_1/new/top_ascon.sv" Line 23. Module top_ascon has a timescale but at least one module in design doesn't have timescale.
WARNING: [XSIM 43-4100] "C:/Users/eleves/Desktop/ES_FPGA/TP_ASCON/project_ascon/project_ascon.srcs/sources_1/imports/RTL/ascon.sv" Line 5. Module ascon has a timescale but at least one module in design doesn't have timescale.
WARNING: [XSIM 43-4100] "C:/Users/eleves/Desktop/ES_FPGA/TP_ASCON/project_ascon/project_ascon.srcs/sources_1/imports/RTL/fsm_moore.sv" Line 4. Module fsm_moore has a timescale but at least one module in design doesn't have timescale.
WARNING: [XSIM 43-4100] "C:/Users/eleves/Desktop/ES_FPGA/TP_ASCON/project_ascon/project_ascon.srcs/sources_1/imports/RTL/compteur_double_init.sv" Line 12. Module compteur_double_init has a timescale but at least one module in design doesn't have timescale.
WARNING: [XSIM 43-4100] "C:/Users/eleves/Desktop/ES_FPGA/TP_ASCON/project_ascon/project_ascon.srcs/sources_1/imports/RTL/mux_state.sv" Line 12. Module mux_state has a timescale but at least one module in design doesn't have timescale.
WARNING: [XSIM 43-4100] "C:/Users/eleves/Desktop/ES_FPGA/TP_ASCON/project_ascon/project_ascon.srcs/sources_1/imports/RTL/xor_begin_perm.sv" Line 12. Module xor_begin_perm has a timescale but at least one module in design doesn't have timescale.
WARNING: [XSIM 43-4100] "C:/Users/eleves/Desktop/ES_FPGA/TP_ASCON/project_ascon/project_ascon.srcs/sources_1/imports/RTL/register_w_en.sv" Line 12. Module register_w_en(nb_bits_g=64) has a timescale but at least one module in design doesn't have timescale.
WARNING: [XSIM 43-4100] "C:/Users/eleves/Desktop/ES_FPGA/TP_ASCON/project_ascon/project_ascon.srcs/sources_1/imports/RTL/xor_end_perm.sv" Line 12. Module xor_end_perm has a timescale but at least one module in design doesn't have timescale.
WARNING: [XSIM 43-4100] "C:/Users/eleves/Desktop/ES_FPGA/TP_ASCON/project_ascon/project_ascon.srcs/sources_1/imports/RTL/state_register_w_en.sv" Line 12. Module state_register_w_en has a timescale but at least one module in design doesn't have timescale.
WARNING: [XSIM 43-4100] "C:/Users/eleves/Desktop/ES_FPGA/TP_ASCON/project_ascon/project_ascon.srcs/sources_1/imports/RTL/register_w_en.sv" Line 12. Module register_w_en(nb_bits_g=128) has a timescale but at least one module in design doesn't have timescale.
WARNING: [XSIM 43-4100] "C:/Users/eleves/Desktop/ES_FPGA/TP_ASCON/project_ascon/project_ascon.srcs/sources_1/new/fsm_top.sv" Line 23. Module fsm_top has a timescale but at least one module in design doesn't have timescale.
WARNING: [XSIM 43-4100] "C:/Users/eleves/Desktop/ES_FPGA/TP_ASCON/project_ascon/project_ascon.gen/sources_1/ip/clk_wiz_0/clk_wiz_0.v" Line 65. Module clk_wiz_0 has a timescale but at least one module in design doesn't have timescale.
WARNING: [XSIM 43-4100] "C:/Users/eleves/Desktop/ES_FPGA/TP_ASCON/project_ascon/project_ascon.gen/sources_1/ip/clk_wiz_0/clk_wiz_0_clk_wiz.v" Line 65. Module clk_wiz_0_clk_wiz has a timescale but at least one module in design doesn't have timescale.
WARNING: [XSIM 43-4100] "/proj/xbuilds/SWIP/2024.2_1107_2045/installs/lin64/Vivado/2024.2/data/verilog/src/unisims/IBUF.v" Line 29. Module IBUF has a timescale but at least one module in design doesn't have timescale.
WARNING: [XSIM 43-4100] "/proj/xbuilds/SWIP/2024.2_1107_2045/installs/lin64/Vivado/2024.2/data/verilog/src/unisims/MMCME2_ADV.v" Line 123. Module MMCME2_ADV(CLKFBOUT_MULT_F=10.0,CLKIN1_PERIOD=10.0,CLKOUT0_DIVIDE_F=10.0) has a timescale but at least one module in design doesn't have timescale.
WARNING: [XSIM 43-4100] "/proj/xbuilds/SWIP/2024.2_1107_2045/installs/lin64/Vivado/2024.2/data/verilog/src/unisims/BUFG.v" Line 27. Module BUFG has a timescale but at least one module in design doesn't have timescale.
WARNING: [XSIM 43-4100] "/proj/xbuilds/SWIP/2024.2_1107_2045/installs/lin64/Vivado/2024.2/data/verilog/src/unisims/BUFG.v" Line 27. Module BUFG has a timescale but at least one module in design doesn't have timescale.
WARNING: [XSIM 43-4100] "C:/Users/eleves/Desktop/ES_FPGA/TP_ASCON/project_ascon/project_ascon.gen/sources_1/ip/blk_mem_gen_0/sim/blk_mem_gen_0.v" Line 55. Module blk_mem_gen_0 has a timescale but at least one module in design doesn't have timescale.
WARNING: [XSIM 43-4100] "/wrk/ci/prod/2024.2/sw/continuous/3059/packages/customer/vivado/data/ip/xilinx/blk_mem_gen_v8_4/simulation/blk_mem_gen_v8_4.v" Line 3457. Module blk_mem_gen_v8_4_9(C_FAMILY="zynq",C_XDEVICEFAMILY="zynq",C_ELABORATION_DIR="./",C_AXI_TYPE=1,C_MEM_TYPE=3,C_PRIM_TYPE=1,C_LOAD_INIT_FILE=1,C_INIT_FILE_NAME="blk_mem_gen_0.mif",C_INIT_FILE="blk_mem_gen_0.mem",C_HAS_ENA=0,C_WRITE_WIDTH_A=64,C_READ_WIDTH_A=64,C_WRITE_DEPTH_A=4,C_READ_DEPTH_A=4,C_ADDRA_WIDTH=2,C_INITB_VAL="0",C_HAS_ENB=0,C_WRITE_WIDTH_B=64,C_READ_WIDTH_B=64,C_WRITE_DEPTH_B=4,C_READ_DEPTH_B=4,C_ADDRB_WIDTH=2,C_SIM_COLLISION_CHECK="ALL",C_COMMON_CLK=0,C_COUNT_36K_BRAM="1",C_COUNT_18K_BRAM="0",C_EST_POWER_SUMMARY="Estimated_Power_for_IP_____:_____6.370399_mW") has a timescale but at least one module in design doesn't have timescale.
WARNING: [XSIM 43-4100] "/wrk/ci/prod/2024.2/sw/continuous/3059/packages/customer/vivado/data/ip/xilinx/blk_mem_gen_v8_4/simulation/blk_mem_gen_v8_4.v" Line 1996. Module blk_mem_gen_v8_4_9_mem_module(C_FAMILY="zynq",C_XDEVICEFAMILY="zynq",C_MEM_TYPE=3,C_PRIM_TYPE=1,C_LOAD_INIT_FILE=1,C_INIT_FILE_NAME="blk_mem_gen_0.mif",C_INIT_FILE="blk_mem_gen_0.mem",C_HAS_ENA=0,C_WRITE_WIDTH_A=64,C_READ_WIDTH_A=64,C_WRITE_DEPTH_A=4,C_READ_DEPTH_A=4,C_ADDRA_WIDTH=2,C_INITB_VAL="0",C_HAS_ENB=0,C_WRITE_WIDTH_B=64,C_READ_WIDTH_B=64,C_WRITE_DEPTH_B=4,C_READ_DEPTH_B=4,C_ADDRB_WIDTH=2,C_SIM_COLLISION_CHECK="ALL",C_COMMON_CLK=0) has a timescale but at least one module in design doesn't have timescale.
WARNING: [XSIM 43-4100] "/wrk/ci/prod/2024.2/sw/continuous/3059/packages/customer/vivado/data/ip/xilinx/blk_mem_gen_v8_4/simulation/blk_mem_gen_v8_4.v" Line 1608. Module blk_mem_gen_v8_4_9_output_stage(C_FAMILY="zynq",C_XDEVICEFAMILY="zynq",C_DATA_WIDTH=64,C_ADDRB_WIDTH=2,NUM_STAGES=0) has a timescale but at least one module in design doesn't have timescale.
WARNING: [XSIM 43-4100] "/wrk/ci/prod/2024.2/sw/continuous/3059/packages/customer/vivado/data/ip/xilinx/blk_mem_gen_v8_4/simulation/blk_mem_gen_v8_4.v" Line 1608. Module blk_mem_gen_v8_4_9_output_stage(C_FAMILY="zynq",C_XDEVICEFAMILY="zynq",C_DATA_WIDTH=64,C_ADDRB_WIDTH=2,NUM_STAGES=0) has a timescale but at least one module in design doesn't have timescale.
WARNING: [XSIM 43-4100] "/wrk/ci/prod/2024.2/sw/continuous/3059/packages/customer/vivado/data/ip/xilinx/blk_mem_gen_v8_4/simulation/blk_mem_gen_v8_4.v" Line 1904. Module blk_mem_gen_v8_4_9_softecc_output_reg_stage(C_DATA_WIDTH=64,C_ADDRB_WIDTH=2) has a timescale but at least one module in design doesn't have timescale.
WARNING: [XSIM 43-4100] "C:/Users/eleves/Desktop/ES_FPGA/TP_ASCON/project_ascon/project_ascon.srcs/sim_1/new/top_ascon_tb_2.sv" Line 23. Module top_ascon_tb_2 has a timescale but at least one module in design doesn't have timescale.
WARNING: [XSIM 43-4100] "C:/Users/eleves/Desktop/ES_FPGA/TP_ASCON/project_ascon/project_ascon.srcs/sources_1/new/top_ascon.sv" Line 23. Module top_ascon has a timescale but at least one module in design doesn't have timescale.
WARNING: [XSIM 43-4100] "C:/Users/eleves/Desktop/ES_FPGA/TP_ASCON/project_ascon/project_ascon.srcs/sources_1/imports/RTL/ascon.sv" Line 5. Module ascon has a timescale but at least one module in design doesn't have timescale.
WARNING: [XSIM 43-4100] "C:/Users/eleves/Desktop/ES_FPGA/TP_ASCON/project_ascon/project_ascon.srcs/sources_1/imports/RTL/fsm_moore.sv" Line 4. Module fsm_moore has a timescale but at least one module in design doesn't have timescale.
WARNING: [XSIM 43-4100] "C:/Users/eleves/Desktop/ES_FPGA/TP_ASCON/project_ascon/project_ascon.srcs/sources_1/imports/RTL/compteur_double_init.sv" Line 12. Module compteur_double_init has a timescale but at least one module in design doesn't have timescale.
WARNING: [XSIM 43-4100] "C:/Users/eleves/Desktop/ES_FPGA/TP_ASCON/project_ascon/project_ascon.srcs/sources_1/imports/RTL/mux_state.sv" Line 12. Module mux_state has a timescale but at least one module in design doesn't have timescale.
WARNING: [XSIM 43-4100] "C:/Users/eleves/Desktop/ES_FPGA/TP_ASCON/project_ascon/project_ascon.srcs/sources_1/imports/RTL/xor_begin_perm.sv" Line 12. Module xor_begin_perm has a timescale but at least one module in design doesn't have timescale.
WARNING: [XSIM 43-4100] "C:/Users/eleves/Desktop/ES_FPGA/TP_ASCON/project_ascon/project_ascon.srcs/sources_1/imports/RTL/register_w_en.sv" Line 12. Module register_w_en(nb_bits_g=64) has a timescale but at least one module in design doesn't have timescale.
WARNING: [XSIM 43-4100] "C:/Users/eleves/Desktop/ES_FPGA/TP_ASCON/project_ascon/project_ascon.srcs/sources_1/imports/RTL/xor_end_perm.sv" Line 12. Module xor_end_perm has a timescale but at least one module in design doesn't have timescale.
WARNING: [XSIM 43-4100] "C:/Users/eleves/Desktop/ES_FPGA/TP_ASCON/project_ascon/project_ascon.srcs/sources_1/imports/RTL/state_register_w_en.sv" Line 12. Module state_register_w_en has a timescale but at least one module in design doesn't have timescale.
WARNING: [XSIM 43-4100] "C:/Users/eleves/Desktop/ES_FPGA/TP_ASCON/project_ascon/project_ascon.srcs/sources_1/imports/RTL/register_w_en.sv" Line 12. Module register_w_en(nb_bits_g=128) has a timescale but at least one module in design doesn't have timescale.
WARNING: [XSIM 43-4100] "C:/Users/eleves/Desktop/ES_FPGA/TP_ASCON/project_ascon/project_ascon.srcs/sources_1/new/fsm_top.sv" Line 23. Module fsm_top has a timescale but at least one module in design doesn't have timescale.
WARNING: [XSIM 43-4100] "C:/Users/eleves/Desktop/ES_FPGA/TP_ASCON/project_ascon/project_ascon.gen/sources_1/ip/clk_wiz_0/clk_wiz_0.v" Line 65. Module clk_wiz_0 has a timescale but at least one module in design doesn't have timescale.
WARNING: [XSIM 43-4100] "C:/Users/eleves/Desktop/ES_FPGA/TP_ASCON/project_ascon/project_ascon.gen/sources_1/ip/clk_wiz_0/clk_wiz_0_clk_wiz.v" Line 65. Module clk_wiz_0_clk_wiz has a timescale but at least one module in design doesn't have timescale.
WARNING: [XSIM 43-4100] "/proj/xbuilds/SWIP/2024.2_1107_2045/installs/lin64/Vivado/2024.2/data/verilog/src/unisims/IBUF.v" Line 29. Module IBUF has a timescale but at least one module in design doesn't have timescale.
WARNING: [XSIM 43-4100] "/proj/xbuilds/SWIP/2024.2_1107_2045/installs/lin64/Vivado/2024.2/data/verilog/src/unisims/MMCME2_ADV.v" Line 123. Module MMCME2_ADV(CLKFBOUT_MULT_F=10.0,CLKIN1_PERIOD=10.0,CLKOUT0_DIVIDE_F=10.0) has a timescale but at least one module in design doesn't have timescale.
WARNING: [XSIM 43-4100] "/proj/xbuilds/SWIP/2024.2_1107_2045/installs/lin64/Vivado/2024.2/data/verilog/src/unisims/BUFG.v" Line 27. Module BUFG has a timescale but at least one module in design doesn't have timescale.
WARNING: [XSIM 43-4100] "/proj/xbuilds/SWIP/2024.2_1107_2045/installs/lin64/Vivado/2024.2/data/verilog/src/unisims/BUFG.v" Line 27. Module BUFG has a timescale but at least one module in design doesn't have timescale.
WARNING: [XSIM 43-4100] "C:/Users/eleves/Desktop/ES_FPGA/TP_ASCON/project_ascon/project_ascon.gen/sources_1/ip/blk_mem_gen_0/sim/blk_mem_gen_0.v" Line 55. Module blk_mem_gen_0 has a timescale but at least one module in design doesn't have timescale.
WARNING: [XSIM 43-4100] "/wrk/ci/prod/2024.2/sw/continuous/3059/packages/customer/vivado/data/ip/xilinx/blk_mem_gen_v8_4/simulation/blk_mem_gen_v8_4.v" Line 3457. Module blk_mem_gen_v8_4_9(C_FAMILY="zynq",C_XDEVICEFAMILY="zynq",C_ELABORATION_DIR="./",C_AXI_TYPE=1,C_MEM_TYPE=3,C_PRIM_TYPE=1,C_LOAD_INIT_FILE=1,C_INIT_FILE_NAME="blk_mem_gen_0.mif",C_INIT_FILE="blk_mem_gen_0.mem",C_HAS_ENA=0,C_WRITE_WIDTH_A=64,C_READ_WIDTH_A=64,C_WRITE_DEPTH_A=4,C_READ_DEPTH_A=4,C_ADDRA_WIDTH=2,C_INITB_VAL="0",C_HAS_ENB=0,C_WRITE_WIDTH_B=64,C_READ_WIDTH_B=64,C_WRITE_DEPTH_B=4,C_READ_DEPTH_B=4,C_ADDRB_WIDTH=2,C_SIM_COLLISION_CHECK="ALL",C_COMMON_CLK=0,C_COUNT_36K_BRAM="1",C_COUNT_18K_BRAM="0",C_EST_POWER_SUMMARY="Estimated_Power_for_IP_____:_____6.370399_mW") has a timescale but at least one module in design doesn't have timescale.
WARNING: [XSIM 43-4100] "/wrk/ci/prod/2024.2/sw/continuous/3059/packages/customer/vivado/data/ip/xilinx/blk_mem_gen_v8_4/simulation/blk_mem_gen_v8_4.v" Line 1996. Module blk_mem_gen_v8_4_9_mem_module(C_FAMILY="zynq",C_XDEVICEFAMILY="zynq",C_MEM_TYPE=3,C_PRIM_TYPE=1,C_LOAD_INIT_FILE=1,C_INIT_FILE_NAME="blk_mem_gen_0.mif",C_INIT_FILE="blk_mem_gen_0.mem",C_HAS_ENA=0,C_WRITE_WIDTH_A=64,C_READ_WIDTH_A=64,C_WRITE_DEPTH_A=4,C_READ_DEPTH_A=4,C_ADDRA_WIDTH=2,C_INITB_VAL="0",C_HAS_ENB=0,C_WRITE_WIDTH_B=64,C_READ_WIDTH_B=64,C_WRITE_DEPTH_B=4,C_READ_DEPTH_B=4,C_ADDRB_WIDTH=2,C_SIM_COLLISION_CHECK="ALL",C_COMMON_CLK=0) has a timescale but at least one module in design doesn't have timescale.
WARNING: [XSIM 43-4100] "/wrk/ci/prod/2024.2/sw/continuous/3059/packages/customer/vivado/data/ip/xilinx/blk_mem_gen_v8_4/simulation/blk_mem_gen_v8_4.v" Line 3457. Module blk_mem_gen_v8_4_9 has a timescale but at least one module in design doesn't have timescale.
WARNING: [XSIM 43-4100] "/wrk/ci/prod/2024.2/sw/continuous/3059/packages/customer/vivado/data/ip/xilinx/blk_mem_gen_v8_4/simulation/blk_mem_gen_v8_4.v" Line 3457. Module blk_mem_gen_v8_4_9(C_FAMILY="zynq",C_XDEVICEFAMILY="zynq",C_ELABORATION_DIR="./",C_AXI_TYPE=1,C_MEM_TYPE=3,C_PRIM_TYPE=1,C_LOAD_INIT_FILE=1,C_INIT_FILE_NAME="blk_mem_gen_0.mif",C_INIT_FILE="blk_mem_gen_0.mem",C_HAS_ENA=0,C_WRITE_WIDTH_A=64,C_READ_WIDTH_A=64,C_WRITE_DEPTH_A=4,C_READ_DEPTH_A=4,C_ADDRA_WIDTH=2,C_INITB_VAL="0",C_HAS_ENB=0,C_WRITE_WIDTH_B=64,C_READ_WIDTH_B=64,C_WRITE_DEPTH_B=4,C_READ_DEPTH_B=4,C_ADDRB_WIDTH=2,C_SIM_COLLISION_CHECK="ALL",C_COMMON_CLK=0,C_COUNT_36K_BRAM="1",C_COUNT_18K_BRAM="0",C_EST_POWER_SUMMARY="Estimated_Power_for_IP_____:_____6.370399_mW") has a timescale but at least one module in design doesn't have timescale.
WARNING: [XSIM 43-4100] "/wrk/ci/prod/2024.2/sw/continuous/3059/packages/customer/vivado/data/ip/xilinx/blk_mem_gen_v8_4/simulation/blk_mem_gen_v8_4.v" Line 3457. Module blk_mem_gen_v8_4_9 has a timescale but at least one module in design doesn't have timescale.
WARNING: [XSIM 43-4100] "/wrk/ci/prod/2024.2/sw/continuous/3059/packages/customer/vivado/data/ip/xilinx/blk_mem_gen_v8_4/simulation/blk_mem_gen_v8_4.v" Line 3457. Module blk_mem_gen_v8_4_9(C_FAMILY="zynq",C_XDEVICEFAMILY="zynq",C_ELABORATION_DIR="./",C_AXI_TYPE=1,C_MEM_TYPE=3,C_PRIM_TYPE=1,C_LOAD_INIT_FILE=1,C_INIT_FILE_NAME="blk_mem_gen_0.mif",C_INIT_FILE="blk_mem_gen_0.mem",C_HAS_ENA=0,C_WRITE_WIDTH_A=64,C_READ_WIDTH_A=64,C_WRITE_DEPTH_A=4,C_READ_DEPTH_A=4,C_ADDRA_WIDTH=2,C_INITB_VAL="0",C_HAS_ENB=0,C_WRITE_WIDTH_B=64,C_READ_WIDTH_B=64,C_WRITE_DEPTH_B=4,C_READ_DEPTH_B=4,C_ADDRB_WIDTH=2,C_SIM_COLLISION_CHECK="ALL",C_COMMON_CLK=0,C_COUNT_36K_BRAM="1",C_COUNT_18K_BRAM="0",C_EST_POWER_SUMMARY="Estimated_Power_for_IP_____:_____6.370399_mW") has a timescale but at least one module in design doesn't have timescale.
WARNING: [XSIM 43-4100] "/wrk/ci/prod/2024.2/sw/continuous/3059/packages/customer/vivado/data/ip/xilinx/blk_mem_gen_v8_4/simulation/blk_mem_gen_v8_4.v" Line 3457. Module blk_mem_gen_v8_4_9 has a timescale but at least one module in design doesn't have timescale.
WARNING: [XSIM 43-4100] "/wrk/ci/prod/2024.2/sw/continuous/3059/packages/customer/vivado/data/ip/xilinx/blk_mem_gen_v8_4/simulation/blk_mem_gen_v8_4.v" Line 3457. Module blk_mem_gen_v8_4_9(C_FAMILY="zynq",C_XDEVICEFAMILY="zynq",C_ELABORATION_DIR="./",C_AXI_TYPE=1,C_MEM_TYPE=3,C_PRIM_TYPE=1,C_LOAD_INIT_FILE=1,C_INIT_FILE_NAME="blk_mem_gen_0.mif",C_INIT_FILE="blk_mem_gen_0.mem",C_HAS_ENA=0,C_WRITE_WIDTH_A=64,C_READ_WIDTH_A=64,C_WRITE_DEPTH_A=4,C_READ_DEPTH_A=4,C_ADDRA_WIDTH=2,C_INITB_VAL="0",C_HAS_ENB=0,C_WRITE_WIDTH_B=64,C_READ_WIDTH_B=64,C_WRITE_DEPTH_B=4,C_READ_DEPTH_B=4,C_ADDRB_WIDTH=2,C_SIM_COLLISION_CHECK="ALL",C_COMMON_CLK=0,C_COUNT_36K_BRAM="1",C_COUNT_18K_BRAM="0",C_EST_POWER_SUMMARY="Estimated_Power_for_IP_____:_____6.370399_mW") has a timescale but at least one module in design doesn't have timescale.
WARNING: [XSIM 43-4100] "/wrk/ci/prod/2024.2/sw/continuous/3059/packages/customer/vivado/data/ip/xilinx/blk_mem_gen_v8_4/simulation/blk_mem_gen_v8_4.v" Line 3457. Module blk_mem_gen_v8_4_9 has a timescale but at least one module in design doesn't have timescale.
WARNING: [XSIM 43-4100] "/wrk/ci/prod/2024.2/sw/continuous/3059/packages/customer/vivado/data/ip/xilinx/blk_mem_gen_v8_4/simulation/blk_mem_gen_v8_4.v" Line 3457. Module blk_mem_gen_v8_4_9(C_FAMILY="zynq",C_XDEVICEFAMILY="zynq",C_ELABORATION_DIR="./",C_AXI_TYPE=1,C_MEM_TYPE=3,C_PRIM_TYPE=1,C_LOAD_INIT_FILE=1,C_INIT_FILE_NAME="blk_mem_gen_0.mif",C_INIT_FILE="blk_mem_gen_0.mem",C_HAS_ENA=0,C_WRITE_WIDTH_A=64,C_READ_WIDTH_A=64,C_WRITE_DEPTH_A=4,C_READ_DEPTH_A=4,C_ADDRA_WIDTH=2,C_INITB_VAL="0",C_HAS_ENB=0,C_WRITE_WIDTH_B=64,C_READ_WIDTH_B=64,C_WRITE_DEPTH_B=4,C_READ_DEPTH_B=4,C_ADDRB_WIDTH=2,C_SIM_COLLISION_CHECK="ALL",C_COMMON_CLK=0,C_COUNT_36K_BRAM="1",C_COUNT_18K_BRAM="0",C_EST_POWER_SUMMARY="Estimated_Power_for_IP_____:_____6.370399_mW") has a timescale but at least one module in design doesn't have timescale.
WARNING: [XSIM 43-4100] "/wrk/ci/prod/2024.2/sw/continuous/3059/packages/customer/vivado/data/ip/xilinx/blk_mem_gen_v8_4/simulation/blk_mem_gen_v8_4.v" Line 3457. Module blk_mem_gen_v8_4_9 has a timescale but at least one module in design doesn't have timescale.
WARNING: [XSIM 43-4100] "/wrk/ci/prod/2024.2/sw/continuous/3059/packages/customer/vivado/data/ip/xilinx/blk_mem_gen_v8_4/simulation/blk_mem_gen_v8_4.v" Line 3457. Module blk_mem_gen_v8_4_9(C_FAMILY="zynq",C_XDEVICEFAMILY="zynq",C_ELABORATION_DIR="./",C_AXI_TYPE=1,C_MEM_TYPE=3,C_PRIM_TYPE=1,C_LOAD_INIT_FILE=1,C_INIT_FILE_NAME="blk_mem_gen_0.mif",C_INIT_FILE="blk_mem_gen_0.mem",C_HAS_ENA=0,C_WRITE_WIDTH_A=64,C_READ_WIDTH_A=64,C_WRITE_DEPTH_A=4,C_READ_DEPTH_A=4,C_ADDRA_WIDTH=2,C_INITB_VAL="0",C_HAS_ENB=0,C_WRITE_WIDTH_B=64,C_READ_WIDTH_B=64,C_WRITE_DEPTH_B=4,C_READ_DEPTH_B=4,C_ADDRB_WIDTH=2,C_SIM_COLLISION_CHECK="ALL",C_COMMON_CLK=0,C_COUNT_36K_BRAM="1",C_COUNT_18K_BRAM="0",C_EST_POWER_SUMMARY="Estimated_Power_for_IP_____:_____6.370399_mW") has a timescale but at least one module in design doesn't have timescale.
WARNING: [XSIM 43-4100] "/wrk/ci/prod/2024.2/sw/continuous/3059/packages/customer/vivado/data/ip/xilinx/blk_mem_gen_v8_4/simulation/blk_mem_gen_v8_4.v" Line 3457. Module blk_mem_gen_v8_4_9 has a timescale but at least one module in design doesn't have timescale.
WARNING: [XSIM 43-4100] "/wrk/ci/prod/2024.2/sw/continuous/3059/packages/customer/vivado/data/ip/xilinx/blk_mem_gen_v8_4/simulation/blk_mem_gen_v8_4.v" Line 3457. Module blk_mem_gen_v8_4_9(C_FAMILY="zynq",C_XDEVICEFAMILY="zynq",C_ELABORATION_DIR="./",C_AXI_TYPE=1,C_MEM_TYPE=3,C_PRIM_TYPE=1,C_LOAD_INIT_FILE=1,C_INIT_FILE_NAME="blk_mem_gen_0.mif",C_INIT_FILE="blk_mem_gen_0.mem",C_HAS_ENA=0,C_WRITE_WIDTH_A=64,C_READ_WIDTH_A=64,C_WRITE_DEPTH_A=4,C_READ_DEPTH_A=4,C_ADDRA_WIDTH=2,C_INITB_VAL="0",C_HAS_ENB=0,C_WRITE_WIDTH_B=64,C_READ_WIDTH_B=64,C_WRITE_DEPTH_B=4,C_READ_DEPTH_B=4,C_ADDRB_WIDTH=2,C_SIM_COLLISION_CHECK="ALL",C_COMMON_CLK=0,C_COUNT_36K_BRAM="1",C_COUNT_18K_BRAM="0",C_EST_POWER_SUMMARY="Estimated_Power_for_IP_____:_____6.370399_mW") has a timescale but at least one module in design doesn't have timescale.
WARNING: [XSIM 43-4100] "/wrk/ci/prod/2024.2/sw/continuous/3059/packages/customer/vivado/data/ip/xilinx/blk_mem_gen_v8_4/simulation/blk_mem_gen_v8_4.v" Line 1608. Module blk_mem_gen_v8_4_9_output_stage(C_FAMILY="zynq",C_XDEVICEFAMILY="zynq",C_DATA_WIDTH=64,C_ADDRB_WIDTH=2,NUM_STAGES=0) has a timescale but at least one module in design doesn't have timescale.
WARNING: [XSIM 43-4100] "/wrk/ci/prod/2024.2/sw/continuous/3059/packages/customer/vivado/data/ip/xilinx/blk_mem_gen_v8_4/simulation/blk_mem_gen_v8_4.v" Line 1608. Module blk_mem_gen_v8_4_9_output_stage(C_FAMILY="zynq",C_XDEVICEFAMILY="zynq",C_DATA_WIDTH=64,C_ADDRB_WIDTH=2,NUM_STAGES=0) has a timescale but at least one module in design doesn't have timescale.
WARNING: [XSIM 43-4100] "/wrk/ci/prod/2024.2/sw/continuous/3059/packages/customer/vivado/data/ip/xilinx/blk_mem_gen_v8_4/simulation/blk_mem_gen_v8_4.v" Line 1904. Module blk_mem_gen_v8_4_9_softecc_output_reg_stage(C_DATA_WIDTH=64,C_ADDRB_WIDTH=2) has a timescale but at least one module in design doesn't have timescale.
WARNING: [XSIM 43-4100] "C:/Users/eleves/Desktop/ES_FPGA/TP_ASCON/project_ascon/project_ascon.sim/sim_1/behav/xsim/glbl.v" Line 6. Module glbl has a timescale but at least one module in design doesn't have timescale.
WARNING: [XSIM 43-4100] "C:/Users/eleves/Desktop/ES_FPGA/TP_ASCON/project_ascon/project_ascon.sim/sim_1/behav/xsim/glbl.v" Line 6. Module glbl has a timescale but at least one module in design doesn't have timescale.
Completed simulation data flow analysis
Time Resolution for simulation is 1ps
Compiling package xil_defaultlib.ascon_pack
Compiling module xil_defaultlib.fsm_moore
Compiling module xil_defaultlib.compteur_double_init
Compiling module xil_defaultlib.mux_state
Compiling module xil_defaultlib.xor_begin_perm
Compiling module xil_defaultlib.register_w_en(nb_bits_g=64)
Compiling module xil_defaultlib.Pc
Compiling module xil_defaultlib.sbox
Compiling module xil_defaultlib.Ps_default
Compiling module xil_defaultlib.Pl
Compiling module xil_defaultlib.xor_end_perm
Compiling module xil_defaultlib.state_register_w_en
Compiling module xil_defaultlib.register_w_en(nb_bits_g=128)
Compiling module xil_defaultlib.Permutation
Compiling module xil_defaultlib.ascon
Compiling module xil_defaultlib.fsm_top
Compiling module unisims_ver.IBUF
Compiling module unisims_ver.MMCME2_ADV(CLKFBOUT_MULT_F=10.0,...
Compiling module unisims_ver.BUFG
Compiling module xil_defaultlib.clk_wiz_0_clk_wiz
Compiling module xil_defaultlib.clk_wiz_0
Compiling module blk_mem_gen_v8_4_9.blk_mem_gen_v8_4_9_output_stage(...
Compiling module blk_mem_gen_v8_4_9.blk_mem_gen_v8_4_9_softecc_outpu...
Compiling module blk_mem_gen_v8_4_9.blk_mem_gen_v8_4_9_mem_module(C_...
Compiling module blk_mem_gen_v8_4_9.blk_mem_gen_v8_4_9(C_FAMILY="zyn...
Compiling module xil_defaultlib.blk_mem_gen_0
Compiling module xil_defaultlib.top_ascon
Compiling module xil_defaultlib.top_ascon_tb_2
Compiling module xil_defaultlib.glbl
Built simulation snapshot top_ascon_tb_2_behav
run_program: Time (s): cpu = 00:00:01 ; elapsed = 00:00:16 . Memory (MB): peak = 2759.398 ; gain = 0.000
INFO: [USF-XSim-69] 'elaborate' step finished in '16' seconds
launch_simulation: Time (s): cpu = 00:00:01 ; elapsed = 00:00:16 . Memory (MB): peak = 2759.398 ; gain = 0.000
Time resolution is 1 ps
 Block Memory Generator module loading initial data...
 Block Memory Generator data initialization complete.
Block Memory Generator module top_ascon_tb_2.DUT.memory_rom.inst.native_mem_module.blk_mem_gen_v8_4_9_inst is using a behavioral model for simulation which will not precisely model memory collision behavior.
relaunch_sim: Time (s): cpu = 00:00:02 ; elapsed = 00:00:20 . Memory (MB): peak = 2759.398 ; gain = 0.000
restart
INFO: [Wavedata 42-604] Simulation restarted
run 1.5 us
 Block Memory Generator module loading initial data...
 Block Memory Generator data initialization complete.
Block Memory Generator module top_ascon_tb_2.DUT.memory_rom.inst.native_mem_module.blk_mem_gen_v8_4_9_inst is using a behavioral model for simulation which will not precisely model memory collision behavior.
run 1.5 us
report_timing_summary -delay_type min_max -report_unconstrained -check_timing_verbose -max_paths 10 -input_pins -routable_nets -name timing_1
INFO: [Timing 38-35] Done setting XDC timing constraints.
INFO: [Timing 38-91] UpdateTimingParams: Speed grade: -1, Delay Type: min_max.
INFO: [Timing 38-191] Multithreading enabled for timing update using a maximum of 2 CPUs
launch_runs impl_1 -jobs 12
WARNING: [Project 1-478] Design 'synth_1' is stale and will not be used when launching 'impl_1'
[Mon Sep 22 15:45:52 2025] Launched impl_1...
Run output will be captured here: C:/Users/eleves/Desktop/ES_FPGA/TP_ASCON/project_ascon/project_ascon.runs/impl_1/runme.log
open_run impl_1
Netlist sorting complete. Time (s): cpu = 00:00:00 ; elapsed = 00:00:00.016 . Memory (MB): peak = 2759.398 ; gain = 0.000
INFO: [Netlist 29-17] Analyzing 18 Unisim elements for replacement
INFO: [Netlist 29-28] Unisim Transformation completed in 0 CPU seconds
INFO: [Project 1-479] Netlist was created with Vivado 2024.2
INFO: [Project 1-570] Preparing netlist for logic optimization
Read ShapeDB Complete: Time (s): cpu = 00:00:00 ; elapsed = 00:00:00.003 . Memory (MB): peak = 2759.398 ; gain = 0.000
INFO: [Timing 38-478] Restoring timing data from binary archive.
INFO: [Timing 38-479] Binary timing data restore complete.
INFO: [Project 1-856] Restoring constraints from binary archive.
INFO: [Project 1-853] Binary constraint restore complete.
INFO: [Designutils 20-5722] Start Reading Physical Databases.
Reading placement.
Read Netlist Cache: Time (s): cpu = 00:00:00 ; elapsed = 00:00:00.002 . Memory (MB): peak = 2869.066 ; gain = 0.000
Reading placer database...
Read Device Cache: Time (s): cpu = 00:00:00 ; elapsed = 00:00:00.012 . Memory (MB): peak = 2869.066 ; gain = 0.000
Read PlaceDB: Time (s): cpu = 00:00:00 ; elapsed = 00:00:00.040 . Memory (MB): peak = 2869.066 ; gain = 0.000
Read PulsedLatchDB: Time (s): cpu = 00:00:00 ; elapsed = 00:00:00 . Memory (MB): peak = 2869.066 ; gain = 0.000
Reading routing.
Read RouteStorage: Time (s): cpu = 00:00:00 ; elapsed = 00:00:00.025 . Memory (MB): peak = 2869.066 ; gain = 0.000
Read Physdb Files: Time (s): cpu = 00:00:00 ; elapsed = 00:00:00.088 . Memory (MB): peak = 2869.066 ; gain = 0.000
Restored from archive | CPU: 0.000000 secs | Memory: 0.000000 MB |
Finished XDEF File Restore: Time (s): cpu = 00:00:00 ; elapsed = 00:00:00.088 . Memory (MB): peak = 2869.066 ; gain = 0.000
Netlist sorting complete. Time (s): cpu = 00:00:00 ; elapsed = 00:00:00 . Memory (MB): peak = 2869.066 ; gain = 0.000
INFO: [Project 1-111] Unisim Transformation Summary:
No Unisim elements were transformed.

report_timing_summary -delay_type min_max -report_unconstrained -check_timing_verbose -max_paths 10 -input_pins -routable_nets -name timing_1
INFO: [Timing 38-91] UpdateTimingParams: Speed grade: -1, Delay Type: min_max.
INFO: [Timing 38-191] Multithreading enabled for timing update using a maximum of 2 CPUs
current_design synth_1
report_timing_summary -delay_type min_max -report_unconstrained -check_timing_verbose -max_paths 10 -input_pins -routable_nets -name timing_2
INFO: [Timing 38-91] UpdateTimingParams: Speed grade: -1, Delay Type: min_max.
INFO: [Timing 38-191] Multithreading enabled for timing update using a maximum of 2 CPUs
WARNING: [filemgmt 56-199] Attempt to get parsing info during refresh. "On-the-fly" syntax checking information may be incorrect. [C:\Users\eleves\Desktop\ES_FPGA\TP_ASCON\project_ascon\project_ascon.srcs\sources_1\new\top_ascon.sv:]
WARNING: [filemgmt 56-199] Attempt to get parsing info during refresh. "On-the-fly" syntax checking information may be incorrect. [C:\Users\eleves\Desktop\ES_FPGA\TP_ASCON\project_ascon\project_ascon.srcs\sources_1\imports\RTL\ascon.sv:]
WARNING: [filemgmt 56-199] Attempt to get parsing info during refresh. "On-the-fly" syntax checking information may be incorrect. [C:\Users\eleves\Desktop\ES_FPGA\TP_ASCON\project_ascon\project_ascon.srcs\sources_1\imports\RTL\ascon.sv:]
WARNING: [filemgmt 56-199] Attempt to get parsing info during refresh. "On-the-fly" syntax checking information may be incorrect. [C:\Users\eleves\Desktop\ES_FPGA\TP_ASCON\project_ascon\project_ascon.srcs\sources_1\imports\RTL\ascon.sv:]
ERROR: [Common 17-180] Spawn failed: No error
reset_simulation -simset sim_1 -mode post-synthesis -type timing
INFO: [Vivado 12-2266] Removing simulation data...
INFO: [Vivado 12-2267] Reset complete
WARNING: [filemgmt 56-199] Attempt to get parsing info during refresh. "On-the-fly" syntax checking information may be incorrect. [C:\Users\eleves\Desktop\ES_FPGA\TP_ASCON\project_ascon\project_ascon.srcs\sources_1\new\top_ascon.sv:]
WARNING: [filemgmt 56-199] Attempt to get parsing info during refresh. "On-the-fly" syntax checking information may be incorrect. [C:\Users\eleves\Desktop\ES_FPGA\TP_ASCON\project_ascon\project_ascon.srcs\sources_1\imports\RTL\ascon.sv:]
WARNING: [filemgmt 56-199] Attempt to get parsing info during refresh. "On-the-fly" syntax checking information may be incorrect. [C:\Users\eleves\Desktop\ES_FPGA\TP_ASCON\project_ascon\project_ascon.srcs\sources_1\imports\RTL\ascon.sv:]
WARNING: [filemgmt 56-199] Attempt to get parsing info during refresh. "On-the-fly" syntax checking information may be incorrect. [C:\Users\eleves\Desktop\ES_FPGA\TP_ASCON\project_ascon\project_ascon.srcs\sources_1\imports\RTL\ascon.sv:]
ERROR: [Common 17-180] Spawn failed: No error
close_design
WARNING: [filemgmt 56-199] Attempt to get parsing info during refresh. "On-the-fly" syntax checking information may be incorrect. [C:\Users\eleves\Desktop\ES_FPGA\TP_ASCON\project_ascon\project_ascon.srcs\sources_1\new\top_ascon.sv:]
WARNING: [filemgmt 56-199] Attempt to get parsing info during refresh. "On-the-fly" syntax checking information may be incorrect. [C:\Users\eleves\Desktop\ES_FPGA\TP_ASCON\project_ascon\project_ascon.srcs\sources_1\imports\RTL\ascon.sv:]
WARNING: [filemgmt 56-199] Attempt to get parsing info during refresh. "On-the-fly" syntax checking information may be incorrect. [C:\Users\eleves\Desktop\ES_FPGA\TP_ASCON\project_ascon\project_ascon.srcs\sources_1\imports\RTL\ascon.sv:]
WARNING: [filemgmt 56-199] Attempt to get parsing info during refresh. "On-the-fly" syntax checking information may be incorrect. [C:\Users\eleves\Desktop\ES_FPGA\TP_ASCON\project_ascon\project_ascon.srcs\sources_1\imports\RTL\ascon.sv:]
launch_simulation -mode post-synthesis -type timing
Command: launch_simulation  -mode post-synthesis -type timing
INFO: [Vivado 12-12493] Simulation top is 'top_ascon_tb_2'
WARNING: [Vivado 12-13340] Unable to auto find GCC executables from simulator install path! (path not set)
INFO: [Vivado 12-5698] Checking validity of IPs in the design for the 'XSim' simulator...
INFO: [Vivado 12-5682] Launching post-synthesis timing simulation in 'C:/Users/eleves/Desktop/ES_FPGA/TP_ASCON/project_ascon/project_ascon.sim/sim_1/synth/timing/xsim'
INFO: [Vivado 12-4795] Using compiled simulation libraries for IPs
INFO: [SIM-utils-51] Simulation object is 'sim_1'
INFO: [SIM-utils-72] Using boost library from 'C:/Xilinx/Vivado/2024.2/tps/boost_1_72_0'
Design is defaulting to impl run constrset: constrs_1
Design is defaulting to synth run part: xc7z020clg484-1
INFO: [Project 1-454] Reading design checkpoint 'c:/Users/eleves/Desktop/ES_FPGA/TP_ASCON/project_ascon/project_ascon.gen/sources_1/ip/clk_wiz_0/clk_wiz_0.dcp' for cell 'clock_100MHz'
INFO: [Project 1-454] Reading design checkpoint 'c:/Users/eleves/Desktop/ES_FPGA/TP_ASCON/project_ascon/project_ascon.gen/sources_1/ip/blk_mem_gen_0/blk_mem_gen_0.dcp' for cell 'memory_rom'
Netlist sorting complete. Time (s): cpu = 00:00:00 ; elapsed = 00:00:00.015 . Memory (MB): peak = 4254.066 ; gain = 0.000
INFO: [Netlist 29-17] Analyzing 18 Unisim elements for replacement
INFO: [Netlist 29-28] Unisim Transformation completed in 0 CPU seconds
INFO: [Project 1-479] Netlist was created with Vivado 2024.2
ERROR: [Common 17-180] Spawn failed: No error
INFO: [Project 1-570] Preparing netlist for logic optimization
WARNING: [filemgmt 56-199] Attempt to get parsing info during refresh. "On-the-fly" syntax checking information may be incorrect. [C:\Users\eleves\Desktop\ES_FPGA\TP_ASCON\project_ascon\project_ascon.srcs\sources_1\new\top_ascon.sv:]
WARNING: [filemgmt 56-199] Attempt to get parsing info during refresh. "On-the-fly" syntax checking information may be incorrect. [C:\Users\eleves\Desktop\ES_FPGA\TP_ASCON\project_ascon\project_ascon.srcs\sources_1\imports\RTL\ascon.sv:]
WARNING: [filemgmt 56-199] Attempt to get parsing info during refresh. "On-the-fly" syntax checking information may be incorrect. [C:\Users\eleves\Desktop\ES_FPGA\TP_ASCON\project_ascon\project_ascon.srcs\sources_1\imports\RTL\ascon.sv:]
WARNING: [filemgmt 56-199] Attempt to get parsing info during refresh. "On-the-fly" syntax checking information may be incorrect. [C:\Users\eleves\Desktop\ES_FPGA\TP_ASCON\project_ascon\project_ascon.srcs\sources_1\imports\RTL\ascon.sv:]
Parsing XDC File [c:/Users/eleves/Desktop/ES_FPGA/TP_ASCON/project_ascon/project_ascon.gen/sources_1/ip/clk_wiz_0/clk_wiz_0_board.xdc] for cell 'clock_100MHz/inst'
Finished Parsing XDC File [c:/Users/eleves/Desktop/ES_FPGA/TP_ASCON/project_ascon/project_ascon.gen/sources_1/ip/clk_wiz_0/clk_wiz_0_board.xdc] for cell 'clock_100MHz/inst'
Parsing XDC File [c:/Users/eleves/Desktop/ES_FPGA/TP_ASCON/project_ascon/project_ascon.gen/sources_1/ip/clk_wiz_0/clk_wiz_0.xdc] for cell 'clock_100MHz/inst'
INFO: [Timing 38-35] Done setting XDC timing constraints. [c:/Users/eleves/Desktop/ES_FPGA/TP_ASCON/project_ascon/project_ascon.gen/sources_1/ip/clk_wiz_0/clk_wiz_0.xdc:54]
INFO: [Timing 38-2] Deriving generated clocks [c:/Users/eleves/Desktop/ES_FPGA/TP_ASCON/project_ascon/project_ascon.gen/sources_1/ip/clk_wiz_0/clk_wiz_0.xdc:54]
Finished Parsing XDC File [c:/Users/eleves/Desktop/ES_FPGA/TP_ASCON/project_ascon/project_ascon.gen/sources_1/ip/clk_wiz_0/clk_wiz_0.xdc] for cell 'clock_100MHz/inst'
Parsing XDC File [C:/Users/eleves/Desktop/ES_FPGA/TP_ASCON/project_ascon/project_ascon.srcs/constrs_1/new/contrainte_top_ascon.xdc]
Finished Parsing XDC File [C:/Users/eleves/Desktop/ES_FPGA/TP_ASCON/project_ascon/project_ascon.srcs/constrs_1/new/contrainte_top_ascon.xdc]
INFO: [Opt 31-138] Pushed 0 inverter(s) to 0 load pin(s).
Netlist sorting complete. Time (s): cpu = 00:00:00 ; elapsed = 00:00:00 . Memory (MB): peak = 4254.066 ; gain = 0.000
INFO: [Project 1-111] Unisim Transformation Summary:
No Unisim elements were transformed.

ERROR: [Common 17-180] Spawn failed: No error
ERROR: [SIM-utils-69] No open design in memory! Please run 'Synthesis' from the GUI or execute 'launch_runs <synth>' command from the Tcl console before running post-synthesis netlist simulation.
INFO: [USF-XSim-7] Finding pre-compiled libraries...
INFO: [USF-XSim-11] File 'C:/Xilinx/Vivado/2024.2/data/xsim/xsim.ini' copied to run dir:'C:/Users/eleves/Desktop/ES_FPGA/TP_ASCON/project_ascon/project_ascon.sim/sim_1/synth/timing/xsim'
INFO: [SIM-utils-54] Inspecting design source files for 'top_ascon_tb_2' in fileset 'sim_1'...
INFO: [SIM-utils-43] Exported 'C:/Users/eleves/Desktop/ES_FPGA/TP_ASCON/project_ascon/project_ascon.sim/sim_1/synth/timing/xsim/blk_mem_gen_0.mif'
INFO: [SIM-utils-43] Exported 'C:/Users/eleves/Desktop/ES_FPGA/TP_ASCON/project_ascon/project_ascon.sim/sim_1/synth/timing/xsim/donnees.coe'
INFO: [USF-XSim-2] XSim::Compile design
INFO: [USF-XSim-61] Executing 'COMPILE and ANALYZE' step in 'C:/Users/eleves/Desktop/ES_FPGA/TP_ASCON/project_ascon/project_ascon.sim/sim_1/synth/timing/xsim'
"xvlog --incr --relax -L uvm -prj top_ascon_tb_2_vlog.prj"
INFO: [VRFC 10-2263] Analyzing SystemVerilog file "C:/Users/eleves/Desktop/ES_FPGA/TP_ASCON/project_ascon/project_ascon.srcs/sim_1/new/top_ascon_tb_2.sv" into library xil_defaultlib
INFO: [VRFC 10-311] analyzing module top_ascon_tb_2
INFO: [USF-XSim-69] 'compile' step finished in '2' seconds
INFO: [USF-XSim-3] XSim::Elaborate design
INFO: [USF-XSim-61] Executing 'ELABORATE' step in 'C:/Users/eleves/Desktop/ES_FPGA/TP_ASCON/project_ascon/project_ascon.sim/sim_1/synth/timing/xsim'
"xelab --incr --debug typical --relax --mt 2 --maxdelay -L xil_defaultlib -L uvm -L simprims_ver -L secureip --snapshot top_ascon_tb_2_time_synth -transport_int_delays -pulse_r 0 -pulse_int_r 0 -pulse_e 0 -pulse_int_e 0 xil_defaultlib.top_ascon_tb_2 xil_defaultlib.glbl -log elaborate.log"
Vivado Simulator v2024.2.0
Copyright 1986-2022 Xilinx, Inc. All Rights Reserved.
Copyright 2022-2024 Advanced Micro Devices, Inc. All Rights Reserved.
Running: C:/Xilinx/Vivado/2024.2/bin/unwrapped/win64.o/xelab.exe --incr --debug typical --relax --mt 2 --maxdelay -L xil_defaultlib -L uvm -L simprims_ver -L secureip --snapshot top_ascon_tb_2_time_synth -transport_int_delays -pulse_r 0 -pulse_int_r 0 -pulse_e 0 -pulse_int_e 0 xil_defaultlib.top_ascon_tb_2 xil_defaultlib.glbl -log elaborate.log 
Using 2 slave threads.
ERROR: [XSIM 43-3225] Cannot find design unit xil_defaultlib.glbl in library work located at xsim.dir/work.
INFO: [USF-XSim-69] 'elaborate' step finished in '2' seconds
INFO: [USF-XSim-99] Step results log file:'C:/Users/eleves/Desktop/ES_FPGA/TP_ASCON/project_ascon/project_ascon.sim/sim_1/synth/timing/xsim/elaborate.log'
ERROR: [USF-XSim-62] 'elaborate' step failed with error(s). Please check the Tcl console output or 'C:/Users/eleves/Desktop/ES_FPGA/TP_ASCON/project_ascon/project_ascon.sim/sim_1/synth/timing/xsim/elaborate.log' file for more information.
ERROR: [Vivado 12-4473] Detected error while running simulation. Please correct the issue and retry this operation.
launch_simulation: Time (s): cpu = 00:00:05 ; elapsed = 00:00:06 . Memory (MB): peak = 4254.066 ; gain = 0.000
ERROR: [Common 17-39] 'launch_simulation' failed due to earlier errors.
launch_simulation -mode post-synthesis -type functional
Command: launch_simulation  -mode post-synthesis -type functional
INFO: [Vivado 12-12493] Simulation top is 'top_ascon_tb_2'
WARNING: [Vivado 12-13340] Unable to auto find GCC executables from simulator install path! (path not set)
INFO: [Vivado 12-5698] Checking validity of IPs in the design for the 'XSim' simulator...
INFO: [Vivado 12-5682] Launching post-synthesis functional simulation in 'C:/Users/eleves/Desktop/ES_FPGA/TP_ASCON/project_ascon/project_ascon.sim/sim_1/synth/func/xsim'
INFO: [Vivado 12-4795] Using compiled simulation libraries for IPs
INFO: [SIM-utils-51] Simulation object is 'sim_1'
INFO: [SIM-utils-72] Using boost library from 'C:/Xilinx/Vivado/2024.2/tps/boost_1_72_0'
INFO: [SIM-utils-24] Writing simulation netlist file for design 'synth_1'...
INFO: [SIM-utils-25] write_verilog -mode funcsim -nolib -force -file "C:/Users/eleves/Desktop/ES_FPGA/TP_ASCON/project_ascon/project_ascon.sim/sim_1/synth/func/xsim/top_ascon_tb_2_func_synth.v"
INFO: [SIM-utils-36] Netlist generated:C:/Users/eleves/Desktop/ES_FPGA/TP_ASCON/project_ascon/project_ascon.sim/sim_1/synth/func/xsim/top_ascon_tb_2_func_synth.v
INFO: [USF-XSim-7] Finding pre-compiled libraries...
INFO: [USF-XSim-11] File 'C:/Xilinx/Vivado/2024.2/data/xsim/xsim.ini' copied to run dir:'C:/Users/eleves/Desktop/ES_FPGA/TP_ASCON/project_ascon/project_ascon.sim/sim_1/synth/func/xsim'
INFO: [SIM-utils-54] Inspecting design source files for 'top_ascon_tb_2' in fileset 'sim_1'...
INFO: [SIM-utils-43] Exported 'C:/Users/eleves/Desktop/ES_FPGA/TP_ASCON/project_ascon/project_ascon.sim/sim_1/synth/func/xsim/blk_mem_gen_0.mif'
INFO: [SIM-utils-43] Exported 'C:/Users/eleves/Desktop/ES_FPGA/TP_ASCON/project_ascon/project_ascon.sim/sim_1/synth/func/xsim/donnees.coe'
INFO: [USF-XSim-2] XSim::Compile design
WARNING: [filemgmt 56-199] Attempt to get parsing info during refresh. "On-the-fly" syntax checking information may be incorrect. [C:\Users\eleves\Desktop\ES_FPGA\TP_ASCON\project_ascon\project_ascon.srcs\sources_1\new\top_ascon.sv:]
WARNING: [filemgmt 56-199] Attempt to get parsing info during refresh. "On-the-fly" syntax checking information may be incorrect. [C:\Users\eleves\Desktop\ES_FPGA\TP_ASCON\project_ascon\project_ascon.srcs\sources_1\imports\RTL\ascon.sv:]
WARNING: [filemgmt 56-199] Attempt to get parsing info during refresh. "On-the-fly" syntax checking information may be incorrect. [C:\Users\eleves\Desktop\ES_FPGA\TP_ASCON\project_ascon\project_ascon.srcs\sources_1\imports\RTL\ascon.sv:]
WARNING: [filemgmt 56-199] Attempt to get parsing info during refresh. "On-the-fly" syntax checking information may be incorrect. [C:\Users\eleves\Desktop\ES_FPGA\TP_ASCON\project_ascon\project_ascon.srcs\sources_1\imports\RTL\ascon.sv:]
INFO: [USF-XSim-61] Executing 'COMPILE and ANALYZE' step in 'C:/Users/eleves/Desktop/ES_FPGA/TP_ASCON/project_ascon/project_ascon.sim/sim_1/synth/func/xsim'
ERROR: [Common 17-180] Spawn failed: No error
"xvlog --incr --relax -L uvm -prj top_ascon_tb_2_vlog.prj"
INFO: [VRFC 10-2263] Analyzing Verilog file "C:/Users/eleves/Desktop/ES_FPGA/TP_ASCON/project_ascon/project_ascon.sim/sim_1/synth/func/xsim/top_ascon_tb_2_func_synth.v" into library xil_defaultlib
INFO: [VRFC 10-311] analyzing module Permutation
INFO: [VRFC 10-311] analyzing module ascon
INFO: [VRFC 10-311] analyzing module blk_mem_gen_0
INFO: [VRFC 10-311] analyzing module clk_wiz_0
INFO: [VRFC 10-311] analyzing module clk_wiz_0_clk_wiz
INFO: [VRFC 10-311] analyzing module compteur_double_init
INFO: [VRFC 10-311] analyzing module fsm_moore
INFO: [VRFC 10-311] analyzing module fsm_top
INFO: [VRFC 10-311] analyzing module register_w_en
INFO: [VRFC 10-311] analyzing module register_w_en__parameterized0
INFO: [VRFC 10-311] analyzing module state_register_w_en
INFO: [VRFC 10-311] analyzing module top_ascon
INFO: [VRFC 10-311] analyzing module blk_mem_gen_0_blk_mem_gen_generic_cstr
INFO: [VRFC 10-311] analyzing module blk_mem_gen_0_blk_mem_gen_prim_width
INFO: [VRFC 10-311] analyzing module blk_mem_gen_0_blk_mem_gen_prim_wrapper_init
INFO: [VRFC 10-311] analyzing module blk_mem_gen_0_blk_mem_gen_top
INFO: [VRFC 10-311] analyzing module blk_mem_gen_0_blk_mem_gen_v8_4_9
INFO: [VRFC 10-311] analyzing module blk_mem_gen_0_blk_mem_gen_v8_4_9_synth
INFO: [VRFC 10-311] analyzing module glbl
INFO: [VRFC 10-2263] Analyzing SystemVerilog file "C:/Users/eleves/Desktop/ES_FPGA/TP_ASCON/project_ascon/project_ascon.srcs/sim_1/new/top_ascon_tb_2.sv" into library xil_defaultlib
INFO: [VRFC 10-311] analyzing module top_ascon_tb_2
INFO: [USF-XSim-69] 'compile' step finished in '2' seconds
ERROR: [USF-XSim-62] 'compile' step failed with error(s) while executing 'C:/Users/eleves/Desktop/ES_FPGA/TP_ASCON/project_ascon/project_ascon.sim/sim_1/synth/func/xsim/compile.bat' script. Please check that the file has the correct 'read/write/execute' permissions and the Tcl console output for any other possible errors or warnings.
ERROR: [Vivado 12-4473] Detected error while running simulation. Please correct the issue and retry this operation.
ERROR: [Common 17-39] 'launch_simulation' failed due to earlier errors.
launch_simulation -mode post-synthesis -type timing
Command: launch_simulation  -mode post-synthesis -type timing
INFO: [Vivado 12-12493] Simulation top is 'top_ascon_tb_2'
WARNING: [Vivado 12-13340] Unable to auto find GCC executables from simulator install path! (path not set)
INFO: [Vivado 12-5698] Checking validity of IPs in the design for the 'XSim' simulator...
INFO: [Vivado 12-5682] Launching post-synthesis timing simulation in 'C:/Users/eleves/Desktop/ES_FPGA/TP_ASCON/project_ascon/project_ascon.sim/sim_1/synth/timing/xsim'
INFO: [Vivado 12-4795] Using compiled simulation libraries for IPs
INFO: [SIM-utils-51] Simulation object is 'sim_1'
INFO: [SIM-utils-72] Using boost library from 'C:/Xilinx/Vivado/2024.2/tps/boost_1_72_0'
INFO: [SIM-utils-24] Writing simulation netlist file for design 'synth_1'...
INFO: [SIM-utils-25] write_verilog -mode timesim -nolib -sdf_anno true -force -file "C:/Users/eleves/Desktop/ES_FPGA/TP_ASCON/project_ascon/project_ascon.sim/sim_1/synth/timing/xsim/top_ascon_tb_2_time_synth.v"
INFO: [SIM-utils-27] Writing SDF file...
INFO: [SIM-utils-28] write_sdf -mode timesim -process_corner slow -force -file "C:/Users/eleves/Desktop/ES_FPGA/TP_ASCON/project_ascon/project_ascon.sim/sim_1/synth/timing/xsim/top_ascon_tb_2_time_synth.sdf"
WARNING: [filemgmt 56-199] Attempt to get parsing info during refresh. "On-the-fly" syntax checking information may be incorrect. [C:\Users\eleves\Desktop\ES_FPGA\TP_ASCON\project_ascon\project_ascon.srcs\sources_1\new\top_ascon.sv:]
WARNING: [filemgmt 56-199] Attempt to get parsing info during refresh. "On-the-fly" syntax checking information may be incorrect. [C:\Users\eleves\Desktop\ES_FPGA\TP_ASCON\project_ascon\project_ascon.srcs\sources_1\imports\RTL\ascon.sv:]
WARNING: [filemgmt 56-199] Attempt to get parsing info during refresh. "On-the-fly" syntax checking information may be incorrect. [C:\Users\eleves\Desktop\ES_FPGA\TP_ASCON\project_ascon\project_ascon.srcs\sources_1\imports\RTL\ascon.sv:]
WARNING: [filemgmt 56-199] Attempt to get parsing info during refresh. "On-the-fly" syntax checking information may be incorrect. [C:\Users\eleves\Desktop\ES_FPGA\TP_ASCON\project_ascon\project_ascon.srcs\sources_1\imports\RTL\ascon.sv:]
INFO: [SIM-utils-36] Netlist generated:C:/Users/eleves/Desktop/ES_FPGA/TP_ASCON/project_ascon/project_ascon.sim/sim_1/synth/timing/xsim/top_ascon_tb_2_time_synth.v
INFO: [SIM-utils-37] SDF generated:C:/Users/eleves/Desktop/ES_FPGA/TP_ASCON/project_ascon/project_ascon.sim/sim_1/synth/timing/xsim/top_ascon_tb_2_time_synth.sdf
INFO: [USF-XSim-7] Finding pre-compiled libraries...
INFO: [USF-XSim-11] File 'C:/Xilinx/Vivado/2024.2/data/xsim/xsim.ini' copied to run dir:'C:/Users/eleves/Desktop/ES_FPGA/TP_ASCON/project_ascon/project_ascon.sim/sim_1/synth/timing/xsim'
INFO: [SIM-utils-54] Inspecting design source files for 'top_ascon_tb_2' in fileset 'sim_1'...
INFO: [SIM-utils-43] Exported 'C:/Users/eleves/Desktop/ES_FPGA/TP_ASCON/project_ascon/project_ascon.sim/sim_1/synth/timing/xsim/blk_mem_gen_0.mif'
INFO: [SIM-utils-43] Exported 'C:/Users/eleves/Desktop/ES_FPGA/TP_ASCON/project_ascon/project_ascon.sim/sim_1/synth/timing/xsim/donnees.coe'
INFO: [USF-XSim-2] XSim::Compile design
INFO: [USF-XSim-61] Executing 'COMPILE and ANALYZE' step in 'C:/Users/eleves/Desktop/ES_FPGA/TP_ASCON/project_ascon/project_ascon.sim/sim_1/synth/timing/xsim'
ERROR: [Common 17-180] Spawn failed: No error
"xvlog --incr --relax -L uvm -prj top_ascon_tb_2_vlog.prj"
INFO: [VRFC 10-2263] Analyzing Verilog file "C:/Users/eleves/Desktop/ES_FPGA/TP_ASCON/project_ascon/project_ascon.sim/sim_1/synth/timing/xsim/top_ascon_tb_2_time_synth.v" into library xil_defaultlib
INFO: [VRFC 10-311] analyzing module Permutation
INFO: [VRFC 10-311] analyzing module ascon
INFO: [VRFC 10-311] analyzing module blk_mem_gen_0
INFO: [VRFC 10-311] analyzing module clk_wiz_0
INFO: [VRFC 10-311] analyzing module clk_wiz_0_clk_wiz
INFO: [VRFC 10-311] analyzing module compteur_double_init
INFO: [VRFC 10-311] analyzing module fsm_moore
INFO: [VRFC 10-311] analyzing module fsm_top
INFO: [VRFC 10-311] analyzing module register_w_en
INFO: [VRFC 10-311] analyzing module register_w_en__parameterized0
INFO: [VRFC 10-311] analyzing module state_register_w_en
INFO: [VRFC 10-311] analyzing module top_ascon
INFO: [VRFC 10-311] analyzing module blk_mem_gen_0_blk_mem_gen_generic_cstr
INFO: [VRFC 10-311] analyzing module blk_mem_gen_0_blk_mem_gen_prim_width
INFO: [VRFC 10-311] analyzing module blk_mem_gen_0_blk_mem_gen_prim_wrapper_init
INFO: [VRFC 10-311] analyzing module blk_mem_gen_0_blk_mem_gen_top
INFO: [VRFC 10-311] analyzing module blk_mem_gen_0_blk_mem_gen_v8_4_9
INFO: [VRFC 10-311] analyzing module blk_mem_gen_0_blk_mem_gen_v8_4_9_synth
INFO: [VRFC 10-311] analyzing module glbl
INFO: [USF-XSim-69] 'compile' step finished in '2' seconds
ERROR: [USF-XSim-62] 'compile' step failed with error(s) while executing 'C:/Users/eleves/Desktop/ES_FPGA/TP_ASCON/project_ascon/project_ascon.sim/sim_1/synth/timing/xsim/compile.bat' script. Please check that the file has the correct 'read/write/execute' permissions and the Tcl console output for any other possible errors or warnings.
ERROR: [Vivado 12-4473] Detected error while running simulation. Please correct the issue and retry this operation.
ERROR: [Common 17-39] 'launch_simulation' failed due to earlier errors.
launch_simulation -mode post-implementation -type functional
Command: launch_simulation  -mode post-implementation -type functional
INFO: [Vivado 12-12493] Simulation top is 'top_ascon_tb_2'
WARNING: [Vivado 12-13340] Unable to auto find GCC executables from simulator install path! (path not set)
INFO: [Vivado 12-5698] Checking validity of IPs in the design for the 'XSim' simulator...
INFO: [Vivado 12-5682] Launching post-implementation functional simulation in 'C:/Users/eleves/Desktop/ES_FPGA/TP_ASCON/project_ascon/project_ascon.sim/sim_1/impl/func/xsim'
INFO: [Vivado 12-4795] Using compiled simulation libraries for IPs
INFO: [SIM-utils-51] Simulation object is 'sim_1'
INFO: [SIM-utils-72] Using boost library from 'C:/Xilinx/Vivado/2024.2/tps/boost_1_72_0'
INFO: [SIM-utils-31] Writing simulation netlist file for design 'impl_1'...
INFO: [SIM-utils-32] write_verilog -mode funcsim -nolib -force -file "C:/Users/eleves/Desktop/ES_FPGA/TP_ASCON/project_ascon/project_ascon.sim/sim_1/impl/func/xsim/top_ascon_tb_2_func_impl.v"
INFO: [SIM-utils-36] Netlist generated:C:/Users/eleves/Desktop/ES_FPGA/TP_ASCON/project_ascon/project_ascon.sim/sim_1/impl/func/xsim/top_ascon_tb_2_func_impl.v
INFO: [USF-XSim-7] Finding pre-compiled libraries...
INFO: [USF-XSim-11] File 'C:/Xilinx/Vivado/2024.2/data/xsim/xsim.ini' copied to run dir:'C:/Users/eleves/Desktop/ES_FPGA/TP_ASCON/project_ascon/project_ascon.sim/sim_1/impl/func/xsim'
INFO: [SIM-utils-54] Inspecting design source files for 'top_ascon_tb_2' in fileset 'sim_1'...
INFO: [SIM-utils-43] Exported 'C:/Users/eleves/Desktop/ES_FPGA/TP_ASCON/project_ascon/project_ascon.sim/sim_1/impl/func/xsim/blk_mem_gen_0.mif'
INFO: [SIM-utils-43] Exported 'C:/Users/eleves/Desktop/ES_FPGA/TP_ASCON/project_ascon/project_ascon.sim/sim_1/impl/func/xsim/donnees.coe'
INFO: [USF-XSim-2] XSim::Compile design
WARNING: [filemgmt 56-199] Attempt to get parsing info during refresh. "On-the-fly" syntax checking information may be incorrect. [C:\Users\eleves\Desktop\ES_FPGA\TP_ASCON\project_ascon\project_ascon.srcs\sources_1\new\top_ascon.sv:]
WARNING: [filemgmt 56-199] Attempt to get parsing info during refresh. "On-the-fly" syntax checking information may be incorrect. [C:\Users\eleves\Desktop\ES_FPGA\TP_ASCON\project_ascon\project_ascon.srcs\sources_1\imports\RTL\ascon.sv:]
WARNING: [filemgmt 56-199] Attempt to get parsing info during refresh. "On-the-fly" syntax checking information may be incorrect. [C:\Users\eleves\Desktop\ES_FPGA\TP_ASCON\project_ascon\project_ascon.srcs\sources_1\imports\RTL\ascon.sv:]
WARNING: [filemgmt 56-199] Attempt to get parsing info during refresh. "On-the-fly" syntax checking information may be incorrect. [C:\Users\eleves\Desktop\ES_FPGA\TP_ASCON\project_ascon\project_ascon.srcs\sources_1\imports\RTL\ascon.sv:]
INFO: [USF-XSim-61] Executing 'COMPILE and ANALYZE' step in 'C:/Users/eleves/Desktop/ES_FPGA/TP_ASCON/project_ascon/project_ascon.sim/sim_1/impl/func/xsim'
"xvlog --incr --relax -L uvm -prj top_ascon_tb_2_vlog.prj"
ERROR: [Common 17-180] Spawn failed: No error
INFO: [VRFC 10-2263] Analyzing Verilog file "C:/Users/eleves/Desktop/ES_FPGA/TP_ASCON/project_ascon/project_ascon.sim/sim_1/impl/func/xsim/top_ascon_tb_2_func_impl.v" into library xil_defaultlib
INFO: [VRFC 10-311] analyzing module Permutation
INFO: [VRFC 10-311] analyzing module ascon
INFO: [VRFC 10-311] analyzing module blk_mem_gen_0
INFO: [VRFC 10-311] analyzing module clk_wiz_0
INFO: [VRFC 10-311] analyzing module clk_wiz_0_clk_wiz
INFO: [VRFC 10-311] analyzing module compteur_double_init
INFO: [VRFC 10-311] analyzing module fsm_moore
INFO: [VRFC 10-311] analyzing module fsm_top
INFO: [VRFC 10-311] analyzing module register_w_en
INFO: [VRFC 10-311] analyzing module register_w_en__parameterized0
INFO: [VRFC 10-311] analyzing module state_register_w_en
INFO: [VRFC 10-311] analyzing module top_ascon
INFO: [VRFC 10-311] analyzing module blk_mem_gen_0_blk_mem_gen_generic_cstr
INFO: [VRFC 10-311] analyzing module blk_mem_gen_0_blk_mem_gen_prim_width
INFO: [VRFC 10-311] analyzing module blk_mem_gen_0_blk_mem_gen_prim_wrapper_init
INFO: [VRFC 10-311] analyzing module blk_mem_gen_0_blk_mem_gen_top
INFO: [VRFC 10-311] analyzing module blk_mem_gen_0_blk_mem_gen_v8_4_9
INFO: [VRFC 10-311] analyzing module blk_mem_gen_0_blk_mem_gen_v8_4_9_synth
INFO: [VRFC 10-311] analyzing module glbl
INFO: [VRFC 10-2263] Analyzing SystemVerilog file "C:/Users/eleves/Desktop/ES_FPGA/TP_ASCON/project_ascon/project_ascon.srcs/sim_1/new/top_ascon_tb_2.sv" into library xil_defaultlib
INFO: [VRFC 10-311] analyzing module top_ascon_tb_2
INFO: [USF-XSim-69] 'compile' step finished in '2' seconds
ERROR: [USF-XSim-62] 'compile' step failed with error(s) while executing 'C:/Users/eleves/Desktop/ES_FPGA/TP_ASCON/project_ascon/project_ascon.sim/sim_1/impl/func/xsim/compile.bat' script. Please check that the file has the correct 'read/write/execute' permissions and the Tcl console output for any other possible errors or warnings.
ERROR: [Vivado 12-4473] Detected error while running simulation. Please correct the issue and retry this operation.
ERROR: [Common 17-39] 'launch_simulation' failed due to earlier errors.
current_design synth_1
report_timing_summary -delay_type min_max -report_unconstrained -check_timing_verbose -max_paths 10 -input_pins -routable_nets -name timing_1
INFO: [Timing 38-35] Done setting XDC timing constraints.
INFO: [Timing 38-91] UpdateTimingParams: Speed grade: -1, Delay Type: min_max.
INFO: [Timing 38-191] Multithreading enabled for timing update using a maximum of 2 CPUs
reset_run synth_1
INFO: [Project 1-1161] Replacing file C:/Users/eleves/Desktop/ES_FPGA/TP_ASCON/project_ascon/project_ascon.srcs/utils_1/imports/synth_1/ascon.dcp with file C:/Users/eleves/Desktop/ES_FPGA/TP_ASCON/project_ascon/project_ascon.runs/synth_1/top_ascon.dcp
WARNING: [Vivado 12-1017] Problems encountered:
1. Failed to delete one or more files in run directory C:/Users/eleves/Desktop/ES_FPGA/TP_ASCON/project_ascon/project_ascon.runs/synth_1

launch_runs synth_1 -jobs 12
[Mon Sep 22 15:54:48 2025] Launched synth_1...
Run output will be captured here: C:/Users/eleves/Desktop/ES_FPGA/TP_ASCON/project_ascon/project_ascon.runs/synth_1/runme.log
WARNING: [filemgmt 56-199] Attempt to get parsing info during refresh. "On-the-fly" syntax checking information may be incorrect. [C:\Users\eleves\Desktop\ES_FPGA\TP_ASCON\project_ascon\project_ascon.srcs\sources_1\new\top_ascon.sv:]
WARNING: [filemgmt 56-199] Attempt to get parsing info during refresh. "On-the-fly" syntax checking information may be incorrect. [C:\Users\eleves\Desktop\ES_FPGA\TP_ASCON\project_ascon\project_ascon.srcs\sources_1\imports\RTL\ascon.sv:]
WARNING: [filemgmt 56-199] Attempt to get parsing info during refresh. "On-the-fly" syntax checking information may be incorrect. [C:\Users\eleves\Desktop\ES_FPGA\TP_ASCON\project_ascon\project_ascon.srcs\sources_1\imports\RTL\ascon.sv:]
WARNING: [filemgmt 56-199] Attempt to get parsing info during refresh. "On-the-fly" syntax checking information may be incorrect. [C:\Users\eleves\Desktop\ES_FPGA\TP_ASCON\project_ascon\project_ascon.srcs\sources_1\imports\RTL\ascon.sv:]
ERROR: [Common 17-180] Spawn failed: No error
launch_runs impl_1 -jobs 12
WARNING: [Project 1-478] Design 'synth_1' is stale and will not be used when launching 'impl_1'
[Mon Sep 22 15:55:42 2025] Launched impl_1...
Run output will be captured here: C:/Users/eleves/Desktop/ES_FPGA/TP_ASCON/project_ascon/project_ascon.runs/impl_1/runme.log
report_timing_summary -delay_type min_max -report_unconstrained -check_timing_verbose -max_paths 10 -input_pins -routable_nets -name timing_2
INFO: [Timing 38-91] UpdateTimingParams: Speed grade: -1, Delay Type: min_max.
INFO: [Timing 38-191] Multithreading enabled for timing update using a maximum of 2 CPUs
current_design impl_1
report_timing_summary -delay_type min_max -report_unconstrained -check_timing_verbose -max_paths 10 -input_pins -routable_nets -name timing_2
INFO: [Timing 38-91] UpdateTimingParams: Speed grade: -1, Delay Type: min_max.
INFO: [Timing 38-191] Multithreading enabled for timing update using a maximum of 2 CPUs
current_design synth_1
refresh_design
INFO: [Project 1-454] Reading design checkpoint 'c:/Users/eleves/Desktop/ES_FPGA/TP_ASCON/project_ascon/project_ascon.gen/sources_1/ip/clk_wiz_0/clk_wiz_0.dcp' for cell 'clock_100MHz'
INFO: [Project 1-454] Reading design checkpoint 'c:/Users/eleves/Desktop/ES_FPGA/TP_ASCON/project_ascon/project_ascon.gen/sources_1/ip/blk_mem_gen_0/blk_mem_gen_0.dcp' for cell 'memory_rom'
Netlist sorting complete. Time (s): cpu = 00:00:00 ; elapsed = 00:00:00.016 . Memory (MB): peak = 4254.066 ; gain = 0.000
INFO: [Netlist 29-17] Analyzing 18 Unisim elements for replacement
INFO: [Netlist 29-28] Unisim Transformation completed in 0 CPU seconds
INFO: [Project 1-479] Netlist was created with Vivado 2024.2
INFO: [Project 1-570] Preparing netlist for logic optimization
Parsing XDC File [c:/Users/eleves/Desktop/ES_FPGA/TP_ASCON/project_ascon/project_ascon.gen/sources_1/ip/clk_wiz_0/clk_wiz_0_board.xdc] for cell 'clock_100MHz/inst'
Finished Parsing XDC File [c:/Users/eleves/Desktop/ES_FPGA/TP_ASCON/project_ascon/project_ascon.gen/sources_1/ip/clk_wiz_0/clk_wiz_0_board.xdc] for cell 'clock_100MHz/inst'
Parsing XDC File [c:/Users/eleves/Desktop/ES_FPGA/TP_ASCON/project_ascon/project_ascon.gen/sources_1/ip/clk_wiz_0/clk_wiz_0.xdc] for cell 'clock_100MHz/inst'
INFO: [Timing 38-35] Done setting XDC timing constraints. [c:/Users/eleves/Desktop/ES_FPGA/TP_ASCON/project_ascon/project_ascon.gen/sources_1/ip/clk_wiz_0/clk_wiz_0.xdc:54]
INFO: [Timing 38-2] Deriving generated clocks [c:/Users/eleves/Desktop/ES_FPGA/TP_ASCON/project_ascon/project_ascon.gen/sources_1/ip/clk_wiz_0/clk_wiz_0.xdc:54]
Finished Parsing XDC File [c:/Users/eleves/Desktop/ES_FPGA/TP_ASCON/project_ascon/project_ascon.gen/sources_1/ip/clk_wiz_0/clk_wiz_0.xdc] for cell 'clock_100MHz/inst'
Parsing XDC File [C:/Users/eleves/Desktop/ES_FPGA/TP_ASCON/project_ascon/project_ascon.srcs/constrs_1/new/contrainte_top_ascon.xdc]
Finished Parsing XDC File [C:/Users/eleves/Desktop/ES_FPGA/TP_ASCON/project_ascon/project_ascon.srcs/constrs_1/new/contrainte_top_ascon.xdc]
INFO: [Opt 31-138] Pushed 0 inverter(s) to 0 load pin(s).
current_design impl_1
report_timing_summary -delay_type min_max -report_unconstrained -check_timing_verbose -max_paths 10 -input_pins -routable_nets -name timing_3
INFO: [Timing 38-91] UpdateTimingParams: Speed grade: -1, Delay Type: min_max.
INFO: [Timing 38-191] Multithreading enabled for timing update using a maximum of 2 CPUs
current_design synth_1
report_timing_summary -delay_type min_max -report_unconstrained -check_timing_verbose -max_paths 10 -input_pins -routable_nets -name timing_1
INFO: [Timing 38-35] Done setting XDC timing constraints.
INFO: [Timing 38-91] UpdateTimingParams: Speed grade: -1, Delay Type: min_max.
INFO: [Timing 38-191] Multithreading enabled for timing update using a maximum of 2 CPUs
current_design impl_1
refresh_design
Netlist sorting complete. Time (s): cpu = 00:00:00 ; elapsed = 00:00:00.014 . Memory (MB): peak = 4254.066 ; gain = 0.000
INFO: [Netlist 29-17] Analyzing 18 Unisim elements for replacement
INFO: [Netlist 29-28] Unisim Transformation completed in 0 CPU seconds
INFO: [Project 1-479] Netlist was created with Vivado 2024.2
INFO: [Project 1-570] Preparing netlist for logic optimization
Read ShapeDB Complete: Time (s): cpu = 00:00:00 ; elapsed = 00:00:00.004 . Memory (MB): peak = 4254.066 ; gain = 0.000
INFO: [Timing 38-478] Restoring timing data from binary archive.
INFO: [Timing 38-479] Binary timing data restore complete.
INFO: [Project 1-856] Restoring constraints from binary archive.
INFO: [Project 1-853] Binary constraint restore complete.
INFO: [Designutils 20-5722] Start Reading Physical Databases.
Reading placement.
Read Netlist Cache: Time (s): cpu = 00:00:00 ; elapsed = 00:00:00.001 . Memory (MB): peak = 4254.066 ; gain = 0.000
Reading placer database...
Read Device Cache: Time (s): cpu = 00:00:00 ; elapsed = 00:00:00.013 . Memory (MB): peak = 4254.066 ; gain = 0.000
Read PlaceDB: Time (s): cpu = 00:00:00 ; elapsed = 00:00:00.042 . Memory (MB): peak = 4254.066 ; gain = 0.000
Read PulsedLatchDB: Time (s): cpu = 00:00:00 ; elapsed = 00:00:00 . Memory (MB): peak = 4254.066 ; gain = 0.000
Reading routing.
Read RouteStorage: Time (s): cpu = 00:00:00 ; elapsed = 00:00:00.025 . Memory (MB): peak = 4254.066 ; gain = 0.000
Read Physdb Files: Time (s): cpu = 00:00:00 ; elapsed = 00:00:00.091 . Memory (MB): peak = 4254.066 ; gain = 0.000
Restored from archive | CPU: 0.000000 secs | Memory: 0.000000 MB |
Finished XDEF File Restore: Time (s): cpu = 00:00:00 ; elapsed = 00:00:00.091 . Memory (MB): peak = 4254.066 ; gain = 0.000
launch_runs impl_1 -to_step write_bitstream -jobs 12
[Mon Sep 22 16:05:52 2025] Launched impl_1...
Run output will be captured here: C:/Users/eleves/Desktop/ES_FPGA/TP_ASCON/project_ascon/project_ascon.runs/impl_1/runme.log
open_hw_manager
connect_hw_server -allow_non_jtag
INFO: [Labtools 27-2285] Connecting to hw_server url TCP:localhost:3121
INFO: [Labtools 27-2222] Launching hw_server...
INFO: [Labtools 27-2221] Launch Output:

****** Xilinx hw_server v2024.2
  **** Build date : Oct 29 2024 at 10:25:41
    ** Copyright 1986-2022 Xilinx, Inc. All Rights Reserved.


INFO: [Labtools 27-3415] Connecting to cs_server url TCP:localhost:0
INFO: [Labtools 27-3417] Launching cs_server...
INFO: [Labtools 27-2221] Launch Output:


******** Xilinx cs_server v2024.2.0
  ****** Build date   : Oct 30 2024-19:19:07
    **** Build number : 2024.2.1730312347
      ** Copyright 2017-2022 Xilinx, Inc. All Rights Reserved.
      ** Copyright 2022-2025 Advanced Micro Devices, Inc. All Rights Reserved.



connect_hw_server: Time (s): cpu = 00:00:01 ; elapsed = 00:00:06 . Memory (MB): peak = 4254.066 ; gain = 0.000
open_hw_target
INFO: [Labtoolstcl 44-466] Opening hw_target localhost:3121/xilinx_tcf/Digilent/210248553281
set_property PROGRAM.FILE {C:/Users/eleves/Desktop/ES_FPGA/TP_ASCON/project_ascon/project_ascon.runs/impl_1/top_ascon.bit} [get_hw_devices xc7z020_1]
current_hw_device [get_hw_devices xc7z020_1]
refresh_hw_device -update_hw_probes false [lindex [get_hw_devices xc7z020_1] 0]
INFO: [Labtools 27-1435] Device xc7z020 (JTAG device index = 1) is not programmed (DONE status = 0).
set_property PROBES.FILE {} [get_hw_devices xc7z020_1]
set_property FULL_PROBES.FILE {} [get_hw_devices xc7z020_1]
set_property PROGRAM.FILE {C:/Users/eleves/Desktop/ES_FPGA/TP_ASCON/project_ascon/project_ascon.runs/impl_1/top_ascon.bit} [get_hw_devices xc7z020_1]
program_hw_devices [get_hw_devices xc7z020_1]
INFO: [Labtools 27-3164] End of startup status: HIGH
refresh_hw_device [lindex [get_hw_devices xc7z020_1] 0]
INFO: [Labtools 27-1434] Device xc7z020 (JTAG device index = 1) is programmed with a design that has no supported debug core(s) in it.
