#-----------------------------------------------------------
# Vivado v2024.2 (64-bit)
# SW Build 5239630 on Fri Nov 08 22:35:27 MST 2024
# IP Build 5239520 on Sun Nov 10 16:12:51 MST 2024
# SharedData Build 5239561 on Fri Nov 08 14:39:27 MST 2024
# Start of session at: Mon Sep 15 13:41:06 2025
# Process ID         : 1508
# Current directory  : C:/Users/eleves/Desktop/ES_FPGA/TP_ASCON/project_ascon
# Command line       : vivado.exe -gui_launcher_event rodinguilauncherevent6028 C:\Users\eleves\Desktop\ES_FPGA\TP_ASCON\project_ascon\project_ascon.xpr
# Log file           : C:/Users/eleves/Desktop/ES_FPGA/TP_ASCON/project_ascon/vivado.log
# Journal file       : C:/Users/eleves/Desktop/ES_FPGA/TP_ASCON/project_ascon\vivado.jou
# Running On         : GCP-E106-23
# Platform           : Windows Server 2016 or Windows 10
# Operating System   : 26100
# Processor Detail   : Intel(R) Core(TM) i5-10500 CPU @ 3.10GHz
# CPU Frequency      : 3096 MHz
# CPU Physical cores : 6
# CPU Logical cores  : 12
# Host memory        : 16474 MB
# Swap memory        : 16642 MB
# Total Virtual      : 33117 MB
# Available Virtual  : 26470 MB
#-----------------------------------------------------------
start_gui
open_project C:/Users/eleves/Desktop/ES_FPGA/TP_ASCON/project_ascon/project_ascon.xpr
WARNING: [Board 49-26] cannot add Board Part xilinx.com:zcu208ld:part0:2.0 available at C:/Xilinx/Vivado/2024.2/data/xhub/boards/XilinxBoardStore/boards/Xilinx/zcu208ld/production/2.0/board.xml as part xczu58dr-fsvg1517-2-i specified in board_part file is either invalid or not available
WARNING: [Board 49-26] cannot add Board Part xilinx.com:zcu216ld:part0:2.0 available at C:/Xilinx/Vivado/2024.2/data/xhub/boards/XilinxBoardStore/boards/Xilinx/zcu216ld/production/2.0/board.xml as part xczu59dr-ffvf1760-2-i specified in board_part file is either invalid or not available
WARNING: [Board 49-26] cannot add Board Part xilinx.com:zcu670ld:part0:1.0 available at C:/Xilinx/Vivado/2024.2/data/xhub/boards/XilinxBoardStore/boards/Xilinx/zcu670ld/1.0/board.xml as part xczu57dr-fsve1156-2-i specified in board_part file is either invalid or not available
INFO: [Project 1-313] Project file moved from 'E:/ES_FPGA/TP_ASCON/project_ascon' since last save.
Scanning sources...
Finished scanning sources
INFO: [IP_Flow 19-234] Refreshing IP repositories
INFO: [IP_Flow 19-1704] No user IP repositories specified
INFO: [IP_Flow 19-2313] Loaded Vivado IP repository 'C:/Xilinx/Vivado/2024.2/data/ip'.
open_project: Time (s): cpu = 00:00:14 ; elapsed = 00:00:07 . Memory (MB): peak = 1300.586 ; gain = 199.938
update_compile_order -fileset sources_1
launch_simulation
Command: launch_simulation 
INFO: [Vivado 12-12493] Simulation top is 'top_ascon_tb'
WARNING: [Vivado 12-13340] Unable to auto find GCC executables from simulator install path! (path not set)
INFO: [Vivado 12-5698] Checking validity of IPs in the design for the 'XSim' simulator...
INFO: [Vivado 12-5682] Launching behavioral simulation in 'C:/Users/eleves/Desktop/ES_FPGA/TP_ASCON/project_ascon/project_ascon.sim/sim_1/behav/xsim'
INFO: [Vivado 12-4795] Using compiled simulation libraries for IPs
INFO: [SIM-utils-51] Simulation object is 'sim_1'
INFO: [SIM-utils-72] Using boost library from 'C:/Xilinx/Vivado/2024.2/tps/boost_1_72_0'
INFO: [USF-XSim-7] Finding pre-compiled libraries...
INFO: [USF-XSim-11] File 'C:/Xilinx/Vivado/2024.2/data/xsim/xsim.ini' copied to run dir:'C:/Users/eleves/Desktop/ES_FPGA/TP_ASCON/project_ascon/project_ascon.sim/sim_1/behav/xsim'
INFO: [SIM-utils-54] Inspecting design source files for 'top_ascon_tb' in fileset 'sim_1'...
INFO: [USF-XSim-97] Finding global include files...
INFO: [USF-XSim-98] Fetching design files from 'sim_1'...
INFO: [USF-XSim-2] XSim::Compile design
INFO: [USF-XSim-61] Executing 'COMPILE and ANALYZE' step in 'C:/Users/eleves/Desktop/ES_FPGA/TP_ASCON/project_ascon/project_ascon.sim/sim_1/behav/xsim'
"xvlog --incr --relax -L uvm -prj top_ascon_tb_vlog.prj"
INFO: [VRFC 10-2263] Analyzing Verilog file "C:/Users/eleves/Desktop/ES_FPGA/TP_ASCON/project_ascon/project_ascon.gen/sources_1/ip/clk_wiz_0/clk_wiz_0_clk_wiz.v" into library xil_defaultlib
INFO: [VRFC 10-311] analyzing module clk_wiz_0_clk_wiz
INFO: [VRFC 10-2263] Analyzing Verilog file "C:/Users/eleves/Desktop/ES_FPGA/TP_ASCON/project_ascon/project_ascon.gen/sources_1/ip/clk_wiz_0/clk_wiz_0.v" into library xil_defaultlib
INFO: [VRFC 10-311] analyzing module clk_wiz_0
INFO: [VRFC 10-2263] Analyzing SystemVerilog file "C:/Users/eleves/Desktop/ES_FPGA/TP_ASCON/project_ascon/project_ascon.srcs/sources_1/imports/RTL/ascon_pack.sv" into library xil_defaultlib
INFO: [VRFC 10-2263] Analyzing SystemVerilog file "C:/Users/eleves/Desktop/ES_FPGA/TP_ASCON/project_ascon/project_ascon.srcs/sources_1/imports/RTL/Pc.sv" into library xil_defaultlib
INFO: [VRFC 10-311] analyzing module Pc
INFO: [VRFC 10-2263] Analyzing SystemVerilog file "C:/Users/eleves/Desktop/ES_FPGA/TP_ASCON/project_ascon/project_ascon.srcs/sources_1/imports/RTL/Permutation.sv" into library xil_defaultlib
INFO: [VRFC 10-311] analyzing module Permutation
INFO: [VRFC 10-2263] Analyzing SystemVerilog file "C:/Users/eleves/Desktop/ES_FPGA/TP_ASCON/project_ascon/project_ascon.srcs/sources_1/imports/RTL/Pl.sv" into library xil_defaultlib
INFO: [VRFC 10-311] analyzing module Pl
INFO: [VRFC 10-2263] Analyzing SystemVerilog file "C:/Users/eleves/Desktop/ES_FPGA/TP_ASCON/project_ascon/project_ascon.srcs/sources_1/imports/RTL/Ps.sv" into library xil_defaultlib
INFO: [VRFC 10-311] analyzing module Ps
INFO: [VRFC 10-2263] Analyzing SystemVerilog file "C:/Users/eleves/Desktop/ES_FPGA/TP_ASCON/project_ascon/project_ascon.srcs/sources_1/imports/RTL/Sbox.sv" into library xil_defaultlib
INFO: [VRFC 10-311] analyzing module sbox
INFO: [VRFC 10-2263] Analyzing SystemVerilog file "C:/Users/eleves/Desktop/ES_FPGA/TP_ASCON/project_ascon/project_ascon.srcs/sources_1/imports/RTL/ascon.sv" into library xil_defaultlib
INFO: [VRFC 10-311] analyzing module ascon
INFO: [VRFC 10-2263] Analyzing SystemVerilog file "C:/Users/eleves/Desktop/ES_FPGA/TP_ASCON/project_ascon/project_ascon.srcs/sources_1/imports/RTL/compteur_double_init.sv" into library xil_defaultlib
INFO: [VRFC 10-311] analyzing module compteur_double_init
INFO: [VRFC 10-2263] Analyzing SystemVerilog file "C:/Users/eleves/Desktop/ES_FPGA/TP_ASCON/project_ascon/project_ascon.srcs/sources_1/imports/RTL/fsm_moore.sv" into library xil_defaultlib
INFO: [VRFC 10-311] analyzing module fsm_moore
INFO: [VRFC 10-2263] Analyzing SystemVerilog file "C:/Users/eleves/Desktop/ES_FPGA/TP_ASCON/project_ascon/project_ascon.srcs/sources_1/imports/RTL/mux_state.sv" into library xil_defaultlib
INFO: [VRFC 10-311] analyzing module mux_state
INFO: [VRFC 10-2263] Analyzing SystemVerilog file "C:/Users/eleves/Desktop/ES_FPGA/TP_ASCON/project_ascon/project_ascon.srcs/sources_1/imports/RTL/register_w_en.sv" into library xil_defaultlib
INFO: [VRFC 10-311] analyzing module register_w_en
INFO: [VRFC 10-2263] Analyzing SystemVerilog file "C:/Users/eleves/Desktop/ES_FPGA/TP_ASCON/project_ascon/project_ascon.srcs/sources_1/imports/RTL/state_register_w_en.sv" into library xil_defaultlib
INFO: [VRFC 10-311] analyzing module state_register_w_en
INFO: [VRFC 10-2263] Analyzing SystemVerilog file "C:/Users/eleves/Desktop/ES_FPGA/TP_ASCON/project_ascon/project_ascon.srcs/sources_1/new/top_ascon.sv" into library xil_defaultlib
INFO: [VRFC 10-311] analyzing module top_ascon
INFO: [VRFC 10-2263] Analyzing SystemVerilog file "C:/Users/eleves/Desktop/ES_FPGA/TP_ASCON/project_ascon/project_ascon.srcs/sources_1/imports/RTL/xor_begin_perm.sv" into library xil_defaultlib
INFO: [VRFC 10-311] analyzing module xor_begin_perm
INFO: [VRFC 10-2263] Analyzing SystemVerilog file "C:/Users/eleves/Desktop/ES_FPGA/TP_ASCON/project_ascon/project_ascon.srcs/sources_1/imports/RTL/xor_end_perm.sv" into library xil_defaultlib
INFO: [VRFC 10-311] analyzing module xor_end_perm
INFO: [VRFC 10-2263] Analyzing SystemVerilog file "C:/Users/eleves/Desktop/ES_FPGA/TP_ASCON/project_ascon/project_ascon.srcs/sim_1/new/top_ascon_tb.sv" into library xil_defaultlib
INFO: [VRFC 10-311] analyzing module top_ascon_tb
INFO: [VRFC 10-2263] Analyzing Verilog file "C:/Users/eleves/Desktop/ES_FPGA/TP_ASCON/project_ascon/project_ascon.sim/sim_1/behav/xsim/glbl.v" into library xil_defaultlib
INFO: [VRFC 10-311] analyzing module glbl
INFO: [USF-XSim-69] 'compile' step finished in '4' seconds
INFO: [USF-XSim-3] XSim::Elaborate design
INFO: [USF-XSim-61] Executing 'ELABORATE' step in 'C:/Users/eleves/Desktop/ES_FPGA/TP_ASCON/project_ascon/project_ascon.sim/sim_1/behav/xsim'
"xelab --incr --debug typical --relax --mt 2 -L xil_defaultlib -L uvm -L unisims_ver -L unimacro_ver -L secureip -L xpm --snapshot top_ascon_tb_behav xil_defaultlib.top_ascon_tb xil_defaultlib.glbl -log elaborate.log"
Vivado Simulator v2024.2.0
Copyright 1986-2022 Xilinx, Inc. All Rights Reserved.
Copyright 2022-2024 Advanced Micro Devices, Inc. All Rights Reserved.
Running: C:/Xilinx/Vivado/2024.2/bin/unwrapped/win64.o/xelab.exe --incr --debug typical --relax --mt 2 -L xil_defaultlib -L uvm -L unisims_ver -L unimacro_ver -L secureip -L xpm --snapshot top_ascon_tb_behav xil_defaultlib.top_ascon_tb xil_defaultlib.glbl -log elaborate.log 
Using 2 slave threads.
Starting static elaboration
Pass Through NonSizing Optimizer
Completed static elaboration
Starting simulation data flow analysis
WARNING: [XSIM 43-4100] "C:/Users/eleves/Desktop/ES_FPGA/TP_ASCON/project_ascon/project_ascon.srcs/sim_1/new/top_ascon_tb.sv" Line 23. Module top_ascon_tb has a timescale but at least one module in design doesn't have timescale.
WARNING: [XSIM 43-4100] "C:/Users/eleves/Desktop/ES_FPGA/TP_ASCON/project_ascon/project_ascon.srcs/sources_1/new/top_ascon.sv" Line 23. Module top_ascon has a timescale but at least one module in design doesn't have timescale.
WARNING: [XSIM 43-4100] "C:/Users/eleves/Desktop/ES_FPGA/TP_ASCON/project_ascon/project_ascon.srcs/sources_1/imports/RTL/ascon.sv" Line 5. Module ascon has a timescale but at least one module in design doesn't have timescale.
WARNING: [XSIM 43-4100] "C:/Users/eleves/Desktop/ES_FPGA/TP_ASCON/project_ascon/project_ascon.srcs/sources_1/imports/RTL/fsm_moore.sv" Line 4. Module fsm_moore has a timescale but at least one module in design doesn't have timescale.
WARNING: [XSIM 43-4100] "C:/Users/eleves/Desktop/ES_FPGA/TP_ASCON/project_ascon/project_ascon.srcs/sources_1/imports/RTL/compteur_double_init.sv" Line 12. Module compteur_double_init has a timescale but at least one module in design doesn't have timescale.
WARNING: [XSIM 43-4100] "C:/Users/eleves/Desktop/ES_FPGA/TP_ASCON/project_ascon/project_ascon.srcs/sources_1/imports/RTL/mux_state.sv" Line 12. Module mux_state has a timescale but at least one module in design doesn't have timescale.
WARNING: [XSIM 43-4100] "C:/Users/eleves/Desktop/ES_FPGA/TP_ASCON/project_ascon/project_ascon.srcs/sources_1/imports/RTL/xor_begin_perm.sv" Line 12. Module xor_begin_perm has a timescale but at least one module in design doesn't have timescale.
WARNING: [XSIM 43-4100] "C:/Users/eleves/Desktop/ES_FPGA/TP_ASCON/project_ascon/project_ascon.srcs/sources_1/imports/RTL/register_w_en.sv" Line 12. Module register_w_en(nb_bits_g=64) has a timescale but at least one module in design doesn't have timescale.
WARNING: [XSIM 43-4100] "C:/Users/eleves/Desktop/ES_FPGA/TP_ASCON/project_ascon/project_ascon.srcs/sources_1/imports/RTL/xor_end_perm.sv" Line 12. Module xor_end_perm has a timescale but at least one module in design doesn't have timescale.
WARNING: [XSIM 43-4100] "C:/Users/eleves/Desktop/ES_FPGA/TP_ASCON/project_ascon/project_ascon.srcs/sources_1/imports/RTL/state_register_w_en.sv" Line 12. Module state_register_w_en has a timescale but at least one module in design doesn't have timescale.
WARNING: [XSIM 43-4100] "C:/Users/eleves/Desktop/ES_FPGA/TP_ASCON/project_ascon/project_ascon.srcs/sources_1/imports/RTL/register_w_en.sv" Line 12. Module register_w_en(nb_bits_g=128) has a timescale but at least one module in design doesn't have timescale.
WARNING: [XSIM 43-4100] "C:/Users/eleves/Desktop/ES_FPGA/TP_ASCON/project_ascon/project_ascon.gen/sources_1/ip/clk_wiz_0/clk_wiz_0.v" Line 65. Module clk_wiz_0 has a timescale but at least one module in design doesn't have timescale.
WARNING: [XSIM 43-4100] "C:/Users/eleves/Desktop/ES_FPGA/TP_ASCON/project_ascon/project_ascon.gen/sources_1/ip/clk_wiz_0/clk_wiz_0_clk_wiz.v" Line 65. Module clk_wiz_0_clk_wiz has a timescale but at least one module in design doesn't have timescale.
WARNING: [XSIM 43-4100] "/proj/xbuilds/SWIP/2024.2_1107_2045/installs/lin64/Vivado/2024.2/data/verilog/src/unisims/IBUF.v" Line 29. Module IBUF has a timescale but at least one module in design doesn't have timescale.
WARNING: [XSIM 43-4100] "/proj/xbuilds/SWIP/2024.2_1107_2045/installs/lin64/Vivado/2024.2/data/verilog/src/unisims/MMCME2_ADV.v" Line 123. Module MMCME2_ADV(CLKFBOUT_MULT_F=10.0,CLKIN1_PERIOD=10.0,CLKOUT0_DIVIDE_F=10.0) has a timescale but at least one module in design doesn't have timescale.
WARNING: [XSIM 43-4100] "/proj/xbuilds/SWIP/2024.2_1107_2045/installs/lin64/Vivado/2024.2/data/verilog/src/unisims/BUFG.v" Line 27. Module BUFG has a timescale but at least one module in design doesn't have timescale.
WARNING: [XSIM 43-4100] "/proj/xbuilds/SWIP/2024.2_1107_2045/installs/lin64/Vivado/2024.2/data/verilog/src/unisims/BUFG.v" Line 27. Module BUFG has a timescale but at least one module in design doesn't have timescale.
WARNING: [XSIM 43-4100] "C:/Users/eleves/Desktop/ES_FPGA/TP_ASCON/project_ascon/project_ascon.srcs/sim_1/new/top_ascon_tb.sv" Line 23. Module top_ascon_tb has a timescale but at least one module in design doesn't have timescale.
WARNING: [XSIM 43-4100] "C:/Users/eleves/Desktop/ES_FPGA/TP_ASCON/project_ascon/project_ascon.srcs/sources_1/new/top_ascon.sv" Line 23. Module top_ascon has a timescale but at least one module in design doesn't have timescale.
WARNING: [XSIM 43-4100] "C:/Users/eleves/Desktop/ES_FPGA/TP_ASCON/project_ascon/project_ascon.srcs/sources_1/imports/RTL/ascon.sv" Line 5. Module ascon has a timescale but at least one module in design doesn't have timescale.
WARNING: [XSIM 43-4100] "C:/Users/eleves/Desktop/ES_FPGA/TP_ASCON/project_ascon/project_ascon.srcs/sources_1/imports/RTL/fsm_moore.sv" Line 4. Module fsm_moore has a timescale but at least one module in design doesn't have timescale.
WARNING: [XSIM 43-4100] "C:/Users/eleves/Desktop/ES_FPGA/TP_ASCON/project_ascon/project_ascon.srcs/sources_1/imports/RTL/compteur_double_init.sv" Line 12. Module compteur_double_init has a timescale but at least one module in design doesn't have timescale.
WARNING: [XSIM 43-4100] "C:/Users/eleves/Desktop/ES_FPGA/TP_ASCON/project_ascon/project_ascon.srcs/sources_1/imports/RTL/mux_state.sv" Line 12. Module mux_state has a timescale but at least one module in design doesn't have timescale.
WARNING: [XSIM 43-4100] "C:/Users/eleves/Desktop/ES_FPGA/TP_ASCON/project_ascon/project_ascon.srcs/sources_1/imports/RTL/xor_begin_perm.sv" Line 12. Module xor_begin_perm has a timescale but at least one module in design doesn't have timescale.
WARNING: [XSIM 43-4100] "C:/Users/eleves/Desktop/ES_FPGA/TP_ASCON/project_ascon/project_ascon.srcs/sources_1/imports/RTL/register_w_en.sv" Line 12. Module register_w_en(nb_bits_g=64) has a timescale but at least one module in design doesn't have timescale.
WARNING: [XSIM 43-4100] "C:/Users/eleves/Desktop/ES_FPGA/TP_ASCON/project_ascon/project_ascon.srcs/sources_1/imports/RTL/xor_end_perm.sv" Line 12. Module xor_end_perm has a timescale but at least one module in design doesn't have timescale.
WARNING: [XSIM 43-4100] "C:/Users/eleves/Desktop/ES_FPGA/TP_ASCON/project_ascon/project_ascon.srcs/sources_1/imports/RTL/state_register_w_en.sv" Line 12. Module state_register_w_en has a timescale but at least one module in design doesn't have timescale.
WARNING: [XSIM 43-4100] "C:/Users/eleves/Desktop/ES_FPGA/TP_ASCON/project_ascon/project_ascon.srcs/sources_1/imports/RTL/register_w_en.sv" Line 12. Module register_w_en(nb_bits_g=128) has a timescale but at least one module in design doesn't have timescale.
WARNING: [XSIM 43-4100] "C:/Users/eleves/Desktop/ES_FPGA/TP_ASCON/project_ascon/project_ascon.gen/sources_1/ip/clk_wiz_0/clk_wiz_0.v" Line 65. Module clk_wiz_0 has a timescale but at least one module in design doesn't have timescale.
WARNING: [XSIM 43-4100] "C:/Users/eleves/Desktop/ES_FPGA/TP_ASCON/project_ascon/project_ascon.gen/sources_1/ip/clk_wiz_0/clk_wiz_0_clk_wiz.v" Line 65. Module clk_wiz_0_clk_wiz has a timescale but at least one module in design doesn't have timescale.
WARNING: [XSIM 43-4100] "/proj/xbuilds/SWIP/2024.2_1107_2045/installs/lin64/Vivado/2024.2/data/verilog/src/unisims/IBUF.v" Line 29. Module IBUF has a timescale but at least one module in design doesn't have timescale.
WARNING: [XSIM 43-4100] "/proj/xbuilds/SWIP/2024.2_1107_2045/installs/lin64/Vivado/2024.2/data/verilog/src/unisims/MMCME2_ADV.v" Line 123. Module MMCME2_ADV(CLKFBOUT_MULT_F=10.0,CLKIN1_PERIOD=10.0,CLKOUT0_DIVIDE_F=10.0) has a timescale but at least one module in design doesn't have timescale.
WARNING: [XSIM 43-4100] "/proj/xbuilds/SWIP/2024.2_1107_2045/installs/lin64/Vivado/2024.2/data/verilog/src/unisims/BUFG.v" Line 27. Module BUFG has a timescale but at least one module in design doesn't have timescale.
WARNING: [XSIM 43-4100] "/proj/xbuilds/SWIP/2024.2_1107_2045/installs/lin64/Vivado/2024.2/data/verilog/src/unisims/BUFG.v" Line 27. Module BUFG has a timescale but at least one module in design doesn't have timescale.
WARNING: [XSIM 43-4100] "C:/Users/eleves/Desktop/ES_FPGA/TP_ASCON/project_ascon/project_ascon.sim/sim_1/behav/xsim/glbl.v" Line 6. Module glbl has a timescale but at least one module in design doesn't have timescale.
WARNING: [XSIM 43-4100] "C:/Users/eleves/Desktop/ES_FPGA/TP_ASCON/project_ascon/project_ascon.sim/sim_1/behav/xsim/glbl.v" Line 6. Module glbl has a timescale but at least one module in design doesn't have timescale.
Completed simulation data flow analysis
Time Resolution for simulation is 1ps
Compiling package xil_defaultlib.ascon_pack
Compiling module xil_defaultlib.fsm_moore
Compiling module xil_defaultlib.compteur_double_init
Compiling module xil_defaultlib.mux_state
Compiling module xil_defaultlib.xor_begin_perm
Compiling module xil_defaultlib.register_w_en(nb_bits_g=64)
Compiling module xil_defaultlib.Pc
Compiling module xil_defaultlib.sbox
Compiling module xil_defaultlib.Ps_default
Compiling module xil_defaultlib.Pl
Compiling module xil_defaultlib.xor_end_perm
Compiling module xil_defaultlib.state_register_w_en
Compiling module xil_defaultlib.register_w_en(nb_bits_g=128)
Compiling module xil_defaultlib.Permutation
Compiling module xil_defaultlib.ascon
Compiling module unisims_ver.IBUF
Compiling module unisims_ver.MMCME2_ADV(CLKFBOUT_MULT_F=10.0,...
Compiling module unisims_ver.BUFG
Compiling module xil_defaultlib.clk_wiz_0_clk_wiz
Compiling module xil_defaultlib.clk_wiz_0
Compiling module xil_defaultlib.top_ascon
Compiling module xil_defaultlib.top_ascon_tb
Compiling module xil_defaultlib.glbl
Built simulation snapshot top_ascon_tb_behav
run_program: Time (s): cpu = 00:00:01 ; elapsed = 00:00:08 . Memory (MB): peak = 1305.070 ; gain = 0.000
INFO: [USF-XSim-69] 'elaborate' step finished in '8' seconds
INFO: [USF-XSim-4] XSim::Simulate design
INFO: [USF-XSim-61] Executing 'SIMULATE' step in 'C:/Users/eleves/Desktop/ES_FPGA/TP_ASCON/project_ascon/project_ascon.sim/sim_1/behav/xsim'
INFO: [USF-XSim-98] *** Running xsim
   with args "top_ascon_tb_behav -key {Behavioral:sim_1:Functional:top_ascon_tb} -tclbatch {top_ascon_tb.tcl} -log {simulate.log}"
INFO: [USF-XSim-8] Loading simulator feature
Time resolution is 1 ps
source top_ascon_tb.tcl
# set curr_wave [current_wave_config]
# if { [string length $curr_wave] == 0 } {
#   if { [llength [get_objects]] > 0} {
#     add_wave /
#     set_property needs_save false [current_wave_config]
#   } else {
#      send_msg_id Add_Wave-1 WARNING "No top level signals found. Simulator will start without a wave window. If you want to open a wave window go to 'File->New Waveform Configuration' or type 'create_wave_config' in the TCL console."
#   }
# }
# run 1000ns
reset du circuit
début du chiffrement
INFO: [USF-XSim-96] XSim completed. Design snapshot 'top_ascon_tb_behav' loaded.
INFO: [USF-XSim-97] XSim simulation ran for 1000ns
launch_simulation: Time (s): cpu = 00:00:06 ; elapsed = 00:00:16 . Memory (MB): peak = 1322.465 ; gain = 18.602
run 10 us
restart
INFO: [Wavedata 42-604] Simulation restarted
run 10 us
reset du circuit
début du chiffrement
restart
INFO: [Wavedata 42-604] Simulation restarted
run 10 us
reset du circuit
début du chiffrement
close_sim
INFO: [Simtcl 6-16] Simulation closed
launch_simulation
Command: launch_simulation 
INFO: [Vivado 12-12493] Simulation top is 'top_ascon_tb'
WARNING: [Vivado 12-13340] Unable to auto find GCC executables from simulator install path! (path not set)
INFO: [Vivado 12-5698] Checking validity of IPs in the design for the 'XSim' simulator...
INFO: [Vivado 12-5682] Launching behavioral simulation in 'C:/Users/eleves/Desktop/ES_FPGA/TP_ASCON/project_ascon/project_ascon.sim/sim_1/behav/xsim'
INFO: [Vivado 12-4795] Using compiled simulation libraries for IPs
INFO: [SIM-utils-51] Simulation object is 'sim_1'
INFO: [SIM-utils-72] Using boost library from 'C:/Xilinx/Vivado/2024.2/tps/boost_1_72_0'
INFO: [USF-XSim-7] Finding pre-compiled libraries...
INFO: [USF-XSim-11] File 'C:/Xilinx/Vivado/2024.2/data/xsim/xsim.ini' copied to run dir:'C:/Users/eleves/Desktop/ES_FPGA/TP_ASCON/project_ascon/project_ascon.sim/sim_1/behav/xsim'
INFO: [SIM-utils-54] Inspecting design source files for 'top_ascon_tb' in fileset 'sim_1'...
INFO: [USF-XSim-97] Finding global include files...
INFO: [USF-XSim-98] Fetching design files from 'sim_1'...
INFO: [USF-XSim-2] XSim::Compile design
INFO: [USF-XSim-61] Executing 'COMPILE and ANALYZE' step in 'C:/Users/eleves/Desktop/ES_FPGA/TP_ASCON/project_ascon/project_ascon.sim/sim_1/behav/xsim'
"xvlog --incr --relax -L uvm -prj top_ascon_tb_vlog.prj"
INFO: [VRFC 10-2263] Analyzing SystemVerilog file "C:/Users/eleves/Desktop/ES_FPGA/TP_ASCON/project_ascon/project_ascon.srcs/sources_1/imports/RTL/ascon_pack.sv" into library xil_defaultlib
INFO: [VRFC 10-2263] Analyzing SystemVerilog file "C:/Users/eleves/Desktop/ES_FPGA/TP_ASCON/project_ascon/project_ascon.srcs/sources_1/imports/RTL/Pc.sv" into library xil_defaultlib
INFO: [VRFC 10-311] analyzing module Pc
INFO: [VRFC 10-2263] Analyzing SystemVerilog file "C:/Users/eleves/Desktop/ES_FPGA/TP_ASCON/project_ascon/project_ascon.srcs/sources_1/imports/RTL/Permutation.sv" into library xil_defaultlib
INFO: [VRFC 10-311] analyzing module Permutation
INFO: [VRFC 10-2263] Analyzing SystemVerilog file "C:/Users/eleves/Desktop/ES_FPGA/TP_ASCON/project_ascon/project_ascon.srcs/sources_1/imports/RTL/Pl.sv" into library xil_defaultlib
INFO: [VRFC 10-311] analyzing module Pl
INFO: [VRFC 10-2263] Analyzing SystemVerilog file "C:/Users/eleves/Desktop/ES_FPGA/TP_ASCON/project_ascon/project_ascon.srcs/sources_1/imports/RTL/Ps.sv" into library xil_defaultlib
INFO: [VRFC 10-311] analyzing module Ps
INFO: [VRFC 10-2263] Analyzing SystemVerilog file "C:/Users/eleves/Desktop/ES_FPGA/TP_ASCON/project_ascon/project_ascon.srcs/sources_1/imports/RTL/Sbox.sv" into library xil_defaultlib
INFO: [VRFC 10-311] analyzing module sbox
INFO: [VRFC 10-2263] Analyzing SystemVerilog file "C:/Users/eleves/Desktop/ES_FPGA/TP_ASCON/project_ascon/project_ascon.srcs/sources_1/imports/RTL/ascon.sv" into library xil_defaultlib
INFO: [VRFC 10-311] analyzing module ascon
INFO: [VRFC 10-2263] Analyzing SystemVerilog file "C:/Users/eleves/Desktop/ES_FPGA/TP_ASCON/project_ascon/project_ascon.srcs/sources_1/imports/RTL/compteur_double_init.sv" into library xil_defaultlib
INFO: [VRFC 10-311] analyzing module compteur_double_init
INFO: [VRFC 10-2263] Analyzing SystemVerilog file "C:/Users/eleves/Desktop/ES_FPGA/TP_ASCON/project_ascon/project_ascon.srcs/sources_1/imports/RTL/fsm_moore.sv" into library xil_defaultlib
INFO: [VRFC 10-311] analyzing module fsm_moore
INFO: [VRFC 10-2263] Analyzing SystemVerilog file "C:/Users/eleves/Desktop/ES_FPGA/TP_ASCON/project_ascon/project_ascon.srcs/sources_1/imports/RTL/mux_state.sv" into library xil_defaultlib
INFO: [VRFC 10-311] analyzing module mux_state
INFO: [VRFC 10-2263] Analyzing SystemVerilog file "C:/Users/eleves/Desktop/ES_FPGA/TP_ASCON/project_ascon/project_ascon.srcs/sources_1/imports/RTL/register_w_en.sv" into library xil_defaultlib
INFO: [VRFC 10-311] analyzing module register_w_en
INFO: [VRFC 10-2263] Analyzing SystemVerilog file "C:/Users/eleves/Desktop/ES_FPGA/TP_ASCON/project_ascon/project_ascon.srcs/sources_1/imports/RTL/state_register_w_en.sv" into library xil_defaultlib
INFO: [VRFC 10-311] analyzing module state_register_w_en
INFO: [VRFC 10-2263] Analyzing SystemVerilog file "C:/Users/eleves/Desktop/ES_FPGA/TP_ASCON/project_ascon/project_ascon.srcs/sources_1/new/top_ascon.sv" into library xil_defaultlib
INFO: [VRFC 10-311] analyzing module top_ascon
INFO: [VRFC 10-2263] Analyzing SystemVerilog file "C:/Users/eleves/Desktop/ES_FPGA/TP_ASCON/project_ascon/project_ascon.srcs/sources_1/imports/RTL/xor_begin_perm.sv" into library xil_defaultlib
INFO: [VRFC 10-311] analyzing module xor_begin_perm
INFO: [VRFC 10-2263] Analyzing SystemVerilog file "C:/Users/eleves/Desktop/ES_FPGA/TP_ASCON/project_ascon/project_ascon.srcs/sources_1/imports/RTL/xor_end_perm.sv" into library xil_defaultlib
INFO: [VRFC 10-311] analyzing module xor_end_perm
INFO: [VRFC 10-2263] Analyzing SystemVerilog file "C:/Users/eleves/Desktop/ES_FPGA/TP_ASCON/project_ascon/project_ascon.srcs/sim_1/new/top_ascon_tb.sv" into library xil_defaultlib
INFO: [VRFC 10-311] analyzing module top_ascon_tb
INFO: [USF-XSim-69] 'compile' step finished in '2' seconds
INFO: [USF-XSim-3] XSim::Elaborate design
INFO: [USF-XSim-61] Executing 'ELABORATE' step in 'C:/Users/eleves/Desktop/ES_FPGA/TP_ASCON/project_ascon/project_ascon.sim/sim_1/behav/xsim'
"xelab --incr --debug typical --relax --mt 2 -L xil_defaultlib -L uvm -L unisims_ver -L unimacro_ver -L secureip -L xpm --snapshot top_ascon_tb_behav xil_defaultlib.top_ascon_tb xil_defaultlib.glbl -log elaborate.log"
Vivado Simulator v2024.2.0
Copyright 1986-2022 Xilinx, Inc. All Rights Reserved.
Copyright 2022-2024 Advanced Micro Devices, Inc. All Rights Reserved.
Running: C:/Xilinx/Vivado/2024.2/bin/unwrapped/win64.o/xelab.exe --incr --debug typical --relax --mt 2 -L xil_defaultlib -L uvm -L unisims_ver -L unimacro_ver -L secureip -L xpm --snapshot top_ascon_tb_behav xil_defaultlib.top_ascon_tb xil_defaultlib.glbl -log elaborate.log 
Using 2 slave threads.
Starting static elaboration
Pass Through NonSizing Optimizer
Completed static elaboration
Starting simulation data flow analysis
WARNING: [XSIM 43-4100] "C:/Users/eleves/Desktop/ES_FPGA/TP_ASCON/project_ascon/project_ascon.srcs/sim_1/new/top_ascon_tb.sv" Line 23. Module top_ascon_tb has a timescale but at least one module in design doesn't have timescale.
WARNING: [XSIM 43-4100] "C:/Users/eleves/Desktop/ES_FPGA/TP_ASCON/project_ascon/project_ascon.srcs/sources_1/new/top_ascon.sv" Line 23. Module top_ascon has a timescale but at least one module in design doesn't have timescale.
WARNING: [XSIM 43-4100] "C:/Users/eleves/Desktop/ES_FPGA/TP_ASCON/project_ascon/project_ascon.srcs/sources_1/imports/RTL/ascon.sv" Line 5. Module ascon has a timescale but at least one module in design doesn't have timescale.
WARNING: [XSIM 43-4100] "C:/Users/eleves/Desktop/ES_FPGA/TP_ASCON/project_ascon/project_ascon.srcs/sources_1/imports/RTL/fsm_moore.sv" Line 4. Module fsm_moore has a timescale but at least one module in design doesn't have timescale.
WARNING: [XSIM 43-4100] "C:/Users/eleves/Desktop/ES_FPGA/TP_ASCON/project_ascon/project_ascon.srcs/sources_1/imports/RTL/compteur_double_init.sv" Line 12. Module compteur_double_init has a timescale but at least one module in design doesn't have timescale.
WARNING: [XSIM 43-4100] "C:/Users/eleves/Desktop/ES_FPGA/TP_ASCON/project_ascon/project_ascon.srcs/sources_1/imports/RTL/mux_state.sv" Line 12. Module mux_state has a timescale but at least one module in design doesn't have timescale.
WARNING: [XSIM 43-4100] "C:/Users/eleves/Desktop/ES_FPGA/TP_ASCON/project_ascon/project_ascon.srcs/sources_1/imports/RTL/xor_begin_perm.sv" Line 12. Module xor_begin_perm has a timescale but at least one module in design doesn't have timescale.
WARNING: [XSIM 43-4100] "C:/Users/eleves/Desktop/ES_FPGA/TP_ASCON/project_ascon/project_ascon.srcs/sources_1/imports/RTL/register_w_en.sv" Line 12. Module register_w_en(nb_bits_g=64) has a timescale but at least one module in design doesn't have timescale.
WARNING: [XSIM 43-4100] "C:/Users/eleves/Desktop/ES_FPGA/TP_ASCON/project_ascon/project_ascon.srcs/sources_1/imports/RTL/xor_end_perm.sv" Line 12. Module xor_end_perm has a timescale but at least one module in design doesn't have timescale.
WARNING: [XSIM 43-4100] "C:/Users/eleves/Desktop/ES_FPGA/TP_ASCON/project_ascon/project_ascon.srcs/sources_1/imports/RTL/state_register_w_en.sv" Line 12. Module state_register_w_en has a timescale but at least one module in design doesn't have timescale.
WARNING: [XSIM 43-4100] "C:/Users/eleves/Desktop/ES_FPGA/TP_ASCON/project_ascon/project_ascon.srcs/sources_1/imports/RTL/register_w_en.sv" Line 12. Module register_w_en(nb_bits_g=128) has a timescale but at least one module in design doesn't have timescale.
WARNING: [XSIM 43-4100] "C:/Users/eleves/Desktop/ES_FPGA/TP_ASCON/project_ascon/project_ascon.gen/sources_1/ip/clk_wiz_0/clk_wiz_0.v" Line 65. Module clk_wiz_0 has a timescale but at least one module in design doesn't have timescale.
WARNING: [XSIM 43-4100] "C:/Users/eleves/Desktop/ES_FPGA/TP_ASCON/project_ascon/project_ascon.gen/sources_1/ip/clk_wiz_0/clk_wiz_0_clk_wiz.v" Line 65. Module clk_wiz_0_clk_wiz has a timescale but at least one module in design doesn't have timescale.
WARNING: [XSIM 43-4100] "/proj/xbuilds/SWIP/2024.2_1107_2045/installs/lin64/Vivado/2024.2/data/verilog/src/unisims/IBUF.v" Line 29. Module IBUF has a timescale but at least one module in design doesn't have timescale.
WARNING: [XSIM 43-4100] "/proj/xbuilds/SWIP/2024.2_1107_2045/installs/lin64/Vivado/2024.2/data/verilog/src/unisims/MMCME2_ADV.v" Line 123. Module MMCME2_ADV(CLKFBOUT_MULT_F=10.0,CLKIN1_PERIOD=10.0,CLKOUT0_DIVIDE_F=10.0) has a timescale but at least one module in design doesn't have timescale.
WARNING: [XSIM 43-4100] "/proj/xbuilds/SWIP/2024.2_1107_2045/installs/lin64/Vivado/2024.2/data/verilog/src/unisims/BUFG.v" Line 27. Module BUFG has a timescale but at least one module in design doesn't have timescale.
WARNING: [XSIM 43-4100] "/proj/xbuilds/SWIP/2024.2_1107_2045/installs/lin64/Vivado/2024.2/data/verilog/src/unisims/BUFG.v" Line 27. Module BUFG has a timescale but at least one module in design doesn't have timescale.
WARNING: [XSIM 43-4100] "C:/Users/eleves/Desktop/ES_FPGA/TP_ASCON/project_ascon/project_ascon.srcs/sim_1/new/top_ascon_tb.sv" Line 23. Module top_ascon_tb has a timescale but at least one module in design doesn't have timescale.
WARNING: [XSIM 43-4100] "C:/Users/eleves/Desktop/ES_FPGA/TP_ASCON/project_ascon/project_ascon.srcs/sources_1/new/top_ascon.sv" Line 23. Module top_ascon has a timescale but at least one module in design doesn't have timescale.
WARNING: [XSIM 43-4100] "C:/Users/eleves/Desktop/ES_FPGA/TP_ASCON/project_ascon/project_ascon.srcs/sources_1/imports/RTL/ascon.sv" Line 5. Module ascon has a timescale but at least one module in design doesn't have timescale.
WARNING: [XSIM 43-4100] "C:/Users/eleves/Desktop/ES_FPGA/TP_ASCON/project_ascon/project_ascon.srcs/sources_1/imports/RTL/fsm_moore.sv" Line 4. Module fsm_moore has a timescale but at least one module in design doesn't have timescale.
WARNING: [XSIM 43-4100] "C:/Users/eleves/Desktop/ES_FPGA/TP_ASCON/project_ascon/project_ascon.srcs/sources_1/imports/RTL/compteur_double_init.sv" Line 12. Module compteur_double_init has a timescale but at least one module in design doesn't have timescale.
WARNING: [XSIM 43-4100] "C:/Users/eleves/Desktop/ES_FPGA/TP_ASCON/project_ascon/project_ascon.srcs/sources_1/imports/RTL/mux_state.sv" Line 12. Module mux_state has a timescale but at least one module in design doesn't have timescale.
WARNING: [XSIM 43-4100] "C:/Users/eleves/Desktop/ES_FPGA/TP_ASCON/project_ascon/project_ascon.srcs/sources_1/imports/RTL/xor_begin_perm.sv" Line 12. Module xor_begin_perm has a timescale but at least one module in design doesn't have timescale.
WARNING: [XSIM 43-4100] "C:/Users/eleves/Desktop/ES_FPGA/TP_ASCON/project_ascon/project_ascon.srcs/sources_1/imports/RTL/register_w_en.sv" Line 12. Module register_w_en(nb_bits_g=64) has a timescale but at least one module in design doesn't have timescale.
WARNING: [XSIM 43-4100] "C:/Users/eleves/Desktop/ES_FPGA/TP_ASCON/project_ascon/project_ascon.srcs/sources_1/imports/RTL/xor_end_perm.sv" Line 12. Module xor_end_perm has a timescale but at least one module in design doesn't have timescale.
WARNING: [XSIM 43-4100] "C:/Users/eleves/Desktop/ES_FPGA/TP_ASCON/project_ascon/project_ascon.srcs/sources_1/imports/RTL/state_register_w_en.sv" Line 12. Module state_register_w_en has a timescale but at least one module in design doesn't have timescale.
WARNING: [XSIM 43-4100] "C:/Users/eleves/Desktop/ES_FPGA/TP_ASCON/project_ascon/project_ascon.srcs/sources_1/imports/RTL/register_w_en.sv" Line 12. Module register_w_en(nb_bits_g=128) has a timescale but at least one module in design doesn't have timescale.
WARNING: [XSIM 43-4100] "C:/Users/eleves/Desktop/ES_FPGA/TP_ASCON/project_ascon/project_ascon.gen/sources_1/ip/clk_wiz_0/clk_wiz_0.v" Line 65. Module clk_wiz_0 has a timescale but at least one module in design doesn't have timescale.
WARNING: [XSIM 43-4100] "C:/Users/eleves/Desktop/ES_FPGA/TP_ASCON/project_ascon/project_ascon.gen/sources_1/ip/clk_wiz_0/clk_wiz_0_clk_wiz.v" Line 65. Module clk_wiz_0_clk_wiz has a timescale but at least one module in design doesn't have timescale.
WARNING: [XSIM 43-4100] "/proj/xbuilds/SWIP/2024.2_1107_2045/installs/lin64/Vivado/2024.2/data/verilog/src/unisims/IBUF.v" Line 29. Module IBUF has a timescale but at least one module in design doesn't have timescale.
WARNING: [XSIM 43-4100] "/proj/xbuilds/SWIP/2024.2_1107_2045/installs/lin64/Vivado/2024.2/data/verilog/src/unisims/MMCME2_ADV.v" Line 123. Module MMCME2_ADV(CLKFBOUT_MULT_F=10.0,CLKIN1_PERIOD=10.0,CLKOUT0_DIVIDE_F=10.0) has a timescale but at least one module in design doesn't have timescale.
WARNING: [XSIM 43-4100] "/proj/xbuilds/SWIP/2024.2_1107_2045/installs/lin64/Vivado/2024.2/data/verilog/src/unisims/BUFG.v" Line 27. Module BUFG has a timescale but at least one module in design doesn't have timescale.
WARNING: [XSIM 43-4100] "/proj/xbuilds/SWIP/2024.2_1107_2045/installs/lin64/Vivado/2024.2/data/verilog/src/unisims/BUFG.v" Line 27. Module BUFG has a timescale but at least one module in design doesn't have timescale.
WARNING: [XSIM 43-4100] "C:/Users/eleves/Desktop/ES_FPGA/TP_ASCON/project_ascon/project_ascon.sim/sim_1/behav/xsim/glbl.v" Line 6. Module glbl has a timescale but at least one module in design doesn't have timescale.
WARNING: [XSIM 43-4100] "C:/Users/eleves/Desktop/ES_FPGA/TP_ASCON/project_ascon/project_ascon.sim/sim_1/behav/xsim/glbl.v" Line 6. Module glbl has a timescale but at least one module in design doesn't have timescale.
Completed simulation data flow analysis
Time Resolution for simulation is 1ps
Compiling package xil_defaultlib.ascon_pack
Compiling module xil_defaultlib.fsm_moore
Compiling module xil_defaultlib.compteur_double_init
Compiling module xil_defaultlib.mux_state
Compiling module xil_defaultlib.xor_begin_perm
Compiling module xil_defaultlib.register_w_en(nb_bits_g=64)
Compiling module xil_defaultlib.Pc
Compiling module xil_defaultlib.sbox
Compiling module xil_defaultlib.Ps_default
Compiling module xil_defaultlib.Pl
Compiling module xil_defaultlib.xor_end_perm
Compiling module xil_defaultlib.state_register_w_en
Compiling module xil_defaultlib.register_w_en(nb_bits_g=128)
Compiling module xil_defaultlib.Permutation
Compiling module xil_defaultlib.ascon
Compiling module unisims_ver.IBUF
Compiling module unisims_ver.MMCME2_ADV(CLKFBOUT_MULT_F=10.0,...
Compiling module unisims_ver.BUFG
Compiling module xil_defaultlib.clk_wiz_0_clk_wiz
Compiling module xil_defaultlib.clk_wiz_0
Compiling module xil_defaultlib.top_ascon
Compiling module xil_defaultlib.top_ascon_tb
Compiling module xil_defaultlib.glbl
Built simulation snapshot top_ascon_tb_behav
run_program: Time (s): cpu = 00:00:01 ; elapsed = 00:00:08 . Memory (MB): peak = 1621.676 ; gain = 0.000
INFO: [USF-XSim-69] 'elaborate' step finished in '8' seconds
INFO: [USF-XSim-4] XSim::Simulate design
INFO: [USF-XSim-61] Executing 'SIMULATE' step in 'C:/Users/eleves/Desktop/ES_FPGA/TP_ASCON/project_ascon/project_ascon.sim/sim_1/behav/xsim'
INFO: [USF-XSim-98] *** Running xsim
   with args "top_ascon_tb_behav -key {Behavioral:sim_1:Functional:top_ascon_tb} -tclbatch {top_ascon_tb.tcl} -log {simulate.log}"
INFO: [USF-XSim-8] Loading simulator feature
Time resolution is 1 ps
source top_ascon_tb.tcl
# set curr_wave [current_wave_config]
# if { [string length $curr_wave] == 0 } {
#   if { [llength [get_objects]] > 0} {
#     add_wave /
#     set_property needs_save false [current_wave_config]
#   } else {
#      send_msg_id Add_Wave-1 WARNING "No top level signals found. Simulator will start without a wave window. If you want to open a wave window go to 'File->New Waveform Configuration' or type 'create_wave_config' in the TCL console."
#   }
# }
# run 1000ns
reset du circuit
début du chiffrement
fin de la phase d'initialisation
INFO: [USF-XSim-96] XSim completed. Design snapshot 'top_ascon_tb_behav' loaded.
INFO: [USF-XSim-97] XSim simulation ran for 1000ns
launch_simulation: Time (s): cpu = 00:00:04 ; elapsed = 00:00:14 . Memory (MB): peak = 1621.676 ; gain = 0.000
restart
INFO: [Wavedata 42-604] Simulation restarted
run 10 us
reset du circuit
début du chiffrement
fin de la phase d'initialisation
fin de la phase de traitement des données associées
fin de la phase de traitement du premier bloc de données
fin de la phase de traitement du deuxieme bloc de données
restart
INFO: [Wavedata 42-604] Simulation restarted
run 10 us
reset du circuit
début du chiffrement
fin de la phase d'initialisation
fin de la phase de traitement des données associées
fin de la phase de traitement du premier bloc de données
fin de la phase de traitement du deuxieme bloc de données
restart
INFO: [Wavedata 42-604] Simulation restarted
run 10 us
reset du circuit
début du chiffrement
fin de la phase d'initialisation
fin de la phase de traitement des données associées
fin de la phase de traitement du premier bloc de données
fin de la phase de traitement du deuxieme bloc de données
close_sim
INFO: [Simtcl 6-16] Simulation closed
launch_simulation
Command: launch_simulation 
INFO: [Vivado 12-12493] Simulation top is 'top_ascon_tb'
WARNING: [Vivado 12-13340] Unable to auto find GCC executables from simulator install path! (path not set)
INFO: [Vivado 12-5698] Checking validity of IPs in the design for the 'XSim' simulator...
INFO: [Vivado 12-5682] Launching behavioral simulation in 'C:/Users/eleves/Desktop/ES_FPGA/TP_ASCON/project_ascon/project_ascon.sim/sim_1/behav/xsim'
INFO: [Vivado 12-4795] Using compiled simulation libraries for IPs
INFO: [SIM-utils-51] Simulation object is 'sim_1'
INFO: [SIM-utils-72] Using boost library from 'C:/Xilinx/Vivado/2024.2/tps/boost_1_72_0'
INFO: [USF-XSim-7] Finding pre-compiled libraries...
INFO: [USF-XSim-11] File 'C:/Xilinx/Vivado/2024.2/data/xsim/xsim.ini' copied to run dir:'C:/Users/eleves/Desktop/ES_FPGA/TP_ASCON/project_ascon/project_ascon.sim/sim_1/behav/xsim'
INFO: [SIM-utils-54] Inspecting design source files for 'top_ascon_tb' in fileset 'sim_1'...
INFO: [USF-XSim-97] Finding global include files...
INFO: [USF-XSim-98] Fetching design files from 'sim_1'...
INFO: [USF-XSim-2] XSim::Compile design
INFO: [USF-XSim-61] Executing 'COMPILE and ANALYZE' step in 'C:/Users/eleves/Desktop/ES_FPGA/TP_ASCON/project_ascon/project_ascon.sim/sim_1/behav/xsim'
"xvlog --incr --relax -L uvm -prj top_ascon_tb_vlog.prj"
INFO: [VRFC 10-2263] Analyzing SystemVerilog file "C:/Users/eleves/Desktop/ES_FPGA/TP_ASCON/project_ascon/project_ascon.srcs/sources_1/imports/RTL/ascon_pack.sv" into library xil_defaultlib
INFO: [VRFC 10-2263] Analyzing SystemVerilog file "C:/Users/eleves/Desktop/ES_FPGA/TP_ASCON/project_ascon/project_ascon.srcs/sources_1/imports/RTL/Pc.sv" into library xil_defaultlib
INFO: [VRFC 10-311] analyzing module Pc
INFO: [VRFC 10-2263] Analyzing SystemVerilog file "C:/Users/eleves/Desktop/ES_FPGA/TP_ASCON/project_ascon/project_ascon.srcs/sources_1/imports/RTL/Permutation.sv" into library xil_defaultlib
INFO: [VRFC 10-311] analyzing module Permutation
INFO: [VRFC 10-2263] Analyzing SystemVerilog file "C:/Users/eleves/Desktop/ES_FPGA/TP_ASCON/project_ascon/project_ascon.srcs/sources_1/imports/RTL/Pl.sv" into library xil_defaultlib
INFO: [VRFC 10-311] analyzing module Pl
INFO: [VRFC 10-2263] Analyzing SystemVerilog file "C:/Users/eleves/Desktop/ES_FPGA/TP_ASCON/project_ascon/project_ascon.srcs/sources_1/imports/RTL/Ps.sv" into library xil_defaultlib
INFO: [VRFC 10-311] analyzing module Ps
INFO: [VRFC 10-2263] Analyzing SystemVerilog file "C:/Users/eleves/Desktop/ES_FPGA/TP_ASCON/project_ascon/project_ascon.srcs/sources_1/imports/RTL/Sbox.sv" into library xil_defaultlib
INFO: [VRFC 10-311] analyzing module sbox
INFO: [VRFC 10-2263] Analyzing SystemVerilog file "C:/Users/eleves/Desktop/ES_FPGA/TP_ASCON/project_ascon/project_ascon.srcs/sources_1/imports/RTL/ascon.sv" into library xil_defaultlib
INFO: [VRFC 10-311] analyzing module ascon
INFO: [VRFC 10-2263] Analyzing SystemVerilog file "C:/Users/eleves/Desktop/ES_FPGA/TP_ASCON/project_ascon/project_ascon.srcs/sources_1/imports/RTL/compteur_double_init.sv" into library xil_defaultlib
INFO: [VRFC 10-311] analyzing module compteur_double_init
INFO: [VRFC 10-2263] Analyzing SystemVerilog file "C:/Users/eleves/Desktop/ES_FPGA/TP_ASCON/project_ascon/project_ascon.srcs/sources_1/imports/RTL/fsm_moore.sv" into library xil_defaultlib
INFO: [VRFC 10-311] analyzing module fsm_moore
INFO: [VRFC 10-2263] Analyzing SystemVerilog file "C:/Users/eleves/Desktop/ES_FPGA/TP_ASCON/project_ascon/project_ascon.srcs/sources_1/imports/RTL/mux_state.sv" into library xil_defaultlib
INFO: [VRFC 10-311] analyzing module mux_state
INFO: [VRFC 10-2263] Analyzing SystemVerilog file "C:/Users/eleves/Desktop/ES_FPGA/TP_ASCON/project_ascon/project_ascon.srcs/sources_1/imports/RTL/register_w_en.sv" into library xil_defaultlib
INFO: [VRFC 10-311] analyzing module register_w_en
INFO: [VRFC 10-2263] Analyzing SystemVerilog file "C:/Users/eleves/Desktop/ES_FPGA/TP_ASCON/project_ascon/project_ascon.srcs/sources_1/imports/RTL/state_register_w_en.sv" into library xil_defaultlib
INFO: [VRFC 10-311] analyzing module state_register_w_en
INFO: [VRFC 10-2263] Analyzing SystemVerilog file "C:/Users/eleves/Desktop/ES_FPGA/TP_ASCON/project_ascon/project_ascon.srcs/sources_1/new/top_ascon.sv" into library xil_defaultlib
INFO: [VRFC 10-311] analyzing module top_ascon
INFO: [VRFC 10-2263] Analyzing SystemVerilog file "C:/Users/eleves/Desktop/ES_FPGA/TP_ASCON/project_ascon/project_ascon.srcs/sources_1/imports/RTL/xor_begin_perm.sv" into library xil_defaultlib
INFO: [VRFC 10-311] analyzing module xor_begin_perm
INFO: [VRFC 10-2263] Analyzing SystemVerilog file "C:/Users/eleves/Desktop/ES_FPGA/TP_ASCON/project_ascon/project_ascon.srcs/sources_1/imports/RTL/xor_end_perm.sv" into library xil_defaultlib
INFO: [VRFC 10-311] analyzing module xor_end_perm
INFO: [VRFC 10-2263] Analyzing SystemVerilog file "C:/Users/eleves/Desktop/ES_FPGA/TP_ASCON/project_ascon/project_ascon.srcs/sim_1/new/top_ascon_tb.sv" into library xil_defaultlib
INFO: [VRFC 10-311] analyzing module top_ascon_tb
run_program: Time (s): cpu = 00:00:00 ; elapsed = 00:00:05 . Memory (MB): peak = 2386.805 ; gain = 0.000
INFO: [USF-XSim-69] 'compile' step finished in '5' seconds
INFO: [USF-XSim-3] XSim::Elaborate design
INFO: [USF-XSim-61] Executing 'ELABORATE' step in 'C:/Users/eleves/Desktop/ES_FPGA/TP_ASCON/project_ascon/project_ascon.sim/sim_1/behav/xsim'
"xelab --incr --debug typical --relax --mt 2 -L xil_defaultlib -L uvm -L unisims_ver -L unimacro_ver -L secureip -L xpm --snapshot top_ascon_tb_behav xil_defaultlib.top_ascon_tb xil_defaultlib.glbl -log elaborate.log"
Vivado Simulator v2024.2.0
Copyright 1986-2022 Xilinx, Inc. All Rights Reserved.
Copyright 2022-2024 Advanced Micro Devices, Inc. All Rights Reserved.
Running: C:/Xilinx/Vivado/2024.2/bin/unwrapped/win64.o/xelab.exe --incr --debug typical --relax --mt 2 -L xil_defaultlib -L uvm -L unisims_ver -L unimacro_ver -L secureip -L xpm --snapshot top_ascon_tb_behav xil_defaultlib.top_ascon_tb xil_defaultlib.glbl -log elaborate.log 
Using 2 slave threads.
Starting static elaboration
Pass Through NonSizing Optimizer
Completed static elaboration
Starting simulation data flow analysis
WARNING: [XSIM 43-4100] "C:/Users/eleves/Desktop/ES_FPGA/TP_ASCON/project_ascon/project_ascon.srcs/sim_1/new/top_ascon_tb.sv" Line 23. Module top_ascon_tb has a timescale but at least one module in design doesn't have timescale.
WARNING: [XSIM 43-4100] "C:/Users/eleves/Desktop/ES_FPGA/TP_ASCON/project_ascon/project_ascon.srcs/sources_1/new/top_ascon.sv" Line 23. Module top_ascon has a timescale but at least one module in design doesn't have timescale.
WARNING: [XSIM 43-4100] "C:/Users/eleves/Desktop/ES_FPGA/TP_ASCON/project_ascon/project_ascon.srcs/sources_1/imports/RTL/ascon.sv" Line 5. Module ascon has a timescale but at least one module in design doesn't have timescale.
WARNING: [XSIM 43-4100] "C:/Users/eleves/Desktop/ES_FPGA/TP_ASCON/project_ascon/project_ascon.srcs/sources_1/imports/RTL/fsm_moore.sv" Line 4. Module fsm_moore has a timescale but at least one module in design doesn't have timescale.
WARNING: [XSIM 43-4100] "C:/Users/eleves/Desktop/ES_FPGA/TP_ASCON/project_ascon/project_ascon.srcs/sources_1/imports/RTL/compteur_double_init.sv" Line 12. Module compteur_double_init has a timescale but at least one module in design doesn't have timescale.
WARNING: [XSIM 43-4100] "C:/Users/eleves/Desktop/ES_FPGA/TP_ASCON/project_ascon/project_ascon.srcs/sources_1/imports/RTL/mux_state.sv" Line 12. Module mux_state has a timescale but at least one module in design doesn't have timescale.
WARNING: [XSIM 43-4100] "C:/Users/eleves/Desktop/ES_FPGA/TP_ASCON/project_ascon/project_ascon.srcs/sources_1/imports/RTL/xor_begin_perm.sv" Line 12. Module xor_begin_perm has a timescale but at least one module in design doesn't have timescale.
WARNING: [XSIM 43-4100] "C:/Users/eleves/Desktop/ES_FPGA/TP_ASCON/project_ascon/project_ascon.srcs/sources_1/imports/RTL/register_w_en.sv" Line 12. Module register_w_en(nb_bits_g=64) has a timescale but at least one module in design doesn't have timescale.
WARNING: [XSIM 43-4100] "C:/Users/eleves/Desktop/ES_FPGA/TP_ASCON/project_ascon/project_ascon.srcs/sources_1/imports/RTL/xor_end_perm.sv" Line 12. Module xor_end_perm has a timescale but at least one module in design doesn't have timescale.
WARNING: [XSIM 43-4100] "C:/Users/eleves/Desktop/ES_FPGA/TP_ASCON/project_ascon/project_ascon.srcs/sources_1/imports/RTL/state_register_w_en.sv" Line 12. Module state_register_w_en has a timescale but at least one module in design doesn't have timescale.
WARNING: [XSIM 43-4100] "C:/Users/eleves/Desktop/ES_FPGA/TP_ASCON/project_ascon/project_ascon.srcs/sources_1/imports/RTL/register_w_en.sv" Line 12. Module register_w_en(nb_bits_g=128) has a timescale but at least one module in design doesn't have timescale.
WARNING: [XSIM 43-4100] "C:/Users/eleves/Desktop/ES_FPGA/TP_ASCON/project_ascon/project_ascon.gen/sources_1/ip/clk_wiz_0/clk_wiz_0.v" Line 65. Module clk_wiz_0 has a timescale but at least one module in design doesn't have timescale.
WARNING: [XSIM 43-4100] "C:/Users/eleves/Desktop/ES_FPGA/TP_ASCON/project_ascon/project_ascon.gen/sources_1/ip/clk_wiz_0/clk_wiz_0_clk_wiz.v" Line 65. Module clk_wiz_0_clk_wiz has a timescale but at least one module in design doesn't have timescale.
WARNING: [XSIM 43-4100] "/proj/xbuilds/SWIP/2024.2_1107_2045/installs/lin64/Vivado/2024.2/data/verilog/src/unisims/IBUF.v" Line 29. Module IBUF has a timescale but at least one module in design doesn't have timescale.
WARNING: [XSIM 43-4100] "/proj/xbuilds/SWIP/2024.2_1107_2045/installs/lin64/Vivado/2024.2/data/verilog/src/unisims/MMCME2_ADV.v" Line 123. Module MMCME2_ADV(CLKFBOUT_MULT_F=10.0,CLKIN1_PERIOD=10.0,CLKOUT0_DIVIDE_F=10.0) has a timescale but at least one module in design doesn't have timescale.
WARNING: [XSIM 43-4100] "/proj/xbuilds/SWIP/2024.2_1107_2045/installs/lin64/Vivado/2024.2/data/verilog/src/unisims/BUFG.v" Line 27. Module BUFG has a timescale but at least one module in design doesn't have timescale.
WARNING: [XSIM 43-4100] "/proj/xbuilds/SWIP/2024.2_1107_2045/installs/lin64/Vivado/2024.2/data/verilog/src/unisims/BUFG.v" Line 27. Module BUFG has a timescale but at least one module in design doesn't have timescale.
WARNING: [XSIM 43-4100] "C:/Users/eleves/Desktop/ES_FPGA/TP_ASCON/project_ascon/project_ascon.srcs/sim_1/new/top_ascon_tb.sv" Line 23. Module top_ascon_tb has a timescale but at least one module in design doesn't have timescale.
WARNING: [XSIM 43-4100] "C:/Users/eleves/Desktop/ES_FPGA/TP_ASCON/project_ascon/project_ascon.srcs/sources_1/new/top_ascon.sv" Line 23. Module top_ascon has a timescale but at least one module in design doesn't have timescale.
WARNING: [XSIM 43-4100] "C:/Users/eleves/Desktop/ES_FPGA/TP_ASCON/project_ascon/project_ascon.srcs/sources_1/imports/RTL/ascon.sv" Line 5. Module ascon has a timescale but at least one module in design doesn't have timescale.
WARNING: [XSIM 43-4100] "C:/Users/eleves/Desktop/ES_FPGA/TP_ASCON/project_ascon/project_ascon.srcs/sources_1/imports/RTL/fsm_moore.sv" Line 4. Module fsm_moore has a timescale but at least one module in design doesn't have timescale.
WARNING: [XSIM 43-4100] "C:/Users/eleves/Desktop/ES_FPGA/TP_ASCON/project_ascon/project_ascon.srcs/sources_1/imports/RTL/compteur_double_init.sv" Line 12. Module compteur_double_init has a timescale but at least one module in design doesn't have timescale.
WARNING: [XSIM 43-4100] "C:/Users/eleves/Desktop/ES_FPGA/TP_ASCON/project_ascon/project_ascon.srcs/sources_1/imports/RTL/mux_state.sv" Line 12. Module mux_state has a timescale but at least one module in design doesn't have timescale.
WARNING: [XSIM 43-4100] "C:/Users/eleves/Desktop/ES_FPGA/TP_ASCON/project_ascon/project_ascon.srcs/sources_1/imports/RTL/xor_begin_perm.sv" Line 12. Module xor_begin_perm has a timescale but at least one module in design doesn't have timescale.
WARNING: [XSIM 43-4100] "C:/Users/eleves/Desktop/ES_FPGA/TP_ASCON/project_ascon/project_ascon.srcs/sources_1/imports/RTL/register_w_en.sv" Line 12. Module register_w_en(nb_bits_g=64) has a timescale but at least one module in design doesn't have timescale.
WARNING: [XSIM 43-4100] "C:/Users/eleves/Desktop/ES_FPGA/TP_ASCON/project_ascon/project_ascon.srcs/sources_1/imports/RTL/xor_end_perm.sv" Line 12. Module xor_end_perm has a timescale but at least one module in design doesn't have timescale.
WARNING: [XSIM 43-4100] "C:/Users/eleves/Desktop/ES_FPGA/TP_ASCON/project_ascon/project_ascon.srcs/sources_1/imports/RTL/state_register_w_en.sv" Line 12. Module state_register_w_en has a timescale but at least one module in design doesn't have timescale.
WARNING: [XSIM 43-4100] "C:/Users/eleves/Desktop/ES_FPGA/TP_ASCON/project_ascon/project_ascon.srcs/sources_1/imports/RTL/register_w_en.sv" Line 12. Module register_w_en(nb_bits_g=128) has a timescale but at least one module in design doesn't have timescale.
WARNING: [XSIM 43-4100] "C:/Users/eleves/Desktop/ES_FPGA/TP_ASCON/project_ascon/project_ascon.gen/sources_1/ip/clk_wiz_0/clk_wiz_0.v" Line 65. Module clk_wiz_0 has a timescale but at least one module in design doesn't have timescale.
WARNING: [XSIM 43-4100] "C:/Users/eleves/Desktop/ES_FPGA/TP_ASCON/project_ascon/project_ascon.gen/sources_1/ip/clk_wiz_0/clk_wiz_0_clk_wiz.v" Line 65. Module clk_wiz_0_clk_wiz has a timescale but at least one module in design doesn't have timescale.
WARNING: [XSIM 43-4100] "/proj/xbuilds/SWIP/2024.2_1107_2045/installs/lin64/Vivado/2024.2/data/verilog/src/unisims/IBUF.v" Line 29. Module IBUF has a timescale but at least one module in design doesn't have timescale.
WARNING: [XSIM 43-4100] "/proj/xbuilds/SWIP/2024.2_1107_2045/installs/lin64/Vivado/2024.2/data/verilog/src/unisims/MMCME2_ADV.v" Line 123. Module MMCME2_ADV(CLKFBOUT_MULT_F=10.0,CLKIN1_PERIOD=10.0,CLKOUT0_DIVIDE_F=10.0) has a timescale but at least one module in design doesn't have timescale.
WARNING: [XSIM 43-4100] "/proj/xbuilds/SWIP/2024.2_1107_2045/installs/lin64/Vivado/2024.2/data/verilog/src/unisims/BUFG.v" Line 27. Module BUFG has a timescale but at least one module in design doesn't have timescale.
WARNING: [XSIM 43-4100] "/proj/xbuilds/SWIP/2024.2_1107_2045/installs/lin64/Vivado/2024.2/data/verilog/src/unisims/BUFG.v" Line 27. Module BUFG has a timescale but at least one module in design doesn't have timescale.
WARNING: [XSIM 43-4100] "C:/Users/eleves/Desktop/ES_FPGA/TP_ASCON/project_ascon/project_ascon.sim/sim_1/behav/xsim/glbl.v" Line 6. Module glbl has a timescale but at least one module in design doesn't have timescale.
WARNING: [XSIM 43-4100] "C:/Users/eleves/Desktop/ES_FPGA/TP_ASCON/project_ascon/project_ascon.sim/sim_1/behav/xsim/glbl.v" Line 6. Module glbl has a timescale but at least one module in design doesn't have timescale.
Completed simulation data flow analysis
Time Resolution for simulation is 1ps
Compiling package xil_defaultlib.ascon_pack
Compiling module xil_defaultlib.fsm_moore
Compiling module xil_defaultlib.compteur_double_init
Compiling module xil_defaultlib.mux_state
Compiling module xil_defaultlib.xor_begin_perm
Compiling module xil_defaultlib.register_w_en(nb_bits_g=64)
Compiling module xil_defaultlib.Pc
Compiling module xil_defaultlib.sbox
Compiling module xil_defaultlib.Ps_default
Compiling module xil_defaultlib.Pl
Compiling module xil_defaultlib.xor_end_perm
Compiling module xil_defaultlib.state_register_w_en
Compiling module xil_defaultlib.register_w_en(nb_bits_g=128)
Compiling module xil_defaultlib.Permutation
Compiling module xil_defaultlib.ascon
Compiling module unisims_ver.IBUF
Compiling module unisims_ver.MMCME2_ADV(CLKFBOUT_MULT_F=10.0,...
Compiling module unisims_ver.BUFG
Compiling module xil_defaultlib.clk_wiz_0_clk_wiz
Compiling module xil_defaultlib.clk_wiz_0
Compiling module xil_defaultlib.top_ascon
Compiling module xil_defaultlib.top_ascon_tb
Compiling module xil_defaultlib.glbl
Built simulation snapshot top_ascon_tb_behav
run_program: Time (s): cpu = 00:00:01 ; elapsed = 00:00:08 . Memory (MB): peak = 2386.805 ; gain = 0.000
INFO: [USF-XSim-69] 'elaborate' step finished in '8' seconds
INFO: [USF-XSim-4] XSim::Simulate design
INFO: [USF-XSim-61] Executing 'SIMULATE' step in 'C:/Users/eleves/Desktop/ES_FPGA/TP_ASCON/project_ascon/project_ascon.sim/sim_1/behav/xsim'
INFO: [USF-XSim-98] *** Running xsim
   with args "top_ascon_tb_behav -key {Behavioral:sim_1:Functional:top_ascon_tb} -tclbatch {top_ascon_tb.tcl} -log {simulate.log}"
INFO: [USF-XSim-8] Loading simulator feature
Time resolution is 1 ps
source top_ascon_tb.tcl
# set curr_wave [current_wave_config]
# if { [string length $curr_wave] == 0 } {
#   if { [llength [get_objects]] > 0} {
#     add_wave /
#     set_property needs_save false [current_wave_config]
#   } else {
#      send_msg_id Add_Wave-1 WARNING "No top level signals found. Simulator will start without a wave window. If you want to open a wave window go to 'File->New Waveform Configuration' or type 'create_wave_config' in the TCL console."
#   }
# }
# run 1000ns
reset du circuit
début du chiffrement
fin de la phase d'initialisation
fin de la phase de traitement des données associées
fin de la phase de traitement du premier bloc de données
INFO: [USF-XSim-96] XSim completed. Design snapshot 'top_ascon_tb_behav' loaded.
INFO: [USF-XSim-97] XSim simulation ran for 1000ns
launch_simulation: Time (s): cpu = 00:00:04 ; elapsed = 00:00:16 . Memory (MB): peak = 2386.805 ; gain = 0.000
run 10 us
fin de la phase de traitement du deuxieme bloc de données
restart
INFO: [Wavedata 42-604] Simulation restarted
run 10 us
reset du circuit
début du chiffrement
fin de la phase d'initialisation
fin de la phase de traitement des données associées
fin de la phase de traitement du premier bloc de données
fin de la phase de traitement du deuxieme bloc de données
restart
INFO: [Wavedata 42-604] Simulation restarted
run 10 us
reset du circuit
début du chiffrement
fin de la phase d'initialisation
fin de la phase de traitement des données associées
fin de la phase de traitement du premier bloc de données
fin de la phase de traitement du deuxieme bloc de données
restart
INFO: [Wavedata 42-604] Simulation restarted
run 10 us
reset du circuit
début du chiffrement
fin de la phase d'initialisation
fin de la phase de traitement des données associées
fin de la phase de traitement du premier bloc de données
fin de la phase de traitement du deuxieme bloc de données
WARNING: [filemgmt 56-199] Attempt to get parsing info during refresh. "On-the-fly" syntax checking information may be incorrect. [C:\Users\eleves\Desktop\ES_FPGA\TP_ASCON\project_ascon\project_ascon.srcs\sources_1\new\top_ascon.sv:]
WARNING: [filemgmt 56-199] Attempt to get parsing info during refresh. "On-the-fly" syntax checking information may be incorrect. [C:\Users\eleves\Desktop\ES_FPGA\TP_ASCON\project_ascon\project_ascon.srcs\sim_1\new\top_ascon_tb.sv:]
WARNING: [filemgmt 56-199] Attempt to get parsing info during refresh. "On-the-fly" syntax checking information may be incorrect. [C:\Users\eleves\Desktop\ES_FPGA\TP_ASCON\project_ascon\project_ascon.srcs\sources_1\new\top_ascon.sv:]
WARNING: [filemgmt 56-199] Attempt to get parsing info during refresh. "On-the-fly" syntax checking information may be incorrect. [C:\Users\eleves\Desktop\ES_FPGA\TP_ASCON\project_ascon\project_ascon.srcs\sources_1\new\top_ascon.sv:]
ERROR: [Common 17-180] Spawn failed: No error
close_sim
INFO: [Simtcl 6-16] Simulation closed
launch_simulation
Command: launch_simulation 
INFO: [Vivado 12-12493] Simulation top is 'top_ascon_tb'
WARNING: [Vivado 12-13340] Unable to auto find GCC executables from simulator install path! (path not set)
INFO: [Vivado 12-5698] Checking validity of IPs in the design for the 'XSim' simulator...
INFO: [Vivado 12-5682] Launching behavioral simulation in 'C:/Users/eleves/Desktop/ES_FPGA/TP_ASCON/project_ascon/project_ascon.sim/sim_1/behav/xsim'
INFO: [Vivado 12-4795] Using compiled simulation libraries for IPs
INFO: [SIM-utils-51] Simulation object is 'sim_1'
INFO: [SIM-utils-72] Using boost library from 'C:/Xilinx/Vivado/2024.2/tps/boost_1_72_0'
INFO: [USF-XSim-7] Finding pre-compiled libraries...
INFO: [USF-XSim-11] File 'C:/Xilinx/Vivado/2024.2/data/xsim/xsim.ini' copied to run dir:'C:/Users/eleves/Desktop/ES_FPGA/TP_ASCON/project_ascon/project_ascon.sim/sim_1/behav/xsim'
INFO: [SIM-utils-54] Inspecting design source files for 'top_ascon_tb' in fileset 'sim_1'...
INFO: [USF-XSim-97] Finding global include files...
INFO: [USF-XSim-98] Fetching design files from 'sim_1'...
INFO: [USF-XSim-2] XSim::Compile design
INFO: [USF-XSim-61] Executing 'COMPILE and ANALYZE' step in 'C:/Users/eleves/Desktop/ES_FPGA/TP_ASCON/project_ascon/project_ascon.sim/sim_1/behav/xsim'
"xvlog --incr --relax -L uvm -prj top_ascon_tb_vlog.prj"
INFO: [VRFC 10-2263] Analyzing SystemVerilog file "C:/Users/eleves/Desktop/ES_FPGA/TP_ASCON/project_ascon/project_ascon.srcs/sources_1/imports/RTL/ascon_pack.sv" into library xil_defaultlib
INFO: [VRFC 10-2263] Analyzing SystemVerilog file "C:/Users/eleves/Desktop/ES_FPGA/TP_ASCON/project_ascon/project_ascon.srcs/sources_1/imports/RTL/Pc.sv" into library xil_defaultlib
INFO: [VRFC 10-311] analyzing module Pc
INFO: [VRFC 10-2263] Analyzing SystemVerilog file "C:/Users/eleves/Desktop/ES_FPGA/TP_ASCON/project_ascon/project_ascon.srcs/sources_1/imports/RTL/Permutation.sv" into library xil_defaultlib
INFO: [VRFC 10-311] analyzing module Permutation
INFO: [VRFC 10-2263] Analyzing SystemVerilog file "C:/Users/eleves/Desktop/ES_FPGA/TP_ASCON/project_ascon/project_ascon.srcs/sources_1/imports/RTL/Pl.sv" into library xil_defaultlib
INFO: [VRFC 10-311] analyzing module Pl
INFO: [VRFC 10-2263] Analyzing SystemVerilog file "C:/Users/eleves/Desktop/ES_FPGA/TP_ASCON/project_ascon/project_ascon.srcs/sources_1/imports/RTL/Ps.sv" into library xil_defaultlib
INFO: [VRFC 10-311] analyzing module Ps
INFO: [VRFC 10-2263] Analyzing SystemVerilog file "C:/Users/eleves/Desktop/ES_FPGA/TP_ASCON/project_ascon/project_ascon.srcs/sources_1/imports/RTL/Sbox.sv" into library xil_defaultlib
INFO: [VRFC 10-311] analyzing module sbox
INFO: [VRFC 10-2263] Analyzing SystemVerilog file "C:/Users/eleves/Desktop/ES_FPGA/TP_ASCON/project_ascon/project_ascon.srcs/sources_1/imports/RTL/ascon.sv" into library xil_defaultlib
INFO: [VRFC 10-311] analyzing module ascon
INFO: [VRFC 10-2263] Analyzing SystemVerilog file "C:/Users/eleves/Desktop/ES_FPGA/TP_ASCON/project_ascon/project_ascon.srcs/sources_1/imports/RTL/compteur_double_init.sv" into library xil_defaultlib
INFO: [VRFC 10-311] analyzing module compteur_double_init
INFO: [VRFC 10-2263] Analyzing SystemVerilog file "C:/Users/eleves/Desktop/ES_FPGA/TP_ASCON/project_ascon/project_ascon.srcs/sources_1/imports/RTL/fsm_moore.sv" into library xil_defaultlib
INFO: [VRFC 10-311] analyzing module fsm_moore
INFO: [VRFC 10-2263] Analyzing SystemVerilog file "C:/Users/eleves/Desktop/ES_FPGA/TP_ASCON/project_ascon/project_ascon.srcs/sources_1/imports/RTL/mux_state.sv" into library xil_defaultlib
INFO: [VRFC 10-311] analyzing module mux_state
INFO: [VRFC 10-2263] Analyzing SystemVerilog file "C:/Users/eleves/Desktop/ES_FPGA/TP_ASCON/project_ascon/project_ascon.srcs/sources_1/imports/RTL/register_w_en.sv" into library xil_defaultlib
INFO: [VRFC 10-311] analyzing module register_w_en
INFO: [VRFC 10-2263] Analyzing SystemVerilog file "C:/Users/eleves/Desktop/ES_FPGA/TP_ASCON/project_ascon/project_ascon.srcs/sources_1/imports/RTL/state_register_w_en.sv" into library xil_defaultlib
INFO: [VRFC 10-311] analyzing module state_register_w_en
INFO: [VRFC 10-2263] Analyzing SystemVerilog file "C:/Users/eleves/Desktop/ES_FPGA/TP_ASCON/project_ascon/project_ascon.srcs/sources_1/new/top_ascon.sv" into library xil_defaultlib
INFO: [VRFC 10-311] analyzing module top_ascon
INFO: [VRFC 10-2263] Analyzing SystemVerilog file "C:/Users/eleves/Desktop/ES_FPGA/TP_ASCON/project_ascon/project_ascon.srcs/sources_1/imports/RTL/xor_begin_perm.sv" into library xil_defaultlib
INFO: [VRFC 10-311] analyzing module xor_begin_perm
INFO: [VRFC 10-2263] Analyzing SystemVerilog file "C:/Users/eleves/Desktop/ES_FPGA/TP_ASCON/project_ascon/project_ascon.srcs/sources_1/imports/RTL/xor_end_perm.sv" into library xil_defaultlib
INFO: [VRFC 10-311] analyzing module xor_end_perm
INFO: [VRFC 10-2263] Analyzing SystemVerilog file "C:/Users/eleves/Desktop/ES_FPGA/TP_ASCON/project_ascon/project_ascon.srcs/sim_1/new/top_ascon_tb.sv" into library xil_defaultlib
INFO: [VRFC 10-311] analyzing module top_ascon_tb
INFO: [USF-XSim-69] 'compile' step finished in '3' seconds
INFO: [USF-XSim-3] XSim::Elaborate design
INFO: [USF-XSim-61] Executing 'ELABORATE' step in 'C:/Users/eleves/Desktop/ES_FPGA/TP_ASCON/project_ascon/project_ascon.sim/sim_1/behav/xsim'
"xelab --incr --debug typical --relax --mt 2 -L xil_defaultlib -L uvm -L unisims_ver -L unimacro_ver -L secureip -L xpm --snapshot top_ascon_tb_behav xil_defaultlib.top_ascon_tb xil_defaultlib.glbl -log elaborate.log"
Vivado Simulator v2024.2.0
Copyright 1986-2022 Xilinx, Inc. All Rights Reserved.
Copyright 2022-2024 Advanced Micro Devices, Inc. All Rights Reserved.
Running: C:/Xilinx/Vivado/2024.2/bin/unwrapped/win64.o/xelab.exe --incr --debug typical --relax --mt 2 -L xil_defaultlib -L uvm -L unisims_ver -L unimacro_ver -L secureip -L xpm --snapshot top_ascon_tb_behav xil_defaultlib.top_ascon_tb xil_defaultlib.glbl -log elaborate.log 
Using 2 slave threads.
Starting static elaboration
Pass Through NonSizing Optimizer
Completed static elaboration
Starting simulation data flow analysis
WARNING: [XSIM 43-4100] "C:/Users/eleves/Desktop/ES_FPGA/TP_ASCON/project_ascon/project_ascon.srcs/sim_1/new/top_ascon_tb.sv" Line 23. Module top_ascon_tb has a timescale but at least one module in design doesn't have timescale.
WARNING: [XSIM 43-4100] "C:/Users/eleves/Desktop/ES_FPGA/TP_ASCON/project_ascon/project_ascon.srcs/sources_1/new/top_ascon.sv" Line 23. Module top_ascon has a timescale but at least one module in design doesn't have timescale.
WARNING: [XSIM 43-4100] "C:/Users/eleves/Desktop/ES_FPGA/TP_ASCON/project_ascon/project_ascon.srcs/sources_1/imports/RTL/ascon.sv" Line 5. Module ascon has a timescale but at least one module in design doesn't have timescale.
WARNING: [XSIM 43-4100] "C:/Users/eleves/Desktop/ES_FPGA/TP_ASCON/project_ascon/project_ascon.srcs/sources_1/imports/RTL/fsm_moore.sv" Line 4. Module fsm_moore has a timescale but at least one module in design doesn't have timescale.
WARNING: [XSIM 43-4100] "C:/Users/eleves/Desktop/ES_FPGA/TP_ASCON/project_ascon/project_ascon.srcs/sources_1/imports/RTL/compteur_double_init.sv" Line 12. Module compteur_double_init has a timescale but at least one module in design doesn't have timescale.
WARNING: [XSIM 43-4100] "C:/Users/eleves/Desktop/ES_FPGA/TP_ASCON/project_ascon/project_ascon.srcs/sources_1/imports/RTL/mux_state.sv" Line 12. Module mux_state has a timescale but at least one module in design doesn't have timescale.
WARNING: [XSIM 43-4100] "C:/Users/eleves/Desktop/ES_FPGA/TP_ASCON/project_ascon/project_ascon.srcs/sources_1/imports/RTL/xor_begin_perm.sv" Line 12. Module xor_begin_perm has a timescale but at least one module in design doesn't have timescale.
WARNING: [XSIM 43-4100] "C:/Users/eleves/Desktop/ES_FPGA/TP_ASCON/project_ascon/project_ascon.srcs/sources_1/imports/RTL/register_w_en.sv" Line 12. Module register_w_en(nb_bits_g=64) has a timescale but at least one module in design doesn't have timescale.
WARNING: [XSIM 43-4100] "C:/Users/eleves/Desktop/ES_FPGA/TP_ASCON/project_ascon/project_ascon.srcs/sources_1/imports/RTL/xor_end_perm.sv" Line 12. Module xor_end_perm has a timescale but at least one module in design doesn't have timescale.
WARNING: [XSIM 43-4100] "C:/Users/eleves/Desktop/ES_FPGA/TP_ASCON/project_ascon/project_ascon.srcs/sources_1/imports/RTL/state_register_w_en.sv" Line 12. Module state_register_w_en has a timescale but at least one module in design doesn't have timescale.
WARNING: [XSIM 43-4100] "C:/Users/eleves/Desktop/ES_FPGA/TP_ASCON/project_ascon/project_ascon.srcs/sources_1/imports/RTL/register_w_en.sv" Line 12. Module register_w_en(nb_bits_g=128) has a timescale but at least one module in design doesn't have timescale.
WARNING: [XSIM 43-4100] "C:/Users/eleves/Desktop/ES_FPGA/TP_ASCON/project_ascon/project_ascon.gen/sources_1/ip/clk_wiz_0/clk_wiz_0.v" Line 65. Module clk_wiz_0 has a timescale but at least one module in design doesn't have timescale.
WARNING: [XSIM 43-4100] "C:/Users/eleves/Desktop/ES_FPGA/TP_ASCON/project_ascon/project_ascon.gen/sources_1/ip/clk_wiz_0/clk_wiz_0_clk_wiz.v" Line 65. Module clk_wiz_0_clk_wiz has a timescale but at least one module in design doesn't have timescale.
WARNING: [XSIM 43-4100] "/proj/xbuilds/SWIP/2024.2_1107_2045/installs/lin64/Vivado/2024.2/data/verilog/src/unisims/IBUF.v" Line 29. Module IBUF has a timescale but at least one module in design doesn't have timescale.
WARNING: [XSIM 43-4100] "/proj/xbuilds/SWIP/2024.2_1107_2045/installs/lin64/Vivado/2024.2/data/verilog/src/unisims/MMCME2_ADV.v" Line 123. Module MMCME2_ADV(CLKFBOUT_MULT_F=10.0,CLKIN1_PERIOD=10.0,CLKOUT0_DIVIDE_F=10.0) has a timescale but at least one module in design doesn't have timescale.
WARNING: [XSIM 43-4100] "/proj/xbuilds/SWIP/2024.2_1107_2045/installs/lin64/Vivado/2024.2/data/verilog/src/unisims/BUFG.v" Line 27. Module BUFG has a timescale but at least one module in design doesn't have timescale.
WARNING: [XSIM 43-4100] "/proj/xbuilds/SWIP/2024.2_1107_2045/installs/lin64/Vivado/2024.2/data/verilog/src/unisims/BUFG.v" Line 27. Module BUFG has a timescale but at least one module in design doesn't have timescale.
WARNING: [XSIM 43-4100] "C:/Users/eleves/Desktop/ES_FPGA/TP_ASCON/project_ascon/project_ascon.srcs/sim_1/new/top_ascon_tb.sv" Line 23. Module top_ascon_tb has a timescale but at least one module in design doesn't have timescale.
WARNING: [XSIM 43-4100] "C:/Users/eleves/Desktop/ES_FPGA/TP_ASCON/project_ascon/project_ascon.srcs/sources_1/new/top_ascon.sv" Line 23. Module top_ascon has a timescale but at least one module in design doesn't have timescale.
WARNING: [XSIM 43-4100] "C:/Users/eleves/Desktop/ES_FPGA/TP_ASCON/project_ascon/project_ascon.srcs/sources_1/imports/RTL/ascon.sv" Line 5. Module ascon has a timescale but at least one module in design doesn't have timescale.
WARNING: [XSIM 43-4100] "C:/Users/eleves/Desktop/ES_FPGA/TP_ASCON/project_ascon/project_ascon.srcs/sources_1/imports/RTL/fsm_moore.sv" Line 4. Module fsm_moore has a timescale but at least one module in design doesn't have timescale.
WARNING: [XSIM 43-4100] "C:/Users/eleves/Desktop/ES_FPGA/TP_ASCON/project_ascon/project_ascon.srcs/sources_1/imports/RTL/compteur_double_init.sv" Line 12. Module compteur_double_init has a timescale but at least one module in design doesn't have timescale.
WARNING: [XSIM 43-4100] "C:/Users/eleves/Desktop/ES_FPGA/TP_ASCON/project_ascon/project_ascon.srcs/sources_1/imports/RTL/mux_state.sv" Line 12. Module mux_state has a timescale but at least one module in design doesn't have timescale.
WARNING: [XSIM 43-4100] "C:/Users/eleves/Desktop/ES_FPGA/TP_ASCON/project_ascon/project_ascon.srcs/sources_1/imports/RTL/xor_begin_perm.sv" Line 12. Module xor_begin_perm has a timescale but at least one module in design doesn't have timescale.
WARNING: [XSIM 43-4100] "C:/Users/eleves/Desktop/ES_FPGA/TP_ASCON/project_ascon/project_ascon.srcs/sources_1/imports/RTL/register_w_en.sv" Line 12. Module register_w_en(nb_bits_g=64) has a timescale but at least one module in design doesn't have timescale.
WARNING: [XSIM 43-4100] "C:/Users/eleves/Desktop/ES_FPGA/TP_ASCON/project_ascon/project_ascon.srcs/sources_1/imports/RTL/xor_end_perm.sv" Line 12. Module xor_end_perm has a timescale but at least one module in design doesn't have timescale.
WARNING: [XSIM 43-4100] "C:/Users/eleves/Desktop/ES_FPGA/TP_ASCON/project_ascon/project_ascon.srcs/sources_1/imports/RTL/state_register_w_en.sv" Line 12. Module state_register_w_en has a timescale but at least one module in design doesn't have timescale.
WARNING: [XSIM 43-4100] "C:/Users/eleves/Desktop/ES_FPGA/TP_ASCON/project_ascon/project_ascon.srcs/sources_1/imports/RTL/register_w_en.sv" Line 12. Module register_w_en(nb_bits_g=128) has a timescale but at least one module in design doesn't have timescale.
WARNING: [XSIM 43-4100] "C:/Users/eleves/Desktop/ES_FPGA/TP_ASCON/project_ascon/project_ascon.gen/sources_1/ip/clk_wiz_0/clk_wiz_0.v" Line 65. Module clk_wiz_0 has a timescale but at least one module in design doesn't have timescale.
WARNING: [XSIM 43-4100] "C:/Users/eleves/Desktop/ES_FPGA/TP_ASCON/project_ascon/project_ascon.gen/sources_1/ip/clk_wiz_0/clk_wiz_0_clk_wiz.v" Line 65. Module clk_wiz_0_clk_wiz has a timescale but at least one module in design doesn't have timescale.
WARNING: [XSIM 43-4100] "/proj/xbuilds/SWIP/2024.2_1107_2045/installs/lin64/Vivado/2024.2/data/verilog/src/unisims/IBUF.v" Line 29. Module IBUF has a timescale but at least one module in design doesn't have timescale.
WARNING: [XSIM 43-4100] "/proj/xbuilds/SWIP/2024.2_1107_2045/installs/lin64/Vivado/2024.2/data/verilog/src/unisims/MMCME2_ADV.v" Line 123. Module MMCME2_ADV(CLKFBOUT_MULT_F=10.0,CLKIN1_PERIOD=10.0,CLKOUT0_DIVIDE_F=10.0) has a timescale but at least one module in design doesn't have timescale.
WARNING: [XSIM 43-4100] "/proj/xbuilds/SWIP/2024.2_1107_2045/installs/lin64/Vivado/2024.2/data/verilog/src/unisims/BUFG.v" Line 27. Module BUFG has a timescale but at least one module in design doesn't have timescale.
WARNING: [XSIM 43-4100] "/proj/xbuilds/SWIP/2024.2_1107_2045/installs/lin64/Vivado/2024.2/data/verilog/src/unisims/BUFG.v" Line 27. Module BUFG has a timescale but at least one module in design doesn't have timescale.
WARNING: [XSIM 43-4100] "C:/Users/eleves/Desktop/ES_FPGA/TP_ASCON/project_ascon/project_ascon.sim/sim_1/behav/xsim/glbl.v" Line 6. Module glbl has a timescale but at least one module in design doesn't have timescale.
WARNING: [XSIM 43-4100] "C:/Users/eleves/Desktop/ES_FPGA/TP_ASCON/project_ascon/project_ascon.sim/sim_1/behav/xsim/glbl.v" Line 6. Module glbl has a timescale but at least one module in design doesn't have timescale.
Completed simulation data flow analysis
Time Resolution for simulation is 1ps
Compiling package xil_defaultlib.ascon_pack
Compiling module xil_defaultlib.fsm_moore
Compiling module xil_defaultlib.compteur_double_init
Compiling module xil_defaultlib.mux_state
Compiling module xil_defaultlib.xor_begin_perm
Compiling module xil_defaultlib.register_w_en(nb_bits_g=64)
Compiling module xil_defaultlib.Pc
Compiling module xil_defaultlib.sbox
Compiling module xil_defaultlib.Ps_default
Compiling module xil_defaultlib.Pl
Compiling module xil_defaultlib.xor_end_perm
Compiling module xil_defaultlib.state_register_w_en
Compiling module xil_defaultlib.register_w_en(nb_bits_g=128)
Compiling module xil_defaultlib.Permutation
Compiling module xil_defaultlib.ascon
Compiling module unisims_ver.IBUF
Compiling module unisims_ver.MMCME2_ADV(CLKFBOUT_MULT_F=10.0,...
Compiling module unisims_ver.BUFG
Compiling module xil_defaultlib.clk_wiz_0_clk_wiz
Compiling module xil_defaultlib.clk_wiz_0
Compiling module xil_defaultlib.top_ascon
Compiling module xil_defaultlib.top_ascon_tb
Compiling module xil_defaultlib.glbl
Built simulation snapshot top_ascon_tb_behav
run_program: Time (s): cpu = 00:00:00 ; elapsed = 00:00:08 . Memory (MB): peak = 2393.434 ; gain = 0.000
INFO: [USF-XSim-69] 'elaborate' step finished in '8' seconds
INFO: [USF-XSim-4] XSim::Simulate design
INFO: [USF-XSim-61] Executing 'SIMULATE' step in 'C:/Users/eleves/Desktop/ES_FPGA/TP_ASCON/project_ascon/project_ascon.sim/sim_1/behav/xsim'
INFO: [USF-XSim-98] *** Running xsim
   with args "top_ascon_tb_behav -key {Behavioral:sim_1:Functional:top_ascon_tb} -tclbatch {top_ascon_tb.tcl} -log {simulate.log}"
INFO: [USF-XSim-8] Loading simulator feature
Time resolution is 1 ps
source top_ascon_tb.tcl
# set curr_wave [current_wave_config]
# if { [string length $curr_wave] == 0 } {
#   if { [llength [get_objects]] > 0} {
#     add_wave /
#     set_property needs_save false [current_wave_config]
#   } else {
#      send_msg_id Add_Wave-1 WARNING "No top level signals found. Simulator will start without a wave window. If you want to open a wave window go to 'File->New Waveform Configuration' or type 'create_wave_config' in the TCL console."
#   }
# }
# run 1000ns
reset du circuit
début du chiffrement
fin de la phase d'initialisation
fin de la phase de traitement des données associées
fin de la phase de traitement du premier bloc de données
INFO: [USF-XSim-96] XSim completed. Design snapshot 'top_ascon_tb_behav' loaded.
INFO: [USF-XSim-97] XSim simulation ran for 1000ns
launch_simulation: Time (s): cpu = 00:00:04 ; elapsed = 00:00:13 . Memory (MB): peak = 2393.434 ; gain = 0.000
restart
INFO: [Wavedata 42-604] Simulation restarted
run 10 us
reset du circuit
début du chiffrement
fin de la phase d'initialisation
fin de la phase de traitement des données associées
fin de la phase de traitement du premier bloc de données
fin de la phase de traitement du deuxieme bloc de données
fin du chiffrement
$stop called at time : 1625 ns : File "C:/Users/eleves/Desktop/ES_FPGA/TP_ASCON/project_ascon/project_ascon.srcs/sim_1/new/top_ascon_tb.sv" Line 148
restart
INFO: [Wavedata 42-604] Simulation restarted
run 10 us
reset du circuit
début du chiffrement
fin de la phase d'initialisation
fin de la phase de traitement des données associées
fin de la phase de traitement du premier bloc de données
fin de la phase de traitement du deuxieme bloc de données
fin du chiffrement
$stop called at time : 1625 ns : File "C:/Users/eleves/Desktop/ES_FPGA/TP_ASCON/project_ascon/project_ascon.srcs/sim_1/new/top_ascon_tb.sv" Line 148
run 10 us
run 10 us
restart
INFO: [Wavedata 42-604] Simulation restarted
run 10 us
reset du circuit
début du chiffrement
fin de la phase d'initialisation
fin de la phase de traitement des données associées
fin de la phase de traitement du premier bloc de données
fin de la phase de traitement du deuxieme bloc de données
fin du chiffrement
$stop called at time : 1625 ns : File "C:/Users/eleves/Desktop/ES_FPGA/TP_ASCON/project_ascon/project_ascon.srcs/sim_1/new/top_ascon_tb.sv" Line 148
restart
INFO: [Wavedata 42-604] Simulation restarted
run 10 us
reset du circuit
début du chiffrement
fin de la phase d'initialisation
fin de la phase de traitement des données associées
fin de la phase de traitement du premier bloc de données
fin de la phase de traitement du deuxieme bloc de données
fin du chiffrement
$stop called at time : 1625 ns : File "C:/Users/eleves/Desktop/ES_FPGA/TP_ASCON/project_ascon/project_ascon.srcs/sim_1/new/top_ascon_tb.sv" Line 148
reset_run synth_1
INFO: [Project 1-1161] Replacing file C:/Users/eleves/Desktop/ES_FPGA/TP_ASCON/project_ascon/project_ascon.srcs/utils_1/imports/synth_1/ascon.dcp with file C:/Users/eleves/Desktop/ES_FPGA/TP_ASCON/project_ascon/project_ascon.runs/synth_1/top_ascon.dcp
WARNING: [Vivado 12-1017] Problems encountered:
1. Failed to delete one or more files in run directory C:/Users/eleves/Desktop/ES_FPGA/TP_ASCON/project_ascon/project_ascon.runs/synth_1

WARNING: [filemgmt 56-199] Attempt to get parsing info during refresh. "On-the-fly" syntax checking information may be incorrect. [C:\Users\eleves\Desktop\ES_FPGA\TP_ASCON\project_ascon\project_ascon.srcs\sources_1\new\top_ascon.sv:]
WARNING: [filemgmt 56-199] Attempt to get parsing info during refresh. "On-the-fly" syntax checking information may be incorrect. [C:\Users\eleves\Desktop\ES_FPGA\TP_ASCON\project_ascon\project_ascon.srcs\sim_1\new\top_ascon_tb.sv:]
WARNING: [filemgmt 56-199] Attempt to get parsing info during refresh. "On-the-fly" syntax checking information may be incorrect. [C:\Users\eleves\Desktop\ES_FPGA\TP_ASCON\project_ascon\project_ascon.srcs\sources_1\new\top_ascon.sv:]
WARNING: [filemgmt 56-199] Attempt to get parsing info during refresh. "On-the-fly" syntax checking information may be incorrect. [C:\Users\eleves\Desktop\ES_FPGA\TP_ASCON\project_ascon\project_ascon.srcs\sources_1\new\top_ascon.sv:]
launch_runs synth_1 -jobs 12
[Mon Sep 15 14:03:02 2025] Launched synth_1...
Run output will be captured here: C:/Users/eleves/Desktop/ES_FPGA/TP_ASCON/project_ascon/project_ascon.runs/synth_1/runme.log
ERROR: [Common 17-180] Spawn failed: No error
launch_runs impl_1 -jobs 12
[Mon Sep 15 14:04:12 2025] Launched impl_1...
Run output will be captured here: C:/Users/eleves/Desktop/ES_FPGA/TP_ASCON/project_ascon/project_ascon.runs/impl_1/runme.log
launch_simulation -mode post-synthesis -type functional
Command: launch_simulation  -mode post-synthesis -type functional
INFO: [Vivado 12-12493] Simulation top is 'top_ascon_tb'
WARNING: [Vivado 12-13340] Unable to auto find GCC executables from simulator install path! (path not set)
INFO: [Vivado 12-5698] Checking validity of IPs in the design for the 'XSim' simulator...
INFO: [Vivado 12-5682] Launching post-synthesis functional simulation in 'C:/Users/eleves/Desktop/ES_FPGA/TP_ASCON/project_ascon/project_ascon.sim/sim_1/synth/func/xsim'
INFO: [Vivado 12-4795] Using compiled simulation libraries for IPs
INFO: [SIM-utils-51] Simulation object is 'sim_1'
INFO: [SIM-utils-72] Using boost library from 'C:/Xilinx/Vivado/2024.2/tps/boost_1_72_0'
Design is defaulting to impl run constrset: constrs_1
Design is defaulting to synth run part: xc7z020clg484-1
INFO: [Device 21-403] Loading part xc7z020clg484-1
WARNING: [filemgmt 56-199] Attempt to get parsing info during refresh. "On-the-fly" syntax checking information may be incorrect. [C:\Users\eleves\Desktop\ES_FPGA\TP_ASCON\project_ascon\project_ascon.srcs\sources_1\new\top_ascon.sv:]
WARNING: [filemgmt 56-199] Attempt to get parsing info during refresh. "On-the-fly" syntax checking information may be incorrect. [C:\Users\eleves\Desktop\ES_FPGA\TP_ASCON\project_ascon\project_ascon.srcs\sim_1\new\top_ascon_tb.sv:]
WARNING: [filemgmt 56-199] Attempt to get parsing info during refresh. "On-the-fly" syntax checking information may be incorrect. [C:\Users\eleves\Desktop\ES_FPGA\TP_ASCON\project_ascon\project_ascon.srcs\sources_1\new\top_ascon.sv:]
WARNING: [filemgmt 56-199] Attempt to get parsing info during refresh. "On-the-fly" syntax checking information may be incorrect. [C:\Users\eleves\Desktop\ES_FPGA\TP_ASCON\project_ascon\project_ascon.srcs\sources_1\new\top_ascon.sv:]
ERROR: [Common 17-180] Spawn failed: No error
INFO: [Project 1-454] Reading design checkpoint 'c:/Users/eleves/Desktop/ES_FPGA/TP_ASCON/project_ascon/project_ascon.gen/sources_1/ip/clk_wiz_0/clk_wiz_0.dcp' for cell 'clock_100MHz'
Netlist sorting complete. Time (s): cpu = 00:00:00 ; elapsed = 00:00:00.017 . Memory (MB): peak = 2393.434 ; gain = 0.000
INFO: [Netlist 29-17] Analyzing 1 Unisim elements for replacement
INFO: [Netlist 29-28] Unisim Transformation completed in 0 CPU seconds
INFO: [Project 1-479] Netlist was created with Vivado 2024.2
INFO: [Project 1-570] Preparing netlist for logic optimization
Parsing XDC File [c:/Users/eleves/Desktop/ES_FPGA/TP_ASCON/project_ascon/project_ascon.gen/sources_1/ip/clk_wiz_0/clk_wiz_0_board.xdc] for cell 'clock_100MHz/inst'
Finished Parsing XDC File [c:/Users/eleves/Desktop/ES_FPGA/TP_ASCON/project_ascon/project_ascon.gen/sources_1/ip/clk_wiz_0/clk_wiz_0_board.xdc] for cell 'clock_100MHz/inst'
Parsing XDC File [c:/Users/eleves/Desktop/ES_FPGA/TP_ASCON/project_ascon/project_ascon.gen/sources_1/ip/clk_wiz_0/clk_wiz_0.xdc] for cell 'clock_100MHz/inst'
INFO: [Timing 38-35] Done setting XDC timing constraints. [c:/Users/eleves/Desktop/ES_FPGA/TP_ASCON/project_ascon/project_ascon.gen/sources_1/ip/clk_wiz_0/clk_wiz_0.xdc:54]
INFO: [Timing 38-2] Deriving generated clocks [c:/Users/eleves/Desktop/ES_FPGA/TP_ASCON/project_ascon/project_ascon.gen/sources_1/ip/clk_wiz_0/clk_wiz_0.xdc:54]
Finished Parsing XDC File [c:/Users/eleves/Desktop/ES_FPGA/TP_ASCON/project_ascon/project_ascon.gen/sources_1/ip/clk_wiz_0/clk_wiz_0.xdc] for cell 'clock_100MHz/inst'
INFO: [Opt 31-138] Pushed 0 inverter(s) to 0 load pin(s).
Netlist sorting complete. Time (s): cpu = 00:00:00 ; elapsed = 00:00:00 . Memory (MB): peak = 2393.434 ; gain = 0.000
INFO: [Project 1-111] Unisim Transformation Summary:
No Unisim elements were transformed.

open_run: Time (s): cpu = 00:00:22 ; elapsed = 00:00:16 . Memory (MB): peak = 2538.773 ; gain = 145.340
ERROR: [SIM-utils-69] No open design in memory! Please run 'Synthesis' from the GUI or execute 'launch_runs <synth>' command from the Tcl console before running post-synthesis netlist simulation.
INFO: [USF-XSim-7] Finding pre-compiled libraries...
INFO: [USF-XSim-11] File 'C:/Xilinx/Vivado/2024.2/data/xsim/xsim.ini' copied to run dir:'C:/Users/eleves/Desktop/ES_FPGA/TP_ASCON/project_ascon/project_ascon.sim/sim_1/synth/func/xsim'
INFO: [SIM-utils-54] Inspecting design source files for 'top_ascon_tb' in fileset 'sim_1'...
INFO: [USF-XSim-2] XSim::Compile design
INFO: [USF-XSim-61] Executing 'COMPILE and ANALYZE' step in 'C:/Users/eleves/Desktop/ES_FPGA/TP_ASCON/project_ascon/project_ascon.sim/sim_1/synth/func/xsim'
"xvlog --incr --relax -L uvm -prj top_ascon_tb_vlog.prj"
INFO: [VRFC 10-2263] Analyzing SystemVerilog file "C:/Users/eleves/Desktop/ES_FPGA/TP_ASCON/project_ascon/project_ascon.srcs/sim_1/new/top_ascon_tb.sv" into library xil_defaultlib
INFO: [VRFC 10-311] analyzing module top_ascon_tb
INFO: [USF-XSim-69] 'compile' step finished in '3' seconds
INFO: [USF-XSim-3] XSim::Elaborate design
INFO: [USF-XSim-61] Executing 'ELABORATE' step in 'C:/Users/eleves/Desktop/ES_FPGA/TP_ASCON/project_ascon/project_ascon.sim/sim_1/synth/func/xsim'
"xelab --incr --debug typical --relax --mt 2 -L xil_defaultlib -L uvm -L unisims_ver -L secureip --snapshot top_ascon_tb_func_synth xil_defaultlib.top_ascon_tb xil_defaultlib.glbl -log elaborate.log"
Vivado Simulator v2024.2.0
Copyright 1986-2022 Xilinx, Inc. All Rights Reserved.
Copyright 2022-2024 Advanced Micro Devices, Inc. All Rights Reserved.
Running: C:/Xilinx/Vivado/2024.2/bin/unwrapped/win64.o/xelab.exe --incr --debug typical --relax --mt 2 -L xil_defaultlib -L uvm -L unisims_ver -L secureip --snapshot top_ascon_tb_func_synth xil_defaultlib.top_ascon_tb xil_defaultlib.glbl -log elaborate.log 
Using 2 slave threads.
Starting static elaboration
Pass Through NonSizing Optimizer
Completed static elaboration
Starting simulation data flow analysis
Completed simulation data flow analysis
Time Resolution for simulation is 1ps
Compiling module unisims_ver.x_lut2_mux4
Compiling module unisims_ver.LUT2
Compiling module unisims_ver.x_lut3_mux8
Compiling module unisims_ver.LUT3
Compiling module unisims_ver.LUT4
Compiling module unisims_ver.FDPE_default
Compiling module unisims_ver.FDCE_default
Compiling module unisims_ver.LUT5
Compiling module unisims_ver.LUT6
Compiling module xil_defaultlib.fsm_moore
Compiling module xil_defaultlib.compteur_double_init
Compiling module xil_defaultlib.register_w_en
Compiling module xil_defaultlib.state_register_w_en
Compiling module xil_defaultlib.Permutation
Compiling module xil_defaultlib.ascon
Compiling module unisims_ver.IBUF
Compiling module unisims_ver.OBUF
Compiling module unisims_ver.BUFG
Compiling module unisims_ver.MMCME2_ADV(CLKFBOUT_MULT_F=10.0,...
Compiling module xil_defaultlib.clk_wiz_0_clk_wiz
Compiling module xil_defaultlib.clk_wiz_0
Compiling module xil_defaultlib.top_ascon
Compiling module xil_defaultlib.top_ascon_tb
Compiling module xil_defaultlib.glbl
Built simulation snapshot top_ascon_tb_func_synth
run_program: Time (s): cpu = 00:00:01 ; elapsed = 00:00:06 . Memory (MB): peak = 2541.234 ; gain = 0.000
INFO: [USF-XSim-69] 'elaborate' step finished in '6' seconds
INFO: [USF-XSim-4] XSim::Simulate design
INFO: [USF-XSim-61] Executing 'SIMULATE' step in 'C:/Users/eleves/Desktop/ES_FPGA/TP_ASCON/project_ascon/project_ascon.sim/sim_1/synth/func/xsim'
INFO: [USF-XSim-98] *** Running xsim
   with args "top_ascon_tb_func_synth -key {Post-Synthesis:sim_1:Functional:top_ascon_tb} -tclbatch {top_ascon_tb.tcl} -log {simulate.log}"
INFO: [USF-XSim-8] Loading simulator feature
Time resolution is 1 ps
source top_ascon_tb.tcl
# set curr_wave [current_wave_config]
# if { [string length $curr_wave] == 0 } {
#   if { [llength [get_objects]] > 0} {
#     add_wave /
#     set_property needs_save false [current_wave_config]
#   } else {
#      send_msg_id Add_Wave-1 WARNING "No top level signals found. Simulator will start without a wave window. If you want to open a wave window go to 'File->New Waveform Configuration' or type 'create_wave_config' in the TCL console."
#   }
# }
# run 1000ns
reset du circuit
début du chiffrement
fin de la phase d'initialisation
fin de la phase de traitement des données associées
fin de la phase de traitement du premier bloc de données
xsim: Time (s): cpu = 00:00:04 ; elapsed = 00:00:12 . Memory (MB): peak = 2562.266 ; gain = 21.031
INFO: [USF-XSim-96] XSim completed. Design snapshot 'top_ascon_tb_func_synth' loaded.
INFO: [USF-XSim-97] XSim simulation ran for 1000ns
launch_simulation: Time (s): cpu = 00:00:29 ; elapsed = 00:00:38 . Memory (MB): peak = 2562.266 ; gain = 168.832
restart
INFO: [Wavedata 42-604] Simulation restarted
run 10 us
reset du circuit
début du chiffrement
fin de la phase d'initialisation
fin de la phase de traitement des données associées
fin de la phase de traitement du premier bloc de données
fin de la phase de traitement du deuxieme bloc de données
WARNING: [filemgmt 56-199] Attempt to get parsing info during refresh. "On-the-fly" syntax checking information may be incorrect. [C:\Users\eleves\Desktop\ES_FPGA\TP_ASCON\project_ascon\project_ascon.srcs\sources_1\new\top_ascon.sv:]
WARNING: [filemgmt 56-199] Attempt to get parsing info during refresh. "On-the-fly" syntax checking information may be incorrect. [C:\Users\eleves\Desktop\ES_FPGA\TP_ASCON\project_ascon\project_ascon.srcs\sim_1\new\top_ascon_tb.sv:]
WARNING: [filemgmt 56-199] Attempt to get parsing info during refresh. "On-the-fly" syntax checking information may be incorrect. [C:\Users\eleves\Desktop\ES_FPGA\TP_ASCON\project_ascon\project_ascon.srcs\sources_1\new\top_ascon.sv:]
WARNING: [filemgmt 56-199] Attempt to get parsing info during refresh. "On-the-fly" syntax checking information may be incorrect. [C:\Users\eleves\Desktop\ES_FPGA\TP_ASCON\project_ascon\project_ascon.srcs\sources_1\new\top_ascon.sv:]
ERROR: [Common 17-180] Spawn failed: No error
current_sim simulation_4
close_sim
INFO: [Simtcl 6-16] Simulation closed
launch_simulation
Command: launch_simulation 
INFO: [Vivado 12-12493] Simulation top is 'top_ascon_tb'
WARNING: [Vivado 12-13340] Unable to auto find GCC executables from simulator install path! (path not set)
boost::filesystem::remove: Le processus ne peut pas acc�der au fichier car ce fichier est utilis� par un autre processus: "C:/Users/eleves/Desktop/ES_FPGA/TP_ASCON/project_ascon/project_ascon.sim/sim_1/behav/xsim/simulate.log"
launch_simulation
Command: launch_simulation 
INFO: [Vivado 12-12493] Simulation top is 'top_ascon_tb'
WARNING: [Vivado 12-13340] Unable to auto find GCC executables from simulator install path! (path not set)
boost::filesystem::remove: Le processus ne peut pas acc�der au fichier car ce fichier est utilis� par un autre processus: "C:/Users/eleves/Desktop/ES_FPGA/TP_ASCON/project_ascon/project_ascon.sim/sim_1/behav/xsim/simulate.log"
close_sim
INFO: [Simtcl 6-16] Simulation closed
launch_simulation
Command: launch_simulation 
INFO: [Vivado 12-12493] Simulation top is 'top_ascon_tb'
WARNING: [Vivado 12-13340] Unable to auto find GCC executables from simulator install path! (path not set)
INFO: [Vivado 12-5698] Checking validity of IPs in the design for the 'XSim' simulator...
INFO: [Vivado 12-5682] Launching behavioral simulation in 'C:/Users/eleves/Desktop/ES_FPGA/TP_ASCON/project_ascon/project_ascon.sim/sim_1/behav/xsim'
INFO: [Vivado 12-4795] Using compiled simulation libraries for IPs
INFO: [SIM-utils-51] Simulation object is 'sim_1'
INFO: [SIM-utils-72] Using boost library from 'C:/Xilinx/Vivado/2024.2/tps/boost_1_72_0'
INFO: [USF-XSim-7] Finding pre-compiled libraries...
INFO: [USF-XSim-11] File 'C:/Xilinx/Vivado/2024.2/data/xsim/xsim.ini' copied to run dir:'C:/Users/eleves/Desktop/ES_FPGA/TP_ASCON/project_ascon/project_ascon.sim/sim_1/behav/xsim'
INFO: [SIM-utils-54] Inspecting design source files for 'top_ascon_tb' in fileset 'sim_1'...
INFO: [USF-XSim-97] Finding global include files...
INFO: [USF-XSim-98] Fetching design files from 'sim_1'...
INFO: [USF-XSim-2] XSim::Compile design
INFO: [USF-XSim-61] Executing 'COMPILE and ANALYZE' step in 'C:/Users/eleves/Desktop/ES_FPGA/TP_ASCON/project_ascon/project_ascon.sim/sim_1/behav/xsim'
"xvlog --incr --relax -L uvm -prj top_ascon_tb_vlog.prj"
INFO: [USF-XSim-69] 'compile' step finished in '2' seconds
INFO: [USF-XSim-3] XSim::Elaborate design
INFO: [USF-XSim-61] Executing 'ELABORATE' step in 'C:/Users/eleves/Desktop/ES_FPGA/TP_ASCON/project_ascon/project_ascon.sim/sim_1/behav/xsim'
"xelab --incr --debug typical --relax --mt 2 -L xil_defaultlib -L uvm -L unisims_ver -L unimacro_ver -L secureip -L xpm --snapshot top_ascon_tb_behav xil_defaultlib.top_ascon_tb xil_defaultlib.glbl -log elaborate.log"
Vivado Simulator v2024.2.0
Copyright 1986-2022 Xilinx, Inc. All Rights Reserved.
Copyright 2022-2024 Advanced Micro Devices, Inc. All Rights Reserved.
Running: C:/Xilinx/Vivado/2024.2/bin/unwrapped/win64.o/xelab.exe --incr --debug typical --relax --mt 2 -L xil_defaultlib -L uvm -L unisims_ver -L unimacro_ver -L secureip -L xpm --snapshot top_ascon_tb_behav xil_defaultlib.top_ascon_tb xil_defaultlib.glbl -log elaborate.log 
Using 2 slave threads.
Starting static elaboration
Pass Through NonSizing Optimizer
Completed static elaboration
INFO: [XSIM 43-4323] No Change in HDL. Linking previously generated obj files to create kernel
INFO: [USF-XSim-69] 'elaborate' step finished in '2' seconds
INFO: [USF-XSim-4] XSim::Simulate design
INFO: [USF-XSim-61] Executing 'SIMULATE' step in 'C:/Users/eleves/Desktop/ES_FPGA/TP_ASCON/project_ascon/project_ascon.sim/sim_1/behav/xsim'
INFO: [USF-XSim-98] *** Running xsim
   with args "top_ascon_tb_behav -key {Behavioral:sim_1:Functional:top_ascon_tb} -tclbatch {top_ascon_tb.tcl} -log {simulate.log}"
INFO: [USF-XSim-8] Loading simulator feature
Time resolution is 1 ps
source top_ascon_tb.tcl
# set curr_wave [current_wave_config]
# if { [string length $curr_wave] == 0 } {
#   if { [llength [get_objects]] > 0} {
#     add_wave /
#     set_property needs_save false [current_wave_config]
#   } else {
#      send_msg_id Add_Wave-1 WARNING "No top level signals found. Simulator will start without a wave window. If you want to open a wave window go to 'File->New Waveform Configuration' or type 'create_wave_config' in the TCL console."
#   }
# }
# run 1000ns
reset du circuit
début du chiffrement
fin de la phase d'initialisation
fin de la phase de traitement des données associées
fin de la phase de traitement du premier bloc de données
INFO: [USF-XSim-96] XSim completed. Design snapshot 'top_ascon_tb_behav' loaded.
INFO: [USF-XSim-97] XSim simulation ran for 1000ns
launch_simulation: Time (s): cpu = 00:00:02 ; elapsed = 00:00:07 . Memory (MB): peak = 2562.266 ; gain = 0.000
restart
INFO: [Wavedata 42-604] Simulation restarted
run 10 us
reset du circuit
début du chiffrement
fin de la phase d'initialisation
fin de la phase de traitement des données associées
fin de la phase de traitement du premier bloc de données
fin de la phase de traitement du deuxieme bloc de données
fin du chiffrement
$stop called at time : 1625 ns : File "C:/Users/eleves/Desktop/ES_FPGA/TP_ASCON/project_ascon/project_ascon.srcs/sim_1/new/top_ascon_tb.sv" Line 148
report_timing_summary -delay_type min_max -report_unconstrained -check_timing_verbose -max_paths 10 -input_pins -routable_nets -name timing_1
INFO: [Timing 38-35] Done setting XDC timing constraints.
INFO: [Timing 38-91] UpdateTimingParams: Speed grade: -1, Delay Type: min_max.
INFO: [Timing 38-191] Multithreading enabled for timing update using a maximum of 2 CPUs
close_design
close_sim
INFO: [Simtcl 6-16] Simulation closed
WARNING: [IP_Flow 19-4067] Ignoring invalid widget type specified checkbox.Providing a default widget
WARNING: [IP_Flow 19-4067] Ignoring invalid widget type specified checkbox.Providing a default widget
WARNING: [IP_Flow 19-4067] Ignoring invalid widget type specified checkbox.Providing a default widget
WARNING: [IP_Flow 19-4067] Ignoring invalid widget type specified checkbox.Providing a default widget
WARNING: [filemgmt 56-199] Attempt to get parsing info during refresh. "On-the-fly" syntax checking information may be incorrect. [C:\Users\eleves\Desktop\ES_FPGA\TP_ASCON\project_ascon\project_ascon.srcs\sources_1\new\top_ascon.sv:]
WARNING: [filemgmt 56-199] Attempt to get parsing info during refresh. "On-the-fly" syntax checking information may be incorrect. [C:\Users\eleves\Desktop\ES_FPGA\TP_ASCON\project_ascon\project_ascon.srcs\sim_1\new\top_ascon_tb.sv:]
WARNING: [filemgmt 56-199] Attempt to get parsing info during refresh. "On-the-fly" syntax checking information may be incorrect. [C:\Users\eleves\Desktop\ES_FPGA\TP_ASCON\project_ascon\project_ascon.srcs\sources_1\new\top_ascon.sv:]
WARNING: [filemgmt 56-199] Attempt to get parsing info during refresh. "On-the-fly" syntax checking information may be incorrect. [C:\Users\eleves\Desktop\ES_FPGA\TP_ASCON\project_ascon\project_ascon.srcs\sources_1\new\top_ascon.sv:]
ERROR: [Common 17-180] Spawn failed: No error
WARNING: [filemgmt 56-199] Attempt to get parsing info during refresh. "On-the-fly" syntax checking information may be incorrect. [C:\Users\eleves\Desktop\ES_FPGA\TP_ASCON\project_ascon\project_ascon.srcs\sources_1\new\top_ascon.sv:]
WARNING: [filemgmt 56-199] Attempt to get parsing info during refresh. "On-the-fly" syntax checking information may be incorrect. [C:\Users\eleves\Desktop\ES_FPGA\TP_ASCON\project_ascon\project_ascon.srcs\sim_1\new\top_ascon_tb.sv:]
WARNING: [filemgmt 56-199] Attempt to get parsing info during refresh. "On-the-fly" syntax checking information may be incorrect. [C:\Users\eleves\Desktop\ES_FPGA\TP_ASCON\project_ascon\project_ascon.srcs\sources_1\new\top_ascon.sv:]
WARNING: [filemgmt 56-199] Attempt to get parsing info during refresh. "On-the-fly" syntax checking information may be incorrect. [C:\Users\eleves\Desktop\ES_FPGA\TP_ASCON\project_ascon\project_ascon.srcs\sources_1\new\top_ascon.sv:]
ERROR: [Common 17-180] Spawn failed: No error
WARNING: [filemgmt 56-199] Attempt to get parsing info during refresh. "On-the-fly" syntax checking information may be incorrect. [C:\Users\eleves\Desktop\ES_FPGA\TP_ASCON\project_ascon\project_ascon.srcs\sources_1\new\top_ascon.sv:]
WARNING: [filemgmt 56-199] Attempt to get parsing info during refresh. "On-the-fly" syntax checking information may be incorrect. [C:\Users\eleves\Desktop\ES_FPGA\TP_ASCON\project_ascon\project_ascon.srcs\sim_1\new\top_ascon_tb.sv:]
WARNING: [filemgmt 56-199] Attempt to get parsing info during refresh. "On-the-fly" syntax checking information may be incorrect. [C:\Users\eleves\Desktop\ES_FPGA\TP_ASCON\project_ascon\project_ascon.srcs\sources_1\new\top_ascon.sv:]
WARNING: [filemgmt 56-199] Attempt to get parsing info during refresh. "On-the-fly" syntax checking information may be incorrect. [C:\Users\eleves\Desktop\ES_FPGA\TP_ASCON\project_ascon\project_ascon.srcs\sources_1\new\top_ascon.sv:]
ERROR: [Common 17-180] Spawn failed: No error
WARNING: [filemgmt 56-199] Attempt to get parsing info during refresh. "On-the-fly" syntax checking information may be incorrect. [C:\Users\eleves\Desktop\ES_FPGA\TP_ASCON\project_ascon\project_ascon.srcs\sources_1\new\top_ascon.sv:]
WARNING: [filemgmt 56-199] Attempt to get parsing info during refresh. "On-the-fly" syntax checking information may be incorrect. [C:\Users\eleves\Desktop\ES_FPGA\TP_ASCON\project_ascon\project_ascon.srcs\sim_1\new\top_ascon_tb.sv:]
WARNING: [filemgmt 56-199] Attempt to get parsing info during refresh. "On-the-fly" syntax checking information may be incorrect. [C:\Users\eleves\Desktop\ES_FPGA\TP_ASCON\project_ascon\project_ascon.srcs\sources_1\new\top_ascon.sv:]
WARNING: [filemgmt 56-199] Attempt to get parsing info during refresh. "On-the-fly" syntax checking information may be incorrect. [C:\Users\eleves\Desktop\ES_FPGA\TP_ASCON\project_ascon\project_ascon.srcs\sources_1\new\top_ascon.sv:]
ERROR: [Common 17-180] Spawn failed: No error
WARNING: [filemgmt 56-199] Attempt to get parsing info during refresh. "On-the-fly" syntax checking information may be incorrect. [C:\Users\eleves\Desktop\ES_FPGA\TP_ASCON\project_ascon\project_ascon.srcs\sources_1\new\top_ascon.sv:]
WARNING: [filemgmt 56-199] Attempt to get parsing info during refresh. "On-the-fly" syntax checking information may be incorrect. [C:\Users\eleves\Desktop\ES_FPGA\TP_ASCON\project_ascon\project_ascon.srcs\sim_1\new\top_ascon_tb.sv:]
WARNING: [filemgmt 56-199] Attempt to get parsing info during refresh. "On-the-fly" syntax checking information may be incorrect. [C:\Users\eleves\Desktop\ES_FPGA\TP_ASCON\project_ascon\project_ascon.srcs\sim_1\new\top_ascon_tb.sv:]
WARNING: [filemgmt 56-199] Attempt to get parsing info during refresh. "On-the-fly" syntax checking information may be incorrect. [C:\Users\eleves\Desktop\ES_FPGA\TP_ASCON\project_ascon\project_ascon.srcs\sim_1\new\top_ascon_tb.sv:]
ERROR: [Common 17-180] Spawn failed: No error
update_compile_order -fileset sources_1
WARNING: [filemgmt 56-199] Attempt to get parsing info during refresh. "On-the-fly" syntax checking information may be incorrect. [C:\Users\eleves\Desktop\ES_FPGA\TP_ASCON\project_ascon\project_ascon.srcs\sources_1\new\top_ascon.sv:]
WARNING: [filemgmt 56-199] Attempt to get parsing info during refresh. "On-the-fly" syntax checking information may be incorrect. [C:\Users\eleves\Desktop\ES_FPGA\TP_ASCON\project_ascon\project_ascon.srcs\sim_1\new\top_ascon_tb.sv:]
WARNING: [filemgmt 56-199] Attempt to get parsing info during refresh. "On-the-fly" syntax checking information may be incorrect. [C:\Users\eleves\Desktop\ES_FPGA\TP_ASCON\project_ascon\project_ascon.srcs\sources_1\new\top_ascon.sv:]
WARNING: [filemgmt 56-199] Attempt to get parsing info during refresh. "On-the-fly" syntax checking information may be incorrect. [C:\Users\eleves\Desktop\ES_FPGA\TP_ASCON\project_ascon\project_ascon.srcs\sources_1\new\top_ascon.sv:]
ERROR: [Common 17-180] Spawn failed: No error
WARNING: [filemgmt 56-199] Attempt to get parsing info during refresh. "On-the-fly" syntax checking information may be incorrect. [C:\Users\eleves\Desktop\ES_FPGA\TP_ASCON\project_ascon\project_ascon.srcs\sources_1\new\top_ascon.sv:]
WARNING: [filemgmt 56-199] Attempt to get parsing info during refresh. "On-the-fly" syntax checking information may be incorrect. [C:\Users\eleves\Desktop\ES_FPGA\TP_ASCON\project_ascon\project_ascon.srcs\sim_1\new\top_ascon_tb.sv:]
WARNING: [filemgmt 56-199] Attempt to get parsing info during refresh. "On-the-fly" syntax checking information may be incorrect. [C:\Users\eleves\Desktop\ES_FPGA\TP_ASCON\project_ascon\project_ascon.srcs\sim_1\new\top_ascon_tb.sv:]
WARNING: [filemgmt 56-199] Attempt to get parsing info during refresh. "On-the-fly" syntax checking information may be incorrect. [C:\Users\eleves\Desktop\ES_FPGA\TP_ASCON\project_ascon\project_ascon.srcs\sim_1\new\top_ascon_tb.sv:]
ERROR: [Common 17-180] Spawn failed: No error
update_compile_order -fileset sources_1
WARNING: [filemgmt 56-199] Attempt to get parsing info during refresh. "On-the-fly" syntax checking information may be incorrect. [C:\Users\eleves\Desktop\ES_FPGA\TP_ASCON\project_ascon\project_ascon.srcs\sources_1\new\top_ascon.sv:]
WARNING: [filemgmt 56-199] Attempt to get parsing info during refresh. "On-the-fly" syntax checking information may be incorrect. [C:\Users\eleves\Desktop\ES_FPGA\TP_ASCON\project_ascon\project_ascon.srcs\sim_1\new\top_ascon_tb.sv:]
WARNING: [filemgmt 56-199] Attempt to get parsing info during refresh. "On-the-fly" syntax checking information may be incorrect. [C:\Users\eleves\Desktop\ES_FPGA\TP_ASCON\project_ascon\project_ascon.srcs\sources_1\new\top_ascon.sv:]
WARNING: [filemgmt 56-199] Attempt to get parsing info during refresh. "On-the-fly" syntax checking information may be incorrect. [C:\Users\eleves\Desktop\ES_FPGA\TP_ASCON\project_ascon\project_ascon.srcs\sources_1\new\top_ascon.sv:]
ERROR: [Common 17-180] Spawn failed: No error
WARNING: [filemgmt 56-199] Attempt to get parsing info during refresh. "On-the-fly" syntax checking information may be incorrect. [C:\Users\eleves\Desktop\ES_FPGA\TP_ASCON\project_ascon\project_ascon.srcs\sources_1\new\top_ascon.sv:]
WARNING: [filemgmt 56-199] Attempt to get parsing info during refresh. "On-the-fly" syntax checking information may be incorrect. [C:\Users\eleves\Desktop\ES_FPGA\TP_ASCON\project_ascon\project_ascon.srcs\sim_1\new\top_ascon_tb.sv:]
WARNING: [filemgmt 56-199] Attempt to get parsing info during refresh. "On-the-fly" syntax checking information may be incorrect. [C:\Users\eleves\Desktop\ES_FPGA\TP_ASCON\project_ascon\project_ascon.srcs\sources_1\new\top_ascon.sv:]
WARNING: [filemgmt 56-199] Attempt to get parsing info during refresh. "On-the-fly" syntax checking information may be incorrect. [C:\Users\eleves\Desktop\ES_FPGA\TP_ASCON\project_ascon\project_ascon.srcs\sources_1\new\top_ascon.sv:]
ERROR: [Common 17-180] Spawn failed: No error
WARNING: [filemgmt 56-199] Attempt to get parsing info during refresh. "On-the-fly" syntax checking information may be incorrect. [C:\Users\eleves\Desktop\ES_FPGA\TP_ASCON\project_ascon\project_ascon.srcs\sources_1\new\top_ascon.sv:]
WARNING: [filemgmt 56-199] Attempt to get parsing info during refresh. "On-the-fly" syntax checking information may be incorrect. [C:\Users\eleves\Desktop\ES_FPGA\TP_ASCON\project_ascon\project_ascon.srcs\sim_1\new\top_ascon_tb.sv:]
WARNING: [filemgmt 56-199] Attempt to get parsing info during refresh. "On-the-fly" syntax checking information may be incorrect. [C:\Users\eleves\Desktop\ES_FPGA\TP_ASCON\project_ascon\project_ascon.srcs\sources_1\new\top_ascon.sv:]
WARNING: [filemgmt 56-199] Attempt to get parsing info during refresh. "On-the-fly" syntax checking information may be incorrect. [C:\Users\eleves\Desktop\ES_FPGA\TP_ASCON\project_ascon\project_ascon.srcs\sources_1\new\top_ascon.sv:]
ERROR: [Common 17-180] Spawn failed: No error
WARNING: [filemgmt 56-199] Attempt to get parsing info during refresh. "On-the-fly" syntax checking information may be incorrect. [C:\Users\eleves\Desktop\ES_FPGA\TP_ASCON\project_ascon\project_ascon.srcs\sources_1\new\top_ascon.sv:]
WARNING: [filemgmt 56-199] Attempt to get parsing info during refresh. "On-the-fly" syntax checking information may be incorrect. [C:\Users\eleves\Desktop\ES_FPGA\TP_ASCON\project_ascon\project_ascon.srcs\sim_1\new\top_ascon_tb.sv:]
WARNING: [filemgmt 56-199] Attempt to get parsing info during refresh. "On-the-fly" syntax checking information may be incorrect. [C:\Users\eleves\Desktop\ES_FPGA\TP_ASCON\project_ascon\project_ascon.srcs\sources_1\new\top_ascon.sv:]
WARNING: [filemgmt 56-199] Attempt to get parsing info during refresh. "On-the-fly" syntax checking information may be incorrect. [C:\Users\eleves\Desktop\ES_FPGA\TP_ASCON\project_ascon\project_ascon.srcs\sources_1\new\top_ascon.sv:]
ERROR: [Common 17-180] Spawn failed: No error
WARNING: [filemgmt 56-199] Attempt to get parsing info during refresh. "On-the-fly" syntax checking information may be incorrect. [C:\Users\eleves\Desktop\ES_FPGA\TP_ASCON\project_ascon\project_ascon.srcs\sources_1\new\top_ascon.sv:]
WARNING: [filemgmt 56-199] Attempt to get parsing info during refresh. "On-the-fly" syntax checking information may be incorrect. [C:\Users\eleves\Desktop\ES_FPGA\TP_ASCON\project_ascon\project_ascon.srcs\sim_1\new\top_ascon_tb.sv:]
WARNING: [filemgmt 56-199] Attempt to get parsing info during refresh. "On-the-fly" syntax checking information may be incorrect. [C:\Users\eleves\Desktop\ES_FPGA\TP_ASCON\project_ascon\project_ascon.srcs\sources_1\imports\RTL\fsm_moore.sv:]
WARNING: [filemgmt 56-199] Attempt to get parsing info during refresh. "On-the-fly" syntax checking information may be incorrect. [C:\Users\eleves\Desktop\ES_FPGA\TP_ASCON\project_ascon\project_ascon.srcs\sources_1\new\top_ascon.sv:]
WARNING: [filemgmt 56-199] Attempt to get parsing info during refresh. "On-the-fly" syntax checking information may be incorrect. [C:\Users\eleves\Desktop\ES_FPGA\TP_ASCON\project_ascon\project_ascon.srcs\sources_1\new\top_ascon.sv:]
WARNING: [filemgmt 56-199] Attempt to get parsing info during refresh. "On-the-fly" syntax checking information may be incorrect. [C:\Users\eleves\Desktop\ES_FPGA\TP_ASCON\project_ascon\project_ascon.srcs\sources_1\new\top_ascon.sv:]
WARNING: [filemgmt 56-199] Attempt to get parsing info during refresh. "On-the-fly" syntax checking information may be incorrect. [C:\Users\eleves\Desktop\ES_FPGA\TP_ASCON\project_ascon\project_ascon.srcs\sim_1\new\top_ascon_tb.sv:]
WARNING: [filemgmt 56-199] Attempt to get parsing info during refresh. "On-the-fly" syntax checking information may be incorrect. [C:\Users\eleves\Desktop\ES_FPGA\TP_ASCON\project_ascon\project_ascon.srcs\sources_1\imports\RTL\fsm_moore.sv:]
WARNING: [filemgmt 56-199] Attempt to get parsing info during refresh. "On-the-fly" syntax checking information may be incorrect. [C:\Users\eleves\Desktop\ES_FPGA\TP_ASCON\project_ascon\project_ascon.srcs\sources_1\new\top_ascon.sv:]
WARNING: [filemgmt 56-199] Attempt to get parsing info during refresh. "On-the-fly" syntax checking information may be incorrect. [C:\Users\eleves\Desktop\ES_FPGA\TP_ASCON\project_ascon\project_ascon.srcs\sources_1\new\top_ascon.sv:]
ERROR: [Common 17-180] Spawn failed: No error
WARNING: [filemgmt 56-199] Attempt to get parsing info during refresh. "On-the-fly" syntax checking information may be incorrect. [C:\Users\eleves\Desktop\ES_FPGA\TP_ASCON\project_ascon\project_ascon.srcs\sources_1\new\top_ascon.sv:]
WARNING: [filemgmt 56-199] Attempt to get parsing info during refresh. "On-the-fly" syntax checking information may be incorrect. [C:\Users\eleves\Desktop\ES_FPGA\TP_ASCON\project_ascon\project_ascon.srcs\sim_1\new\top_ascon_tb.sv:]
WARNING: [filemgmt 56-199] Attempt to get parsing info during refresh. "On-the-fly" syntax checking information may be incorrect. [C:\Users\eleves\Desktop\ES_FPGA\TP_ASCON\project_ascon\project_ascon.srcs\sources_1\imports\RTL\fsm_moore.sv:]
WARNING: [filemgmt 56-199] Attempt to get parsing info during refresh. "On-the-fly" syntax checking information may be incorrect. [C:\Users\eleves\Desktop\ES_FPGA\TP_ASCON\project_ascon\project_ascon.srcs\sources_1\imports\RTL\fsm_moore.sv:]
WARNING: [filemgmt 56-199] Attempt to get parsing info during refresh. "On-the-fly" syntax checking information may be incorrect. [C:\Users\eleves\Desktop\ES_FPGA\TP_ASCON\project_ascon\project_ascon.srcs\sources_1\imports\RTL\fsm_moore.sv:]
ERROR: [Common 17-180] Spawn failed: No error
WARNING: [filemgmt 56-199] Attempt to get parsing info during refresh. "On-the-fly" syntax checking information may be incorrect. [C:\Users\eleves\Desktop\ES_FPGA\TP_ASCON\project_ascon\project_ascon.srcs\sources_1\new\top_ascon.sv:]
WARNING: [filemgmt 56-199] Attempt to get parsing info during refresh. "On-the-fly" syntax checking information may be incorrect. [C:\Users\eleves\Desktop\ES_FPGA\TP_ASCON\project_ascon\project_ascon.srcs\sim_1\new\top_ascon_tb.sv:]
WARNING: [filemgmt 56-199] Attempt to get parsing info during refresh. "On-the-fly" syntax checking information may be incorrect. [C:\Users\eleves\Desktop\ES_FPGA\TP_ASCON\project_ascon\project_ascon.srcs\sources_1\imports\RTL\fsm_moore.sv:]
WARNING: [filemgmt 56-199] Attempt to get parsing info during refresh. "On-the-fly" syntax checking information may be incorrect. [C:\Users\eleves\Desktop\ES_FPGA\TP_ASCON\project_ascon\project_ascon.srcs\sources_1\new\top_ascon.sv:]
WARNING: [filemgmt 56-199] Attempt to get parsing info during refresh. "On-the-fly" syntax checking information may be incorrect. [C:\Users\eleves\Desktop\ES_FPGA\TP_ASCON\project_ascon\project_ascon.srcs\sources_1\new\top_ascon.sv:]
WARNING: [filemgmt 56-199] Attempt to get parsing info during refresh. "On-the-fly" syntax checking information may be incorrect. [C:\Users\eleves\Desktop\ES_FPGA\TP_ASCON\project_ascon\project_ascon.srcs\sources_1\new\top_ascon.sv:]
WARNING: [filemgmt 56-199] Attempt to get parsing info during refresh. "On-the-fly" syntax checking information may be incorrect. [C:\Users\eleves\Desktop\ES_FPGA\TP_ASCON\project_ascon\project_ascon.srcs\sim_1\new\top_ascon_tb.sv:]
WARNING: [filemgmt 56-199] Attempt to get parsing info during refresh. "On-the-fly" syntax checking information may be incorrect. [C:\Users\eleves\Desktop\ES_FPGA\TP_ASCON\project_ascon\project_ascon.srcs\sources_1\imports\RTL\fsm_moore.sv:]
WARNING: [filemgmt 56-199] Attempt to get parsing info during refresh. "On-the-fly" syntax checking information may be incorrect. [C:\Users\eleves\Desktop\ES_FPGA\TP_ASCON\project_ascon\project_ascon.srcs\sim_1\new\top_ascon_tb.sv:]
WARNING: [filemgmt 56-199] Attempt to get parsing info during refresh. "On-the-fly" syntax checking information may be incorrect. [C:\Users\eleves\Desktop\ES_FPGA\TP_ASCON\project_ascon\project_ascon.srcs\sim_1\new\top_ascon_tb.sv:]
WARNING: [IP_Flow 19-4067] Ignoring invalid widget type specified checkbox.Providing a default widget
WARNING: [IP_Flow 19-4067] Ignoring invalid widget type specified checkbox.Providing a default widget
WARNING: [filemgmt 56-199] Attempt to get parsing info during refresh. "On-the-fly" syntax checking information may be incorrect. [C:\Users\eleves\Desktop\ES_FPGA\TP_ASCON\project_ascon\project_ascon.srcs\sources_1\new\top_ascon.sv:]
WARNING: [filemgmt 56-199] Attempt to get parsing info during refresh. "On-the-fly" syntax checking information may be incorrect. [C:\Users\eleves\Desktop\ES_FPGA\TP_ASCON\project_ascon\project_ascon.srcs\sim_1\new\top_ascon_tb.sv:]
WARNING: [filemgmt 56-199] Attempt to get parsing info during refresh. "On-the-fly" syntax checking information may be incorrect. [C:\Users\eleves\Desktop\ES_FPGA\TP_ASCON\project_ascon\project_ascon.srcs\sources_1\imports\RTL\fsm_moore.sv:]
WARNING: [filemgmt 56-199] Attempt to get parsing info during refresh. "On-the-fly" syntax checking information may be incorrect. [C:\Users\eleves\Desktop\ES_FPGA\TP_ASCON\project_ascon\project_ascon.srcs\sources_1\new\top_ascon.sv:]
WARNING: [filemgmt 56-199] Attempt to get parsing info during refresh. "On-the-fly" syntax checking information may be incorrect. [C:\Users\eleves\Desktop\ES_FPGA\TP_ASCON\project_ascon\project_ascon.srcs\sources_1\new\top_ascon.sv:]
WARNING: [filemgmt 56-199] Attempt to get parsing info during refresh. "On-the-fly" syntax checking information may be incorrect. [C:\Users\eleves\Desktop\ES_FPGA\TP_ASCON\project_ascon\project_ascon.srcs\sources_1\new\top_ascon.sv:]
WARNING: [filemgmt 56-199] Attempt to get parsing info during refresh. "On-the-fly" syntax checking information may be incorrect. [C:\Users\eleves\Desktop\ES_FPGA\TP_ASCON\project_ascon\project_ascon.srcs\sim_1\new\top_ascon_tb.sv:]
WARNING: [filemgmt 56-199] Attempt to get parsing info during refresh. "On-the-fly" syntax checking information may be incorrect. [C:\Users\eleves\Desktop\ES_FPGA\TP_ASCON\project_ascon\project_ascon.srcs\sources_1\imports\RTL\fsm_moore.sv:]
WARNING: [filemgmt 56-199] Attempt to get parsing info during refresh. "On-the-fly" syntax checking information may be incorrect. [C:\Users\eleves\Desktop\ES_FPGA\TP_ASCON\project_ascon\project_ascon.srcs\sources_1\imports\RTL\fsm_moore.sv:]
WARNING: [filemgmt 56-199] Attempt to get parsing info during refresh. "On-the-fly" syntax checking information may be incorrect. [C:\Users\eleves\Desktop\ES_FPGA\TP_ASCON\project_ascon\project_ascon.srcs\sources_1\imports\RTL\fsm_moore.sv:]
WARNING: [filemgmt 56-199] Attempt to get parsing info during refresh. "On-the-fly" syntax checking information may be incorrect. [C:\Users\eleves\Desktop\ES_FPGA\TP_ASCON\project_ascon\project_ascon.srcs\sources_1\new\top_ascon.sv:]
WARNING: [filemgmt 56-199] Attempt to get parsing info during refresh. "On-the-fly" syntax checking information may be incorrect. [C:\Users\eleves\Desktop\ES_FPGA\TP_ASCON\project_ascon\project_ascon.srcs\sim_1\new\top_ascon_tb.sv:]
WARNING: [filemgmt 56-199] Attempt to get parsing info during refresh. "On-the-fly" syntax checking information may be incorrect. [C:\Users\eleves\Desktop\ES_FPGA\TP_ASCON\project_ascon\project_ascon.srcs\sources_1\imports\RTL\fsm_moore.sv:]
WARNING: [filemgmt 56-199] Attempt to get parsing info during refresh. "On-the-fly" syntax checking information may be incorrect. [C:\Users\eleves\Desktop\ES_FPGA\TP_ASCON\project_ascon\project_ascon.srcs\sources_1\new\top_ascon.sv:]
WARNING: [filemgmt 56-199] Attempt to get parsing info during refresh. "On-the-fly" syntax checking information may be incorrect. [C:\Users\eleves\Desktop\ES_FPGA\TP_ASCON\project_ascon\project_ascon.srcs\sources_1\new\top_ascon.sv:]
WARNING: [filemgmt 56-199] Attempt to get parsing info during refresh. "On-the-fly" syntax checking information may be incorrect. [C:\Users\eleves\Desktop\ES_FPGA\TP_ASCON\project_ascon\project_ascon.srcs\sources_1\new\top_ascon.sv:]
WARNING: [filemgmt 56-199] Attempt to get parsing info during refresh. "On-the-fly" syntax checking information may be incorrect. [C:\Users\eleves\Desktop\ES_FPGA\TP_ASCON\project_ascon\project_ascon.srcs\sim_1\new\top_ascon_tb.sv:]
WARNING: [filemgmt 56-199] Attempt to get parsing info during refresh. "On-the-fly" syntax checking information may be incorrect. [C:\Users\eleves\Desktop\ES_FPGA\TP_ASCON\project_ascon\project_ascon.srcs\sources_1\imports\RTL\fsm_moore.sv:]
WARNING: [filemgmt 56-199] Attempt to get parsing info during refresh. "On-the-fly" syntax checking information may be incorrect. [C:\Users\eleves\Desktop\ES_FPGA\TP_ASCON\project_ascon\project_ascon.srcs\sources_1\imports\RTL\fsm_moore.sv:]
WARNING: [filemgmt 56-199] Attempt to get parsing info during refresh. "On-the-fly" syntax checking information may be incorrect. [C:\Users\eleves\Desktop\ES_FPGA\TP_ASCON\project_ascon\project_ascon.srcs\sources_1\imports\RTL\fsm_moore.sv:]
INFO: [IP_Flow 19-3484] Absolute path of file 'c:/Users/eleves/Desktop/ES_FPGA/TP_ASCON/project_ascon/project_ascon.srcs/sources_1/ip/donnees.coe' provided. It will be converted relative to IP Instance files '../../../../project_ascon.srcs/sources_1/ip/donnees.coe'
WARNING: [filemgmt 56-199] Attempt to get parsing info during refresh. "On-the-fly" syntax checking information may be incorrect. [C:\Users\eleves\Desktop\ES_FPGA\TP_ASCON\project_ascon\project_ascon.srcs\sources_1\new\top_ascon.sv:]
WARNING: [filemgmt 56-199] Attempt to get parsing info during refresh. "On-the-fly" syntax checking information may be incorrect. [C:\Users\eleves\Desktop\ES_FPGA\TP_ASCON\project_ascon\project_ascon.srcs\sim_1\new\top_ascon_tb.sv:]
WARNING: [filemgmt 56-199] Attempt to get parsing info during refresh. "On-the-fly" syntax checking information may be incorrect. [C:\Users\eleves\Desktop\ES_FPGA\TP_ASCON\project_ascon\project_ascon.srcs\sources_1\imports\RTL\fsm_moore.sv:]
WARNING: [filemgmt 56-199] Attempt to get parsing info during refresh. "On-the-fly" syntax checking information may be incorrect. [C:\Users\eleves\Desktop\ES_FPGA\TP_ASCON\project_ascon\project_ascon.srcs\sources_1\new\top_ascon.sv:]
WARNING: [filemgmt 56-199] Attempt to get parsing info during refresh. "On-the-fly" syntax checking information may be incorrect. [C:\Users\eleves\Desktop\ES_FPGA\TP_ASCON\project_ascon\project_ascon.srcs\sources_1\new\top_ascon.sv:]
create_ip -name blk_mem_gen -vendor xilinx.com -library ip -version 8.4 -module_name blk_mem_gen_0
set_property -dict [list \
  CONFIG.Coe_File {c:/Users/eleves/Desktop/ES_FPGA/TP_ASCON/project_ascon/project_ascon.srcs/sources_1/ip/donnees.coe} \
  CONFIG.Enable_A {Always_Enabled} \
  CONFIG.Load_Init_File {true} \
  CONFIG.Memory_Type {Single_Port_ROM} \
  CONFIG.Register_PortA_Output_of_Memory_Primitives {false} \
  CONFIG.Write_Depth_A {4} \
  CONFIG.Write_Width_A {64} \
] [get_ips blk_mem_gen_0]
INFO: [IP_Flow 19-3484] Absolute path of file 'c:/Users/eleves/Desktop/ES_FPGA/TP_ASCON/project_ascon/project_ascon.srcs/sources_1/ip/donnees.coe' provided. It will be converted relative to IP Instance files '../donnees.coe'
generate_target {instantiation_template} [get_files c:/Users/eleves/Desktop/ES_FPGA/TP_ASCON/project_ascon/project_ascon.srcs/sources_1/ip/blk_mem_gen_0/blk_mem_gen_0.xci]
INFO: [IP_Flow 19-1686] Generating 'Instantiation Template' target for IP 'blk_mem_gen_0'...
WARNING: [filemgmt 56-199] Attempt to get parsing info during refresh. "On-the-fly" syntax checking information may be incorrect. [C:\Users\eleves\Desktop\ES_FPGA\TP_ASCON\project_ascon\project_ascon.srcs\sources_1\new\top_ascon.sv:]
WARNING: [filemgmt 56-199] Attempt to get parsing info during refresh. "On-the-fly" syntax checking information may be incorrect. [C:\Users\eleves\Desktop\ES_FPGA\TP_ASCON\project_ascon\project_ascon.srcs\sim_1\new\top_ascon_tb.sv:]
WARNING: [filemgmt 56-199] Attempt to get parsing info during refresh. "On-the-fly" syntax checking information may be incorrect. [C:\Users\eleves\Desktop\ES_FPGA\TP_ASCON\project_ascon\project_ascon.srcs\sources_1\imports\RTL\fsm_moore.sv:]
WARNING: [filemgmt 56-199] Attempt to get parsing info during refresh. "On-the-fly" syntax checking information may be incorrect. [C:\Users\eleves\Desktop\ES_FPGA\TP_ASCON\project_ascon\project_ascon.srcs\sim_1\new\top_ascon_tb.sv:]
WARNING: [filemgmt 56-199] Attempt to get parsing info during refresh. "On-the-fly" syntax checking information may be incorrect. [C:\Users\eleves\Desktop\ES_FPGA\TP_ASCON\project_ascon\project_ascon.srcs\sim_1\new\top_ascon_tb.sv:]
WARNING: [filemgmt 56-199] Attempt to get parsing info during refresh. "On-the-fly" syntax checking information may be incorrect. [C:\Users\eleves\Desktop\ES_FPGA\TP_ASCON\project_ascon\project_ascon.srcs\sources_1\new\top_ascon.sv:]
WARNING: [filemgmt 56-199] Attempt to get parsing info during refresh. "On-the-fly" syntax checking information may be incorrect. [C:\Users\eleves\Desktop\ES_FPGA\TP_ASCON\project_ascon\project_ascon.srcs\sim_1\new\top_ascon_tb.sv:]
WARNING: [filemgmt 56-199] Attempt to get parsing info during refresh. "On-the-fly" syntax checking information may be incorrect. [C:\Users\eleves\Desktop\ES_FPGA\TP_ASCON\project_ascon\project_ascon.srcs\sources_1\imports\RTL\fsm_moore.sv:]
WARNING: [filemgmt 56-199] Attempt to get parsing info during refresh. "On-the-fly" syntax checking information may be incorrect. [C:\Users\eleves\Desktop\ES_FPGA\TP_ASCON\project_ascon\project_ascon.srcs\sources_1\imports\RTL\fsm_moore.sv:]
WARNING: [filemgmt 56-199] Attempt to get parsing info during refresh. "On-the-fly" syntax checking information may be incorrect. [C:\Users\eleves\Desktop\ES_FPGA\TP_ASCON\project_ascon\project_ascon.srcs\sources_1\imports\RTL\fsm_moore.sv:]
ERROR: [Common 17-180] Spawn failed: No error
update_compile_order -fileset sources_1
WARNING: [filemgmt 56-199] Attempt to get parsing info during refresh. "On-the-fly" syntax checking information may be incorrect. [C:\Users\eleves\Desktop\ES_FPGA\TP_ASCON\project_ascon\project_ascon.srcs\sources_1\new\top_ascon.sv:]
WARNING: [filemgmt 56-199] Attempt to get parsing info during refresh. "On-the-fly" syntax checking information may be incorrect. [C:\Users\eleves\Desktop\ES_FPGA\TP_ASCON\project_ascon\project_ascon.srcs\sim_1\new\top_ascon_tb.sv:]
WARNING: [filemgmt 56-199] Attempt to get parsing info during refresh. "On-the-fly" syntax checking information may be incorrect. [C:\Users\eleves\Desktop\ES_FPGA\TP_ASCON\project_ascon\project_ascon.srcs\sources_1\imports\RTL\fsm_moore.sv:]
WARNING: [filemgmt 56-199] Attempt to get parsing info during refresh. "On-the-fly" syntax checking information may be incorrect. [C:\Users\eleves\Desktop\ES_FPGA\TP_ASCON\project_ascon\project_ascon.srcs\sources_1\new\top_ascon.sv:]
WARNING: [filemgmt 56-199] Attempt to get parsing info during refresh. "On-the-fly" syntax checking information may be incorrect. [C:\Users\eleves\Desktop\ES_FPGA\TP_ASCON\project_ascon\project_ascon.srcs\sources_1\new\top_ascon.sv:]
generate_target all [get_files  c:/Users/eleves/Desktop/ES_FPGA/TP_ASCON/project_ascon/project_ascon.srcs/sources_1/ip/blk_mem_gen_0/blk_mem_gen_0.xci]
INFO: [IP_Flow 19-1686] Generating 'Synthesis' target for IP 'blk_mem_gen_0'...
WARNING: [filemgmt 56-199] Attempt to get parsing info during refresh. "On-the-fly" syntax checking information may be incorrect. [C:\Users\eleves\Desktop\ES_FPGA\TP_ASCON\project_ascon\project_ascon.srcs\sources_1\new\top_ascon.sv:]
WARNING: [filemgmt 56-199] Attempt to get parsing info during refresh. "On-the-fly" syntax checking information may be incorrect. [C:\Users\eleves\Desktop\ES_FPGA\TP_ASCON\project_ascon\project_ascon.srcs\sim_1\new\top_ascon_tb.sv:]
WARNING: [filemgmt 56-199] Attempt to get parsing info during refresh. "On-the-fly" syntax checking information may be incorrect. [C:\Users\eleves\Desktop\ES_FPGA\TP_ASCON\project_ascon\project_ascon.srcs\sources_1\imports\RTL\fsm_moore.sv:]
WARNING: [filemgmt 56-199] Attempt to get parsing info during refresh. "On-the-fly" syntax checking information may be incorrect. [C:\Users\eleves\Desktop\ES_FPGA\TP_ASCON\project_ascon\project_ascon.srcs\sim_1\new\top_ascon_tb.sv:]
WARNING: [filemgmt 56-199] Attempt to get parsing info during refresh. "On-the-fly" syntax checking information may be incorrect. [C:\Users\eleves\Desktop\ES_FPGA\TP_ASCON\project_ascon\project_ascon.srcs\sim_1\new\top_ascon_tb.sv:]
INFO: [IP_Flow 19-1686] Generating 'Simulation' target for IP 'blk_mem_gen_0'...
INFO: [IP_Flow 19-1686] Generating 'Miscellaneous' target for IP 'blk_mem_gen_0'...
INFO: [IP_Flow 19-1686] Generating 'Change Log' target for IP 'blk_mem_gen_0'...
catch { config_ip_cache -export [get_ips -all blk_mem_gen_0] }
INFO: [IP_Flow 19-6924] IPCACHE: Running cache check for IP inst: blk_mem_gen_0
export_ip_user_files -of_objects [get_files c:/Users/eleves/Desktop/ES_FPGA/TP_ASCON/project_ascon/project_ascon.srcs/sources_1/ip/blk_mem_gen_0/blk_mem_gen_0.xci] -no_script -sync -force -quiet
create_ip_run [get_files -of_objects [get_fileset sources_1] c:/Users/eleves/Desktop/ES_FPGA/TP_ASCON/project_ascon/project_ascon.srcs/sources_1/ip/blk_mem_gen_0/blk_mem_gen_0.xci]
launch_runs blk_mem_gen_0_synth_1 -jobs 12
INFO: [IP_Flow 19-6924] IPCACHE: Running cache check for IP inst: blk_mem_gen_0
[Mon Sep 15 15:40:47 2025] Launched blk_mem_gen_0_synth_1...
Run output will be captured here: C:/Users/eleves/Desktop/ES_FPGA/TP_ASCON/project_ascon/project_ascon.runs/blk_mem_gen_0_synth_1/runme.log
export_simulation -lib_map_path [list {modelsim=C:/Users/eleves/Desktop/ES_FPGA/TP_ASCON/project_ascon/project_ascon.cache/compile_simlib/modelsim} {questa=C:/Users/eleves/Desktop/ES_FPGA/TP_ASCON/project_ascon/project_ascon.cache/compile_simlib/questa} {riviera=C:/Users/eleves/Desktop/ES_FPGA/TP_ASCON/project_ascon/project_ascon.cache/compile_simlib/riviera} {activehdl=C:/Users/eleves/Desktop/ES_FPGA/TP_ASCON/project_ascon/project_ascon.cache/compile_simlib/activehdl}] -of_objects [get_files c:/Users/eleves/Desktop/ES_FPGA/TP_ASCON/project_ascon/project_ascon.srcs/sources_1/ip/blk_mem_gen_0/blk_mem_gen_0.xci] -directory C:/Users/eleves/Desktop/ES_FPGA/TP_ASCON/project_ascon/project_ascon.ip_user_files/sim_scripts -ip_user_files_dir C:/Users/eleves/Desktop/ES_FPGA/TP_ASCON/project_ascon/project_ascon.ip_user_files -ipstatic_source_dir C:/Users/eleves/Desktop/ES_FPGA/TP_ASCON/project_ascon/project_ascon.ip_user_files/ipstatic -use_ip_compiled_libs -force -quiet
ERROR: [Common 17-180] Spawn failed: No error
WARNING: [filemgmt 56-199] Attempt to get parsing info during refresh. "On-the-fly" syntax checking information may be incorrect. [C:\Users\eleves\Desktop\ES_FPGA\TP_ASCON\project_ascon\project_ascon.srcs\sources_1\new\top_ascon.sv:]
WARNING: [filemgmt 56-199] Attempt to get parsing info during refresh. "On-the-fly" syntax checking information may be incorrect. [C:\Users\eleves\Desktop\ES_FPGA\TP_ASCON\project_ascon\project_ascon.srcs\sim_1\new\top_ascon_tb.sv:]
WARNING: [filemgmt 56-199] Attempt to get parsing info during refresh. "On-the-fly" syntax checking information may be incorrect. [C:\Users\eleves\Desktop\ES_FPGA\TP_ASCON\project_ascon\project_ascon.srcs\sources_1\imports\RTL\fsm_moore.sv:]
WARNING: [filemgmt 56-199] Attempt to get parsing info during refresh. "On-the-fly" syntax checking information may be incorrect. [C:\Users\eleves\Desktop\ES_FPGA\TP_ASCON\project_ascon\project_ascon.srcs\sources_1\new\top_ascon.sv:]
WARNING: [filemgmt 56-199] Attempt to get parsing info during refresh. "On-the-fly" syntax checking information may be incorrect. [C:\Users\eleves\Desktop\ES_FPGA\TP_ASCON\project_ascon\project_ascon.srcs\sources_1\new\top_ascon.sv:]
WARNING: [filemgmt 56-199] Attempt to get parsing info during refresh. "On-the-fly" syntax checking information may be incorrect. [C:\Users\eleves\Desktop\ES_FPGA\TP_ASCON\project_ascon\project_ascon.srcs\sources_1\new\top_ascon.sv:]
WARNING: [filemgmt 56-199] Attempt to get parsing info during refresh. "On-the-fly" syntax checking information may be incorrect. [C:\Users\eleves\Desktop\ES_FPGA\TP_ASCON\project_ascon\project_ascon.srcs\sim_1\new\top_ascon_tb.sv:]
WARNING: [filemgmt 56-199] Attempt to get parsing info during refresh. "On-the-fly" syntax checking information may be incorrect. [C:\Users\eleves\Desktop\ES_FPGA\TP_ASCON\project_ascon\project_ascon.srcs\sources_1\imports\RTL\fsm_moore.sv:]
WARNING: [filemgmt 56-199] Attempt to get parsing info during refresh. "On-the-fly" syntax checking information may be incorrect. [C:\Users\eleves\Desktop\ES_FPGA\TP_ASCON\project_ascon\project_ascon.srcs\sources_1\imports\RTL\fsm_moore.sv:]
WARNING: [filemgmt 56-199] Attempt to get parsing info during refresh. "On-the-fly" syntax checking information may be incorrect. [C:\Users\eleves\Desktop\ES_FPGA\TP_ASCON\project_ascon\project_ascon.srcs\sources_1\imports\RTL\fsm_moore.sv:]
WARNING: [filemgmt 56-199] Attempt to get parsing info during refresh. "On-the-fly" syntax checking information may be incorrect. [C:\Users\eleves\Desktop\ES_FPGA\TP_ASCON\project_ascon\project_ascon.srcs\sources_1\new\top_ascon.sv:]
WARNING: [filemgmt 56-199] Attempt to get parsing info during refresh. "On-the-fly" syntax checking information may be incorrect. [C:\Users\eleves\Desktop\ES_FPGA\TP_ASCON\project_ascon\project_ascon.srcs\sources_1\imports\RTL\ascon.sv:]
WARNING: [filemgmt 56-199] Attempt to get parsing info during refresh. "On-the-fly" syntax checking information may be incorrect. [C:\Users\eleves\Desktop\ES_FPGA\TP_ASCON\project_ascon\project_ascon.srcs\sim_1\new\top_ascon_tb.sv:]
WARNING: [filemgmt 56-199] Attempt to get parsing info during refresh. "On-the-fly" syntax checking information may be incorrect. [C:\Users\eleves\Desktop\ES_FPGA\TP_ASCON\project_ascon\project_ascon.srcs\sources_1\imports\RTL\fsm_moore.sv:]
WARNING: [filemgmt 56-199] Attempt to get parsing info during refresh. "On-the-fly" syntax checking information may be incorrect. [C:\Users\eleves\Desktop\ES_FPGA\TP_ASCON\project_ascon\project_ascon.srcs\sources_1\new\top_ascon.sv:]
WARNING: [filemgmt 56-199] Attempt to get parsing info during refresh. "On-the-fly" syntax checking information may be incorrect. [C:\Users\eleves\Desktop\ES_FPGA\TP_ASCON\project_ascon\project_ascon.srcs\sources_1\new\top_ascon.sv:]
WARNING: [filemgmt 56-199] Attempt to get parsing info during refresh. "On-the-fly" syntax checking information may be incorrect. [c:\Users\eleves\Desktop\ES_FPGA\TP_ASCON\project_ascon\project_ascon.gen\sources_1\ip\blk_mem_gen_0\blk_mem_gen_0.vho:]
WARNING: [filemgmt 56-199] Attempt to get parsing info during refresh. "On-the-fly" syntax checking information may be incorrect. [c:\Users\eleves\Desktop\ES_FPGA\TP_ASCON\project_ascon\project_ascon.gen\sources_1\ip\blk_mem_gen_0\blk_mem_gen_0.vho:]
WARNING: [filemgmt 56-199] Attempt to get parsing info during refresh. "On-the-fly" syntax checking information may be incorrect. [c:\Users\eleves\Desktop\ES_FPGA\TP_ASCON\project_ascon\project_ascon.gen\sources_1\ip\blk_mem_gen_0\blk_mem_gen_0.veo:]
WARNING: [filemgmt 56-199] Attempt to get parsing info during refresh. "On-the-fly" syntax checking information may be incorrect. [c:\Users\eleves\Desktop\ES_FPGA\TP_ASCON\project_ascon\project_ascon.gen\sources_1\ip\blk_mem_gen_0\blk_mem_gen_0.veo:]
WARNING: [filemgmt 56-199] Attempt to get parsing info during refresh. "On-the-fly" syntax checking information may be incorrect. [C:\Users\eleves\Desktop\ES_FPGA\TP_ASCON\project_ascon\project_ascon.srcs\sources_1\new\top_ascon.sv:]
WARNING: [filemgmt 56-199] Attempt to get parsing info during refresh. "On-the-fly" syntax checking information may be incorrect. [C:\Users\eleves\Desktop\ES_FPGA\TP_ASCON\project_ascon\project_ascon.srcs\sources_1\imports\RTL\ascon.sv:]
WARNING: [filemgmt 56-199] Attempt to get parsing info during refresh. "On-the-fly" syntax checking information may be incorrect. [C:\Users\eleves\Desktop\ES_FPGA\TP_ASCON\project_ascon\project_ascon.srcs\sim_1\new\top_ascon_tb.sv:]
WARNING: [filemgmt 56-199] Attempt to get parsing info during refresh. "On-the-fly" syntax checking information may be incorrect. [C:\Users\eleves\Desktop\ES_FPGA\TP_ASCON\project_ascon\project_ascon.srcs\sources_1\imports\RTL\fsm_moore.sv:]
WARNING: [filemgmt 56-199] Attempt to get parsing info during refresh. "On-the-fly" syntax checking information may be incorrect. [C:\Users\eleves\Desktop\ES_FPGA\TP_ASCON\project_ascon\project_ascon.srcs\sources_1\imports\RTL\ascon.sv:]
WARNING: [filemgmt 56-199] Attempt to get parsing info during refresh. "On-the-fly" syntax checking information may be incorrect. [C:\Users\eleves\Desktop\ES_FPGA\TP_ASCON\project_ascon\project_ascon.srcs\sources_1\imports\RTL\ascon.sv:]
ERROR: [Common 17-180] Spawn failed: No error
ERROR: [Common 17-180] Spawn failed: No error
WARNING: [filemgmt 56-199] Attempt to get parsing info during refresh. "On-the-fly" syntax checking information may be incorrect. [C:\Users\eleves\Desktop\ES_FPGA\TP_ASCON\project_ascon\project_ascon.srcs\sources_1\new\top_ascon.sv:]
WARNING: [filemgmt 56-199] Attempt to get parsing info during refresh. "On-the-fly" syntax checking information may be incorrect. [C:\Users\eleves\Desktop\ES_FPGA\TP_ASCON\project_ascon\project_ascon.srcs\sources_1\imports\RTL\ascon.sv:]
WARNING: [filemgmt 56-199] Attempt to get parsing info during refresh. "On-the-fly" syntax checking information may be incorrect. [C:\Users\eleves\Desktop\ES_FPGA\TP_ASCON\project_ascon\project_ascon.srcs\sim_1\new\top_ascon_tb.sv:]
WARNING: [filemgmt 56-199] Attempt to get parsing info during refresh. "On-the-fly" syntax checking information may be incorrect. [C:\Users\eleves\Desktop\ES_FPGA\TP_ASCON\project_ascon\project_ascon.srcs\sources_1\imports\RTL\fsm_moore.sv:]
WARNING: [filemgmt 56-199] Attempt to get parsing info during refresh. "On-the-fly" syntax checking information may be incorrect. [C:\Users\eleves\Desktop\ES_FPGA\TP_ASCON\project_ascon\project_ascon.srcs\sources_1\new\top_ascon.sv:]
WARNING: [filemgmt 56-199] Attempt to get parsing info during refresh. "On-the-fly" syntax checking information may be incorrect. [C:\Users\eleves\Desktop\ES_FPGA\TP_ASCON\project_ascon\project_ascon.srcs\sources_1\new\top_ascon.sv:]
WARNING: [filemgmt 56-199] Attempt to get parsing info during refresh. "On-the-fly" syntax checking information may be incorrect. [c:\Users\eleves\Desktop\ES_FPGA\TP_ASCON\project_ascon\project_ascon.gen\sources_1\ip\blk_mem_gen_0\blk_mem_gen_0.vho:]
WARNING: [filemgmt 56-199] Attempt to get parsing info during refresh. "On-the-fly" syntax checking information may be incorrect. [c:\Users\eleves\Desktop\ES_FPGA\TP_ASCON\project_ascon\project_ascon.gen\sources_1\ip\blk_mem_gen_0\blk_mem_gen_0.vho:]
WARNING: [filemgmt 56-199] Attempt to get parsing info during refresh. "On-the-fly" syntax checking information may be incorrect. [C:\Users\eleves\Desktop\ES_FPGA\TP_ASCON\project_ascon\project_ascon.srcs\sources_1\new\top_ascon.sv:]
WARNING: [filemgmt 56-199] Attempt to get parsing info during refresh. "On-the-fly" syntax checking information may be incorrect. [C:\Users\eleves\Desktop\ES_FPGA\TP_ASCON\project_ascon\project_ascon.srcs\sources_1\imports\RTL\ascon.sv:]
WARNING: [filemgmt 56-199] Attempt to get parsing info during refresh. "On-the-fly" syntax checking information may be incorrect. [C:\Users\eleves\Desktop\ES_FPGA\TP_ASCON\project_ascon\project_ascon.srcs\sim_1\new\top_ascon_tb.sv:]
WARNING: [filemgmt 56-199] Attempt to get parsing info during refresh. "On-the-fly" syntax checking information may be incorrect. [C:\Users\eleves\Desktop\ES_FPGA\TP_ASCON\project_ascon\project_ascon.srcs\sources_1\imports\RTL\fsm_moore.sv:]
WARNING: [filemgmt 56-199] Attempt to get parsing info during refresh. "On-the-fly" syntax checking information may be incorrect. [C:\Users\eleves\Desktop\ES_FPGA\TP_ASCON\project_ascon\project_ascon.srcs\sources_1\imports\RTL\ascon.sv:]
WARNING: [filemgmt 56-199] Attempt to get parsing info during refresh. "On-the-fly" syntax checking information may be incorrect. [C:\Users\eleves\Desktop\ES_FPGA\TP_ASCON\project_ascon\project_ascon.srcs\sources_1\imports\RTL\ascon.sv:]
WARNING: [filemgmt 56-199] Attempt to get parsing info during refresh. "On-the-fly" syntax checking information may be incorrect. [c:\Users\eleves\Desktop\ES_FPGA\TP_ASCON\project_ascon\project_ascon.gen\sources_1\ip\blk_mem_gen_0\blk_mem_gen_0.veo:]
WARNING: [filemgmt 56-199] Attempt to get parsing info during refresh. "On-the-fly" syntax checking information may be incorrect. [c:\Users\eleves\Desktop\ES_FPGA\TP_ASCON\project_ascon\project_ascon.gen\sources_1\ip\blk_mem_gen_0\blk_mem_gen_0.veo:]
ERROR: [Common 17-180] Spawn failed: No error
ERROR: [Common 17-180] Spawn failed: No error
WARNING: [filemgmt 56-199] Attempt to get parsing info during refresh. "On-the-fly" syntax checking information may be incorrect. [C:\Users\eleves\Desktop\ES_FPGA\TP_ASCON\project_ascon\project_ascon.srcs\sources_1\new\top_ascon.sv:]
WARNING: [filemgmt 56-199] Attempt to get parsing info during refresh. "On-the-fly" syntax checking information may be incorrect. [C:\Users\eleves\Desktop\ES_FPGA\TP_ASCON\project_ascon\project_ascon.srcs\sources_1\new\top_ascon.sv:]
WARNING: [filemgmt 56-199] Attempt to get parsing info during refresh. "On-the-fly" syntax checking information may be incorrect. [C:\Users\eleves\Desktop\ES_FPGA\TP_ASCON\project_ascon\project_ascon.srcs\sources_1\imports\RTL\ascon.sv:]
WARNING: [filemgmt 56-199] Attempt to get parsing info during refresh. "On-the-fly" syntax checking information may be incorrect. [C:\Users\eleves\Desktop\ES_FPGA\TP_ASCON\project_ascon\project_ascon.srcs\sim_1\new\top_ascon_tb.sv:]
WARNING: [filemgmt 56-199] Attempt to get parsing info during refresh. "On-the-fly" syntax checking information may be incorrect. [C:\Users\eleves\Desktop\ES_FPGA\TP_ASCON\project_ascon\project_ascon.srcs\sources_1\imports\RTL\fsm_moore.sv:]
WARNING: [filemgmt 56-199] Attempt to get parsing info during refresh. "On-the-fly" syntax checking information may be incorrect. [C:\Users\eleves\Desktop\ES_FPGA\TP_ASCON\project_ascon\project_ascon.srcs\sources_1\imports\RTL\fsm_moore.sv:]
WARNING: [filemgmt 56-199] Attempt to get parsing info during refresh. "On-the-fly" syntax checking information may be incorrect. [C:\Users\eleves\Desktop\ES_FPGA\TP_ASCON\project_ascon\project_ascon.srcs\sources_1\imports\RTL\fsm_moore.sv:]
WARNING: [filemgmt 56-199] Attempt to get parsing info during refresh. "On-the-fly" syntax checking information may be incorrect. [c:\Users\eleves\Desktop\ES_FPGA\TP_ASCON\project_ascon\project_ascon.gen\sources_1\ip\blk_mem_gen_0\blk_mem_gen_0.vho:]
WARNING: [filemgmt 56-199] Attempt to get parsing info during refresh. "On-the-fly" syntax checking information may be incorrect. [c:\Users\eleves\Desktop\ES_FPGA\TP_ASCON\project_ascon\project_ascon.gen\sources_1\ip\blk_mem_gen_0\blk_mem_gen_0.vho:]
WARNING: [filemgmt 56-199] Attempt to get parsing info during refresh. "On-the-fly" syntax checking information may be incorrect. [c:\Users\eleves\Desktop\ES_FPGA\TP_ASCON\project_ascon\project_ascon.gen\sources_1\ip\blk_mem_gen_0\blk_mem_gen_0.veo:]
WARNING: [filemgmt 56-199] Attempt to get parsing info during refresh. "On-the-fly" syntax checking information may be incorrect. [c:\Users\eleves\Desktop\ES_FPGA\TP_ASCON\project_ascon\project_ascon.gen\sources_1\ip\blk_mem_gen_0\blk_mem_gen_0.veo:]
WARNING: [filemgmt 56-199] Attempt to get parsing info during refresh. "On-the-fly" syntax checking information may be incorrect. [C:\Users\eleves\Desktop\ES_FPGA\TP_ASCON\project_ascon\project_ascon.srcs\sources_1\new\top_ascon.sv:]
WARNING: [filemgmt 56-199] Attempt to get parsing info during refresh. "On-the-fly" syntax checking information may be incorrect. [C:\Users\eleves\Desktop\ES_FPGA\TP_ASCON\project_ascon\project_ascon.srcs\sources_1\imports\RTL\ascon.sv:]
WARNING: [filemgmt 56-199] Attempt to get parsing info during refresh. "On-the-fly" syntax checking information may be incorrect. [C:\Users\eleves\Desktop\ES_FPGA\TP_ASCON\project_ascon\project_ascon.srcs\sim_1\new\top_ascon_tb.sv:]
WARNING: [filemgmt 56-199] Attempt to get parsing info during refresh. "On-the-fly" syntax checking information may be incorrect. [C:\Users\eleves\Desktop\ES_FPGA\TP_ASCON\project_ascon\project_ascon.srcs\sources_1\imports\RTL\fsm_moore.sv:]
WARNING: [filemgmt 56-199] Attempt to get parsing info during refresh. "On-the-fly" syntax checking information may be incorrect. [C:\Users\eleves\Desktop\ES_FPGA\TP_ASCON\project_ascon\project_ascon.srcs\sources_1\new\top_ascon.sv:]
WARNING: [filemgmt 56-199] Attempt to get parsing info during refresh. "On-the-fly" syntax checking information may be incorrect. [C:\Users\eleves\Desktop\ES_FPGA\TP_ASCON\project_ascon\project_ascon.srcs\sources_1\new\top_ascon.sv:]
ERROR: [Common 17-180] Spawn failed: No error
WARNING: [filemgmt 56-199] Attempt to get parsing info during refresh. "On-the-fly" syntax checking information may be incorrect. [C:\Users\eleves\Desktop\ES_FPGA\TP_ASCON\project_ascon\project_ascon.srcs\sources_1\new\top_ascon.sv:]
WARNING: [filemgmt 56-199] Attempt to get parsing info during refresh. "On-the-fly" syntax checking information may be incorrect. [C:\Users\eleves\Desktop\ES_FPGA\TP_ASCON\project_ascon\project_ascon.srcs\sources_1\imports\RTL\ascon.sv:]
WARNING: [filemgmt 56-199] Attempt to get parsing info during refresh. "On-the-fly" syntax checking information may be incorrect. [C:\Users\eleves\Desktop\ES_FPGA\TP_ASCON\project_ascon\project_ascon.srcs\sim_1\new\top_ascon_tb.sv:]
WARNING: [filemgmt 56-199] Attempt to get parsing info during refresh. "On-the-fly" syntax checking information may be incorrect. [C:\Users\eleves\Desktop\ES_FPGA\TP_ASCON\project_ascon\project_ascon.srcs\sources_1\imports\RTL\fsm_moore.sv:]
WARNING: [filemgmt 56-199] Attempt to get parsing info during refresh. "On-the-fly" syntax checking information may be incorrect. [C:\Users\eleves\Desktop\ES_FPGA\TP_ASCON\project_ascon\project_ascon.srcs\sim_1\new\top_ascon_tb.sv:]
WARNING: [filemgmt 56-199] Attempt to get parsing info during refresh. "On-the-fly" syntax checking information may be incorrect. [C:\Users\eleves\Desktop\ES_FPGA\TP_ASCON\project_ascon\project_ascon.srcs\sim_1\new\top_ascon_tb.sv:]
ERROR: [Common 17-180] Spawn failed: No error
WARNING: [filemgmt 56-199] Attempt to get parsing info during refresh. "On-the-fly" syntax checking information may be incorrect. [C:\Users\eleves\Desktop\ES_FPGA\TP_ASCON\project_ascon\project_ascon.srcs\sources_1\new\top_ascon.sv:]
WARNING: [filemgmt 56-199] Attempt to get parsing info during refresh. "On-the-fly" syntax checking information may be incorrect. [C:\Users\eleves\Desktop\ES_FPGA\TP_ASCON\project_ascon\project_ascon.srcs\sources_1\imports\RTL\ascon.sv:]
WARNING: [filemgmt 56-199] Attempt to get parsing info during refresh. "On-the-fly" syntax checking information may be incorrect. [C:\Users\eleves\Desktop\ES_FPGA\TP_ASCON\project_ascon\project_ascon.srcs\sim_1\new\top_ascon_tb.sv:]
WARNING: [filemgmt 56-199] Attempt to get parsing info during refresh. "On-the-fly" syntax checking information may be incorrect. [C:\Users\eleves\Desktop\ES_FPGA\TP_ASCON\project_ascon\project_ascon.srcs\sources_1\imports\RTL\fsm_moore.sv:]
WARNING: [filemgmt 56-199] Attempt to get parsing info during refresh. "On-the-fly" syntax checking information may be incorrect. [C:\Users\eleves\Desktop\ES_FPGA\TP_ASCON\project_ascon\project_ascon.srcs\sources_1\new\top_ascon.sv:]
WARNING: [filemgmt 56-199] Attempt to get parsing info during refresh. "On-the-fly" syntax checking information may be incorrect. [C:\Users\eleves\Desktop\ES_FPGA\TP_ASCON\project_ascon\project_ascon.srcs\sources_1\new\top_ascon.sv:]
WARNING: [filemgmt 56-199] Attempt to get parsing info during refresh. "On-the-fly" syntax checking information may be incorrect. [c:\Users\eleves\Desktop\ES_FPGA\TP_ASCON\project_ascon\project_ascon.gen\sources_1\ip\blk_mem_gen_0\blk_mem_gen_0.vho:]
WARNING: [filemgmt 56-199] Attempt to get parsing info during refresh. "On-the-fly" syntax checking information may be incorrect. [c:\Users\eleves\Desktop\ES_FPGA\TP_ASCON\project_ascon\project_ascon.gen\sources_1\ip\blk_mem_gen_0\blk_mem_gen_0.vho:]
WARNING: [filemgmt 56-199] Attempt to get parsing info during refresh. "On-the-fly" syntax checking information may be incorrect. [c:\Users\eleves\Desktop\ES_FPGA\TP_ASCON\project_ascon\project_ascon.gen\sources_1\ip\blk_mem_gen_0\blk_mem_gen_0.veo:]
WARNING: [filemgmt 56-199] Attempt to get parsing info during refresh. "On-the-fly" syntax checking information may be incorrect. [c:\Users\eleves\Desktop\ES_FPGA\TP_ASCON\project_ascon\project_ascon.gen\sources_1\ip\blk_mem_gen_0\blk_mem_gen_0.veo:]
WARNING: [filemgmt 56-199] Attempt to get parsing info during refresh. "On-the-fly" syntax checking information may be incorrect. [C:\Users\eleves\Desktop\ES_FPGA\TP_ASCON\project_ascon\project_ascon.srcs\sources_1\new\top_ascon.sv:]
WARNING: [filemgmt 56-199] Attempt to get parsing info during refresh. "On-the-fly" syntax checking information may be incorrect. [C:\Users\eleves\Desktop\ES_FPGA\TP_ASCON\project_ascon\project_ascon.srcs\sources_1\imports\RTL\ascon.sv:]
WARNING: [filemgmt 56-199] Attempt to get parsing info during refresh. "On-the-fly" syntax checking information may be incorrect. [C:\Users\eleves\Desktop\ES_FPGA\TP_ASCON\project_ascon\project_ascon.srcs\sim_1\new\top_ascon_tb.sv:]
WARNING: [filemgmt 56-199] Attempt to get parsing info during refresh. "On-the-fly" syntax checking information may be incorrect. [C:\Users\eleves\Desktop\ES_FPGA\TP_ASCON\project_ascon\project_ascon.srcs\sources_1\imports\RTL\fsm_moore.sv:]
WARNING: [filemgmt 56-199] Attempt to get parsing info during refresh. "On-the-fly" syntax checking information may be incorrect. [C:\Users\eleves\Desktop\ES_FPGA\TP_ASCON\project_ascon\project_ascon.srcs\sources_1\imports\RTL\ascon.sv:]
WARNING: [filemgmt 56-199] Attempt to get parsing info during refresh. "On-the-fly" syntax checking information may be incorrect. [C:\Users\eleves\Desktop\ES_FPGA\TP_ASCON\project_ascon\project_ascon.srcs\sources_1\imports\RTL\ascon.sv:]
ERROR: [Common 17-180] Spawn failed: No error
ERROR: [Common 17-180] Spawn failed: No error
WARNING: [filemgmt 56-199] Attempt to get parsing info during refresh. "On-the-fly" syntax checking information may be incorrect. [C:\Users\eleves\Desktop\ES_FPGA\TP_ASCON\project_ascon\project_ascon.srcs\sources_1\new\top_ascon.sv:]
WARNING: [filemgmt 56-199] Attempt to get parsing info during refresh. "On-the-fly" syntax checking information may be incorrect. [C:\Users\eleves\Desktop\ES_FPGA\TP_ASCON\project_ascon\project_ascon.srcs\sources_1\imports\RTL\ascon.sv:]
WARNING: [filemgmt 56-199] Attempt to get parsing info during refresh. "On-the-fly" syntax checking information may be incorrect. [C:\Users\eleves\Desktop\ES_FPGA\TP_ASCON\project_ascon\project_ascon.srcs\sim_1\new\top_ascon_tb.sv:]
WARNING: [filemgmt 56-199] Attempt to get parsing info during refresh. "On-the-fly" syntax checking information may be incorrect. [C:\Users\eleves\Desktop\ES_FPGA\TP_ASCON\project_ascon\project_ascon.srcs\sources_1\imports\RTL\fsm_moore.sv:]
WARNING: [filemgmt 56-199] Attempt to get parsing info during refresh. "On-the-fly" syntax checking information may be incorrect. [C:\Users\eleves\Desktop\ES_FPGA\TP_ASCON\project_ascon\project_ascon.srcs\sources_1\new\top_ascon.sv:]
WARNING: [filemgmt 56-199] Attempt to get parsing info during refresh. "On-the-fly" syntax checking information may be incorrect. [C:\Users\eleves\Desktop\ES_FPGA\TP_ASCON\project_ascon\project_ascon.srcs\sources_1\new\top_ascon.sv:]
WARNING: [filemgmt 56-199] Attempt to get parsing info during refresh. "On-the-fly" syntax checking information may be incorrect. [c:\Users\eleves\Desktop\ES_FPGA\TP_ASCON\project_ascon\project_ascon.gen\sources_1\ip\blk_mem_gen_0\blk_mem_gen_0.vho:]
WARNING: [filemgmt 56-199] Attempt to get parsing info during refresh. "On-the-fly" syntax checking information may be incorrect. [c:\Users\eleves\Desktop\ES_FPGA\TP_ASCON\project_ascon\project_ascon.gen\sources_1\ip\blk_mem_gen_0\blk_mem_gen_0.vho:]
WARNING: [filemgmt 56-199] Attempt to get parsing info during refresh. "On-the-fly" syntax checking information may be incorrect. [c:\Users\eleves\Desktop\ES_FPGA\TP_ASCON\project_ascon\project_ascon.gen\sources_1\ip\blk_mem_gen_0\blk_mem_gen_0.veo:]
WARNING: [filemgmt 56-199] Attempt to get parsing info during refresh. "On-the-fly" syntax checking information may be incorrect. [c:\Users\eleves\Desktop\ES_FPGA\TP_ASCON\project_ascon\project_ascon.gen\sources_1\ip\blk_mem_gen_0\blk_mem_gen_0.veo:]
WARNING: [filemgmt 56-199] Attempt to get parsing info during refresh. "On-the-fly" syntax checking information may be incorrect. [C:\Users\eleves\Desktop\ES_FPGA\TP_ASCON\project_ascon\project_ascon.srcs\sources_1\new\top_ascon.sv:]
WARNING: [filemgmt 56-199] Attempt to get parsing info during refresh. "On-the-fly" syntax checking information may be incorrect. [C:\Users\eleves\Desktop\ES_FPGA\TP_ASCON\project_ascon\project_ascon.srcs\sources_1\imports\RTL\ascon.sv:]
WARNING: [filemgmt 56-199] Attempt to get parsing info during refresh. "On-the-fly" syntax checking information may be incorrect. [C:\Users\eleves\Desktop\ES_FPGA\TP_ASCON\project_ascon\project_ascon.srcs\sim_1\new\top_ascon_tb.sv:]
WARNING: [filemgmt 56-199] Attempt to get parsing info during refresh. "On-the-fly" syntax checking information may be incorrect. [C:\Users\eleves\Desktop\ES_FPGA\TP_ASCON\project_ascon\project_ascon.srcs\sources_1\imports\RTL\fsm_moore.sv:]
WARNING: [filemgmt 56-199] Attempt to get parsing info during refresh. "On-the-fly" syntax checking information may be incorrect. [C:\Users\eleves\Desktop\ES_FPGA\TP_ASCON\project_ascon\project_ascon.srcs\sources_1\imports\RTL\ascon.sv:]
WARNING: [filemgmt 56-199] Attempt to get parsing info during refresh. "On-the-fly" syntax checking information may be incorrect. [C:\Users\eleves\Desktop\ES_FPGA\TP_ASCON\project_ascon\project_ascon.srcs\sources_1\imports\RTL\ascon.sv:]
ERROR: [Common 17-180] Spawn failed: No error
WARNING: [filemgmt 56-199] Attempt to get parsing info during refresh. "On-the-fly" syntax checking information may be incorrect. [C:\Users\eleves\Desktop\ES_FPGA\TP_ASCON\project_ascon\project_ascon.srcs\sources_1\new\top_ascon.sv:]
WARNING: [filemgmt 56-199] Attempt to get parsing info during refresh. "On-the-fly" syntax checking information may be incorrect. [C:\Users\eleves\Desktop\ES_FPGA\TP_ASCON\project_ascon\project_ascon.srcs\sources_1\imports\RTL\ascon.sv:]
WARNING: [filemgmt 56-199] Attempt to get parsing info during refresh. "On-the-fly" syntax checking information may be incorrect. [C:\Users\eleves\Desktop\ES_FPGA\TP_ASCON\project_ascon\project_ascon.srcs\sim_1\new\top_ascon_tb.sv:]
WARNING: [filemgmt 56-199] Attempt to get parsing info during refresh. "On-the-fly" syntax checking information may be incorrect. [C:\Users\eleves\Desktop\ES_FPGA\TP_ASCON\project_ascon\project_ascon.srcs\sources_1\imports\RTL\fsm_moore.sv:]
WARNING: [filemgmt 56-199] Attempt to get parsing info during refresh. "On-the-fly" syntax checking information may be incorrect. [C:\Users\eleves\Desktop\ES_FPGA\TP_ASCON\project_ascon\project_ascon.srcs\sim_1\new\top_ascon_tb.sv:]
WARNING: [filemgmt 56-199] Attempt to get parsing info during refresh. "On-the-fly" syntax checking information may be incorrect. [C:\Users\eleves\Desktop\ES_FPGA\TP_ASCON\project_ascon\project_ascon.srcs\sim_1\new\top_ascon_tb.sv:]
ERROR: [Common 17-180] Spawn failed: No error
WARNING: [filemgmt 56-199] Attempt to get parsing info during refresh. "On-the-fly" syntax checking information may be incorrect. [C:\Users\eleves\Desktop\ES_FPGA\TP_ASCON\project_ascon\project_ascon.srcs\sources_1\new\top_ascon.sv:]
WARNING: [filemgmt 56-199] Attempt to get parsing info during refresh. "On-the-fly" syntax checking information may be incorrect. [C:\Users\eleves\Desktop\ES_FPGA\TP_ASCON\project_ascon\project_ascon.srcs\sources_1\imports\RTL\ascon.sv:]
WARNING: [filemgmt 56-199] Attempt to get parsing info during refresh. "On-the-fly" syntax checking information may be incorrect. [C:\Users\eleves\Desktop\ES_FPGA\TP_ASCON\project_ascon\project_ascon.srcs\sim_1\new\top_ascon_tb.sv:]
WARNING: [filemgmt 56-199] Attempt to get parsing info during refresh. "On-the-fly" syntax checking information may be incorrect. [C:\Users\eleves\Desktop\ES_FPGA\TP_ASCON\project_ascon\project_ascon.srcs\sources_1\imports\RTL\fsm_moore.sv:]
WARNING: [filemgmt 56-199] Attempt to get parsing info during refresh. "On-the-fly" syntax checking information may be incorrect. [C:\Users\eleves\Desktop\ES_FPGA\TP_ASCON\project_ascon\project_ascon.srcs\sources_1\new\top_ascon.sv:]
WARNING: [filemgmt 56-199] Attempt to get parsing info during refresh. "On-the-fly" syntax checking information may be incorrect. [C:\Users\eleves\Desktop\ES_FPGA\TP_ASCON\project_ascon\project_ascon.srcs\sources_1\new\top_ascon.sv:]
WARNING: [filemgmt 56-199] Attempt to get parsing info during refresh. "On-the-fly" syntax checking information may be incorrect. [c:\Users\eleves\Desktop\ES_FPGA\TP_ASCON\project_ascon\project_ascon.gen\sources_1\ip\blk_mem_gen_0\blk_mem_gen_0.vho:]
WARNING: [filemgmt 56-199] Attempt to get parsing info during refresh. "On-the-fly" syntax checking information may be incorrect. [c:\Users\eleves\Desktop\ES_FPGA\TP_ASCON\project_ascon\project_ascon.gen\sources_1\ip\blk_mem_gen_0\blk_mem_gen_0.vho:]
WARNING: [filemgmt 56-199] Attempt to get parsing info during refresh. "On-the-fly" syntax checking information may be incorrect. [c:\Users\eleves\Desktop\ES_FPGA\TP_ASCON\project_ascon\project_ascon.gen\sources_1\ip\blk_mem_gen_0\blk_mem_gen_0.veo:]
WARNING: [filemgmt 56-199] Attempt to get parsing info during refresh. "On-the-fly" syntax checking information may be incorrect. [c:\Users\eleves\Desktop\ES_FPGA\TP_ASCON\project_ascon\project_ascon.gen\sources_1\ip\blk_mem_gen_0\blk_mem_gen_0.veo:]
WARNING: [filemgmt 56-199] Attempt to get parsing info during refresh. "On-the-fly" syntax checking information may be incorrect. [C:\Users\eleves\Desktop\ES_FPGA\TP_ASCON\project_ascon\project_ascon.srcs\sources_1\new\top_ascon.sv:]
WARNING: [filemgmt 56-199] Attempt to get parsing info during refresh. "On-the-fly" syntax checking information may be incorrect. [C:\Users\eleves\Desktop\ES_FPGA\TP_ASCON\project_ascon\project_ascon.srcs\sources_1\imports\RTL\ascon.sv:]
WARNING: [filemgmt 56-199] Attempt to get parsing info during refresh. "On-the-fly" syntax checking information may be incorrect. [C:\Users\eleves\Desktop\ES_FPGA\TP_ASCON\project_ascon\project_ascon.srcs\sim_1\new\top_ascon_tb.sv:]
WARNING: [filemgmt 56-199] Attempt to get parsing info during refresh. "On-the-fly" syntax checking information may be incorrect. [C:\Users\eleves\Desktop\ES_FPGA\TP_ASCON\project_ascon\project_ascon.srcs\sources_1\imports\RTL\fsm_moore.sv:]
WARNING: [filemgmt 56-199] Attempt to get parsing info during refresh. "On-the-fly" syntax checking information may be incorrect. [C:\Users\eleves\Desktop\ES_FPGA\TP_ASCON\project_ascon\project_ascon.srcs\sources_1\imports\RTL\ascon.sv:]
WARNING: [filemgmt 56-199] Attempt to get parsing info during refresh. "On-the-fly" syntax checking information may be incorrect. [C:\Users\eleves\Desktop\ES_FPGA\TP_ASCON\project_ascon\project_ascon.srcs\sources_1\imports\RTL\ascon.sv:]
ERROR: [Common 17-180] Spawn failed: No error
WARNING: [filemgmt 56-199] Attempt to get parsing info during refresh. "On-the-fly" syntax checking information may be incorrect. [C:\Users\eleves\Desktop\ES_FPGA\TP_ASCON\project_ascon\project_ascon.srcs\sources_1\new\top_ascon.sv:]
WARNING: [filemgmt 56-199] Attempt to get parsing info during refresh. "On-the-fly" syntax checking information may be incorrect. [C:\Users\eleves\Desktop\ES_FPGA\TP_ASCON\project_ascon\project_ascon.srcs\sources_1\imports\RTL\ascon.sv:]
WARNING: [filemgmt 56-199] Attempt to get parsing info during refresh. "On-the-fly" syntax checking information may be incorrect. [C:\Users\eleves\Desktop\ES_FPGA\TP_ASCON\project_ascon\project_ascon.srcs\sim_1\new\top_ascon_tb.sv:]
WARNING: [filemgmt 56-199] Attempt to get parsing info during refresh. "On-the-fly" syntax checking information may be incorrect. [C:\Users\eleves\Desktop\ES_FPGA\TP_ASCON\project_ascon\project_ascon.srcs\sources_1\imports\RTL\fsm_moore.sv:]
WARNING: [filemgmt 56-199] Attempt to get parsing info during refresh. "On-the-fly" syntax checking information may be incorrect. [C:\Users\eleves\Desktop\ES_FPGA\TP_ASCON\project_ascon\project_ascon.srcs\sources_1\imports\RTL\fsm_moore.sv:]
WARNING: [filemgmt 56-199] Attempt to get parsing info during refresh. "On-the-fly" syntax checking information may be incorrect. [C:\Users\eleves\Desktop\ES_FPGA\TP_ASCON\project_ascon\project_ascon.srcs\sources_1\imports\RTL\fsm_moore.sv:]
ERROR: [Common 17-180] Spawn failed: No error
WARNING: [filemgmt 56-199] Attempt to get parsing info during refresh. "On-the-fly" syntax checking information may be incorrect. [C:\Users\eleves\Desktop\ES_FPGA\TP_ASCON\project_ascon\project_ascon.srcs\sources_1\new\top_ascon.sv:]
WARNING: [filemgmt 56-199] Attempt to get parsing info during refresh. "On-the-fly" syntax checking information may be incorrect. [C:\Users\eleves\Desktop\ES_FPGA\TP_ASCON\project_ascon\project_ascon.srcs\sources_1\imports\RTL\ascon.sv:]
WARNING: [filemgmt 56-199] Attempt to get parsing info during refresh. "On-the-fly" syntax checking information may be incorrect. [C:\Users\eleves\Desktop\ES_FPGA\TP_ASCON\project_ascon\project_ascon.srcs\sim_1\new\top_ascon_tb.sv:]
WARNING: [filemgmt 56-199] Attempt to get parsing info during refresh. "On-the-fly" syntax checking information may be incorrect. [C:\Users\eleves\Desktop\ES_FPGA\TP_ASCON\project_ascon\project_ascon.srcs\sources_1\imports\RTL\fsm_moore.sv:]
WARNING: [filemgmt 56-199] Attempt to get parsing info during refresh. "On-the-fly" syntax checking information may be incorrect. [C:\Users\eleves\Desktop\ES_FPGA\TP_ASCON\project_ascon\project_ascon.srcs\sources_1\new\top_ascon.sv:]
WARNING: [filemgmt 56-199] Attempt to get parsing info during refresh. "On-the-fly" syntax checking information may be incorrect. [C:\Users\eleves\Desktop\ES_FPGA\TP_ASCON\project_ascon\project_ascon.srcs\sources_1\new\top_ascon.sv:]
WARNING: [filemgmt 56-199] Attempt to get parsing info during refresh. "On-the-fly" syntax checking information may be incorrect. [c:\Users\eleves\Desktop\ES_FPGA\TP_ASCON\project_ascon\project_ascon.gen\sources_1\ip\blk_mem_gen_0\blk_mem_gen_0.vho:]
WARNING: [filemgmt 56-199] Attempt to get parsing info during refresh. "On-the-fly" syntax checking information may be incorrect. [c:\Users\eleves\Desktop\ES_FPGA\TP_ASCON\project_ascon\project_ascon.gen\sources_1\ip\blk_mem_gen_0\blk_mem_gen_0.vho:]
WARNING: [filemgmt 56-199] Attempt to get parsing info during refresh. "On-the-fly" syntax checking information may be incorrect. [c:\Users\eleves\Desktop\ES_FPGA\TP_ASCON\project_ascon\project_ascon.gen\sources_1\ip\blk_mem_gen_0\blk_mem_gen_0.veo:]
WARNING: [filemgmt 56-199] Attempt to get parsing info during refresh. "On-the-fly" syntax checking information may be incorrect. [c:\Users\eleves\Desktop\ES_FPGA\TP_ASCON\project_ascon\project_ascon.gen\sources_1\ip\blk_mem_gen_0\blk_mem_gen_0.veo:]
WARNING: [filemgmt 56-199] Attempt to get parsing info during refresh. "On-the-fly" syntax checking information may be incorrect. [C:\Users\eleves\Desktop\ES_FPGA\TP_ASCON\project_ascon\project_ascon.srcs\sources_1\new\top_ascon.sv:]
WARNING: [filemgmt 56-199] Attempt to get parsing info during refresh. "On-the-fly" syntax checking information may be incorrect. [C:\Users\eleves\Desktop\ES_FPGA\TP_ASCON\project_ascon\project_ascon.srcs\sources_1\imports\RTL\ascon.sv:]
WARNING: [filemgmt 56-199] Attempt to get parsing info during refresh. "On-the-fly" syntax checking information may be incorrect. [C:\Users\eleves\Desktop\ES_FPGA\TP_ASCON\project_ascon\project_ascon.srcs\sim_1\new\top_ascon_tb.sv:]
WARNING: [filemgmt 56-199] Attempt to get parsing info during refresh. "On-the-fly" syntax checking information may be incorrect. [C:\Users\eleves\Desktop\ES_FPGA\TP_ASCON\project_ascon\project_ascon.srcs\sources_1\imports\RTL\fsm_moore.sv:]
WARNING: [filemgmt 56-199] Attempt to get parsing info during refresh. "On-the-fly" syntax checking information may be incorrect. [C:\Users\eleves\Desktop\ES_FPGA\TP_ASCON\project_ascon\project_ascon.srcs\sources_1\imports\RTL\ascon.sv:]
WARNING: [filemgmt 56-199] Attempt to get parsing info during refresh. "On-the-fly" syntax checking information may be incorrect. [C:\Users\eleves\Desktop\ES_FPGA\TP_ASCON\project_ascon\project_ascon.srcs\sources_1\imports\RTL\ascon.sv:]
ERROR: [Common 17-180] Spawn failed: No error
WARNING: [filemgmt 56-199] Attempt to get parsing info during refresh. "On-the-fly" syntax checking information may be incorrect. [C:\Users\eleves\Desktop\ES_FPGA\TP_ASCON\project_ascon\project_ascon.srcs\sources_1\new\top_ascon.sv:]
WARNING: [filemgmt 56-199] Attempt to get parsing info during refresh. "On-the-fly" syntax checking information may be incorrect. [C:\Users\eleves\Desktop\ES_FPGA\TP_ASCON\project_ascon\project_ascon.srcs\sources_1\imports\RTL\ascon.sv:]
WARNING: [filemgmt 56-199] Attempt to get parsing info during refresh. "On-the-fly" syntax checking information may be incorrect. [C:\Users\eleves\Desktop\ES_FPGA\TP_ASCON\project_ascon\project_ascon.srcs\sim_1\new\top_ascon_tb.sv:]
WARNING: [filemgmt 56-199] Attempt to get parsing info during refresh. "On-the-fly" syntax checking information may be incorrect. [C:\Users\eleves\Desktop\ES_FPGA\TP_ASCON\project_ascon\project_ascon.srcs\sources_1\imports\RTL\fsm_moore.sv:]
WARNING: [filemgmt 56-199] Attempt to get parsing info during refresh. "On-the-fly" syntax checking information may be incorrect. [C:\Users\eleves\Desktop\ES_FPGA\TP_ASCON\project_ascon\project_ascon.srcs\sim_1\new\top_ascon_tb.sv:]
WARNING: [filemgmt 56-199] Attempt to get parsing info during refresh. "On-the-fly" syntax checking information may be incorrect. [C:\Users\eleves\Desktop\ES_FPGA\TP_ASCON\project_ascon\project_ascon.srcs\sim_1\new\top_ascon_tb.sv:]
ERROR: [Common 17-180] Spawn failed: No error
WARNING: [filemgmt 56-199] Attempt to get parsing info during refresh. "On-the-fly" syntax checking information may be incorrect. [C:\Users\eleves\Desktop\ES_FPGA\TP_ASCON\project_ascon\project_ascon.srcs\sources_1\new\top_ascon.sv:]
WARNING: [filemgmt 56-199] Attempt to get parsing info during refresh. "On-the-fly" syntax checking information may be incorrect. [C:\Users\eleves\Desktop\ES_FPGA\TP_ASCON\project_ascon\project_ascon.srcs\sources_1\imports\RTL\ascon.sv:]
WARNING: [filemgmt 56-199] Attempt to get parsing info during refresh. "On-the-fly" syntax checking information may be incorrect. [C:\Users\eleves\Desktop\ES_FPGA\TP_ASCON\project_ascon\project_ascon.srcs\sim_1\new\top_ascon_tb.sv:]
WARNING: [filemgmt 56-199] Attempt to get parsing info during refresh. "On-the-fly" syntax checking information may be incorrect. [C:\Users\eleves\Desktop\ES_FPGA\TP_ASCON\project_ascon\project_ascon.srcs\sources_1\imports\RTL\fsm_moore.sv:]
WARNING: [filemgmt 56-199] Attempt to get parsing info during refresh. "On-the-fly" syntax checking information may be incorrect. [C:\Users\eleves\Desktop\ES_FPGA\TP_ASCON\project_ascon\project_ascon.srcs\sources_1\new\top_ascon.sv:]
WARNING: [filemgmt 56-199] Attempt to get parsing info during refresh. "On-the-fly" syntax checking information may be incorrect. [C:\Users\eleves\Desktop\ES_FPGA\TP_ASCON\project_ascon\project_ascon.srcs\sources_1\new\top_ascon.sv:]
WARNING: [filemgmt 56-199] Attempt to get parsing info during refresh. "On-the-fly" syntax checking information may be incorrect. [c:\Users\eleves\Desktop\ES_FPGA\TP_ASCON\project_ascon\project_ascon.gen\sources_1\ip\blk_mem_gen_0\blk_mem_gen_0.vho:]
WARNING: [filemgmt 56-199] Attempt to get parsing info during refresh. "On-the-fly" syntax checking information may be incorrect. [c:\Users\eleves\Desktop\ES_FPGA\TP_ASCON\project_ascon\project_ascon.gen\sources_1\ip\blk_mem_gen_0\blk_mem_gen_0.vho:]
WARNING: [filemgmt 56-199] Attempt to get parsing info during refresh. "On-the-fly" syntax checking information may be incorrect. [c:\Users\eleves\Desktop\ES_FPGA\TP_ASCON\project_ascon\project_ascon.gen\sources_1\ip\blk_mem_gen_0\blk_mem_gen_0.veo:]
WARNING: [filemgmt 56-199] Attempt to get parsing info during refresh. "On-the-fly" syntax checking information may be incorrect. [c:\Users\eleves\Desktop\ES_FPGA\TP_ASCON\project_ascon\project_ascon.gen\sources_1\ip\blk_mem_gen_0\blk_mem_gen_0.veo:]
WARNING: [filemgmt 56-199] Attempt to get parsing info during refresh. "On-the-fly" syntax checking information may be incorrect. [C:\Users\eleves\Desktop\ES_FPGA\TP_ASCON\project_ascon\project_ascon.srcs\sources_1\new\top_ascon.sv:]
WARNING: [filemgmt 56-199] Attempt to get parsing info during refresh. "On-the-fly" syntax checking information may be incorrect. [C:\Users\eleves\Desktop\ES_FPGA\TP_ASCON\project_ascon\project_ascon.srcs\sources_1\imports\RTL\ascon.sv:]
WARNING: [filemgmt 56-199] Attempt to get parsing info during refresh. "On-the-fly" syntax checking information may be incorrect. [C:\Users\eleves\Desktop\ES_FPGA\TP_ASCON\project_ascon\project_ascon.srcs\sim_1\new\top_ascon_tb.sv:]
WARNING: [filemgmt 56-199] Attempt to get parsing info during refresh. "On-the-fly" syntax checking information may be incorrect. [C:\Users\eleves\Desktop\ES_FPGA\TP_ASCON\project_ascon\project_ascon.srcs\sources_1\imports\RTL\fsm_moore.sv:]
WARNING: [filemgmt 56-199] Attempt to get parsing info during refresh. "On-the-fly" syntax checking information may be incorrect. [C:\Users\eleves\Desktop\ES_FPGA\TP_ASCON\project_ascon\project_ascon.srcs\sources_1\imports\RTL\ascon.sv:]
WARNING: [filemgmt 56-199] Attempt to get parsing info during refresh. "On-the-fly" syntax checking information may be incorrect. [C:\Users\eleves\Desktop\ES_FPGA\TP_ASCON\project_ascon\project_ascon.srcs\sources_1\imports\RTL\ascon.sv:]
ERROR: [Common 17-180] Spawn failed: No error
WARNING: [filemgmt 56-199] Attempt to get parsing info during refresh. "On-the-fly" syntax checking information may be incorrect. [C:\Users\eleves\Desktop\ES_FPGA\TP_ASCON\project_ascon\project_ascon.srcs\sources_1\new\top_ascon.sv:]
WARNING: [filemgmt 56-199] Attempt to get parsing info during refresh. "On-the-fly" syntax checking information may be incorrect. [C:\Users\eleves\Desktop\ES_FPGA\TP_ASCON\project_ascon\project_ascon.srcs\sources_1\imports\RTL\ascon.sv:]
WARNING: [filemgmt 56-199] Attempt to get parsing info during refresh. "On-the-fly" syntax checking information may be incorrect. [C:\Users\eleves\Desktop\ES_FPGA\TP_ASCON\project_ascon\project_ascon.srcs\sim_1\new\top_ascon_tb.sv:]
WARNING: [filemgmt 56-199] Attempt to get parsing info during refresh. "On-the-fly" syntax checking information may be incorrect. [C:\Users\eleves\Desktop\ES_FPGA\TP_ASCON\project_ascon\project_ascon.srcs\sources_1\imports\RTL\fsm_moore.sv:]
WARNING: [filemgmt 56-199] Attempt to get parsing info during refresh. "On-the-fly" syntax checking information may be incorrect. [C:\Users\eleves\Desktop\ES_FPGA\TP_ASCON\project_ascon\project_ascon.srcs\sources_1\imports\RTL\fsm_moore.sv:]
WARNING: [filemgmt 56-199] Attempt to get parsing info during refresh. "On-the-fly" syntax checking information may be incorrect. [C:\Users\eleves\Desktop\ES_FPGA\TP_ASCON\project_ascon\project_ascon.srcs\sources_1\imports\RTL\fsm_moore.sv:]
ERROR: [Common 17-180] Spawn failed: No error
WARNING: [filemgmt 56-199] Attempt to get parsing info during refresh. "On-the-fly" syntax checking information may be incorrect. [C:\Users\eleves\Desktop\ES_FPGA\TP_ASCON\project_ascon\project_ascon.srcs\sources_1\new\top_ascon.sv:]
WARNING: [filemgmt 56-199] Attempt to get parsing info during refresh. "On-the-fly" syntax checking information may be incorrect. [C:\Users\eleves\Desktop\ES_FPGA\TP_ASCON\project_ascon\project_ascon.srcs\sources_1\imports\RTL\ascon.sv:]
WARNING: [filemgmt 56-199] Attempt to get parsing info during refresh. "On-the-fly" syntax checking information may be incorrect. [C:\Users\eleves\Desktop\ES_FPGA\TP_ASCON\project_ascon\project_ascon.srcs\sim_1\new\top_ascon_tb.sv:]
WARNING: [filemgmt 56-199] Attempt to get parsing info during refresh. "On-the-fly" syntax checking information may be incorrect. [C:\Users\eleves\Desktop\ES_FPGA\TP_ASCON\project_ascon\project_ascon.srcs\sources_1\imports\RTL\fsm_moore.sv:]
WARNING: [filemgmt 56-199] Attempt to get parsing info during refresh. "On-the-fly" syntax checking information may be incorrect. [C:\Users\eleves\Desktop\ES_FPGA\TP_ASCON\project_ascon\project_ascon.srcs\sources_1\new\top_ascon.sv:]
WARNING: [filemgmt 56-199] Attempt to get parsing info during refresh. "On-the-fly" syntax checking information may be incorrect. [C:\Users\eleves\Desktop\ES_FPGA\TP_ASCON\project_ascon\project_ascon.srcs\sources_1\new\top_ascon.sv:]
WARNING: [filemgmt 56-199] Attempt to get parsing info during refresh. "On-the-fly" syntax checking information may be incorrect. [c:\Users\eleves\Desktop\ES_FPGA\TP_ASCON\project_ascon\project_ascon.gen\sources_1\ip\blk_mem_gen_0\blk_mem_gen_0.vho:]
WARNING: [filemgmt 56-199] Attempt to get parsing info during refresh. "On-the-fly" syntax checking information may be incorrect. [c:\Users\eleves\Desktop\ES_FPGA\TP_ASCON\project_ascon\project_ascon.gen\sources_1\ip\blk_mem_gen_0\blk_mem_gen_0.vho:]
WARNING: [filemgmt 56-199] Attempt to get parsing info during refresh. "On-the-fly" syntax checking information may be incorrect. [c:\Users\eleves\Desktop\ES_FPGA\TP_ASCON\project_ascon\project_ascon.gen\sources_1\ip\blk_mem_gen_0\blk_mem_gen_0.veo:]
WARNING: [filemgmt 56-199] Attempt to get parsing info during refresh. "On-the-fly" syntax checking information may be incorrect. [c:\Users\eleves\Desktop\ES_FPGA\TP_ASCON\project_ascon\project_ascon.gen\sources_1\ip\blk_mem_gen_0\blk_mem_gen_0.veo:]
WARNING: [filemgmt 56-199] Attempt to get parsing info during refresh. "On-the-fly" syntax checking information may be incorrect. [C:\Users\eleves\Desktop\ES_FPGA\TP_ASCON\project_ascon\project_ascon.srcs\sources_1\new\top_ascon.sv:]
WARNING: [filemgmt 56-199] Attempt to get parsing info during refresh. "On-the-fly" syntax checking information may be incorrect. [C:\Users\eleves\Desktop\ES_FPGA\TP_ASCON\project_ascon\project_ascon.srcs\sources_1\imports\RTL\ascon.sv:]
WARNING: [filemgmt 56-199] Attempt to get parsing info during refresh. "On-the-fly" syntax checking information may be incorrect. [C:\Users\eleves\Desktop\ES_FPGA\TP_ASCON\project_ascon\project_ascon.srcs\sim_1\new\top_ascon_tb.sv:]
WARNING: [filemgmt 56-199] Attempt to get parsing info during refresh. "On-the-fly" syntax checking information may be incorrect. [C:\Users\eleves\Desktop\ES_FPGA\TP_ASCON\project_ascon\project_ascon.srcs\sources_1\imports\RTL\fsm_moore.sv:]
WARNING: [filemgmt 56-199] Attempt to get parsing info during refresh. "On-the-fly" syntax checking information may be incorrect. [C:\Users\eleves\Desktop\ES_FPGA\TP_ASCON\project_ascon\project_ascon.srcs\sources_1\imports\RTL\ascon.sv:]
WARNING: [filemgmt 56-199] Attempt to get parsing info during refresh. "On-the-fly" syntax checking information may be incorrect. [C:\Users\eleves\Desktop\ES_FPGA\TP_ASCON\project_ascon\project_ascon.srcs\sources_1\imports\RTL\ascon.sv:]
ERROR: [Common 17-180] Spawn failed: No error
ERROR: [Common 17-180] Spawn failed: No error
WARNING: [filemgmt 56-199] Attempt to get parsing info during refresh. "On-the-fly" syntax checking information may be incorrect. [C:\Users\eleves\Desktop\ES_FPGA\TP_ASCON\project_ascon\project_ascon.srcs\sources_1\new\top_ascon.sv:]
WARNING: [filemgmt 56-199] Attempt to get parsing info during refresh. "On-the-fly" syntax checking information may be incorrect. [C:\Users\eleves\Desktop\ES_FPGA\TP_ASCON\project_ascon\project_ascon.srcs\sources_1\imports\RTL\ascon.sv:]
WARNING: [filemgmt 56-199] Attempt to get parsing info during refresh. "On-the-fly" syntax checking information may be incorrect. [C:\Users\eleves\Desktop\ES_FPGA\TP_ASCON\project_ascon\project_ascon.srcs\sim_1\new\top_ascon_tb.sv:]
WARNING: [filemgmt 56-199] Attempt to get parsing info during refresh. "On-the-fly" syntax checking information may be incorrect. [C:\Users\eleves\Desktop\ES_FPGA\TP_ASCON\project_ascon\project_ascon.srcs\sources_1\imports\RTL\fsm_moore.sv:]
WARNING: [filemgmt 56-199] Attempt to get parsing info during refresh. "On-the-fly" syntax checking information may be incorrect. [C:\Users\eleves\Desktop\ES_FPGA\TP_ASCON\project_ascon\project_ascon.srcs\sources_1\new\top_ascon.sv:]
WARNING: [filemgmt 56-199] Attempt to get parsing info during refresh. "On-the-fly" syntax checking information may be incorrect. [C:\Users\eleves\Desktop\ES_FPGA\TP_ASCON\project_ascon\project_ascon.srcs\sources_1\new\top_ascon.sv:]
WARNING: [filemgmt 56-199] Attempt to get parsing info during refresh. "On-the-fly" syntax checking information may be incorrect. [c:\Users\eleves\Desktop\ES_FPGA\TP_ASCON\project_ascon\project_ascon.gen\sources_1\ip\blk_mem_gen_0\blk_mem_gen_0.vho:]
WARNING: [filemgmt 56-199] Attempt to get parsing info during refresh. "On-the-fly" syntax checking information may be incorrect. [c:\Users\eleves\Desktop\ES_FPGA\TP_ASCON\project_ascon\project_ascon.gen\sources_1\ip\blk_mem_gen_0\blk_mem_gen_0.vho:]
WARNING: [filemgmt 56-199] Attempt to get parsing info during refresh. "On-the-fly" syntax checking information may be incorrect. [c:\Users\eleves\Desktop\ES_FPGA\TP_ASCON\project_ascon\project_ascon.gen\sources_1\ip\blk_mem_gen_0\blk_mem_gen_0.veo:]
WARNING: [filemgmt 56-199] Attempt to get parsing info during refresh. "On-the-fly" syntax checking information may be incorrect. [c:\Users\eleves\Desktop\ES_FPGA\TP_ASCON\project_ascon\project_ascon.gen\sources_1\ip\blk_mem_gen_0\blk_mem_gen_0.veo:]
WARNING: [filemgmt 56-199] Attempt to get parsing info during refresh. "On-the-fly" syntax checking information may be incorrect. [C:\Users\eleves\Desktop\ES_FPGA\TP_ASCON\project_ascon\project_ascon.srcs\sources_1\new\top_ascon.sv:]
WARNING: [filemgmt 56-199] Attempt to get parsing info during refresh. "On-the-fly" syntax checking information may be incorrect. [C:\Users\eleves\Desktop\ES_FPGA\TP_ASCON\project_ascon\project_ascon.srcs\sources_1\imports\RTL\ascon.sv:]
WARNING: [filemgmt 56-199] Attempt to get parsing info during refresh. "On-the-fly" syntax checking information may be incorrect. [C:\Users\eleves\Desktop\ES_FPGA\TP_ASCON\project_ascon\project_ascon.srcs\sim_1\new\top_ascon_tb.sv:]
WARNING: [filemgmt 56-199] Attempt to get parsing info during refresh. "On-the-fly" syntax checking information may be incorrect. [C:\Users\eleves\Desktop\ES_FPGA\TP_ASCON\project_ascon\project_ascon.srcs\sources_1\imports\RTL\fsm_moore.sv:]
WARNING: [filemgmt 56-199] Attempt to get parsing info during refresh. "On-the-fly" syntax checking information may be incorrect. [C:\Users\eleves\Desktop\ES_FPGA\TP_ASCON\project_ascon\project_ascon.srcs\sources_1\imports\RTL\ascon.sv:]
WARNING: [filemgmt 56-199] Attempt to get parsing info during refresh. "On-the-fly" syntax checking information may be incorrect. [C:\Users\eleves\Desktop\ES_FPGA\TP_ASCON\project_ascon\project_ascon.srcs\sources_1\imports\RTL\ascon.sv:]
ERROR: [Common 17-180] Spawn failed: No error
WARNING: [filemgmt 56-199] Attempt to get parsing info during refresh. "On-the-fly" syntax checking information may be incorrect. [C:\Users\eleves\Desktop\ES_FPGA\TP_ASCON\project_ascon\project_ascon.srcs\sources_1\new\top_ascon.sv:]
WARNING: [filemgmt 56-199] Attempt to get parsing info during refresh. "On-the-fly" syntax checking information may be incorrect. [C:\Users\eleves\Desktop\ES_FPGA\TP_ASCON\project_ascon\project_ascon.srcs\sources_1\imports\RTL\ascon.sv:]
WARNING: [filemgmt 56-199] Attempt to get parsing info during refresh. "On-the-fly" syntax checking information may be incorrect. [C:\Users\eleves\Desktop\ES_FPGA\TP_ASCON\project_ascon\project_ascon.srcs\sim_1\new\top_ascon_tb.sv:]
WARNING: [filemgmt 56-199] Attempt to get parsing info during refresh. "On-the-fly" syntax checking information may be incorrect. [C:\Users\eleves\Desktop\ES_FPGA\TP_ASCON\project_ascon\project_ascon.srcs\sources_1\imports\RTL\fsm_moore.sv:]
WARNING: [filemgmt 56-199] Attempt to get parsing info during refresh. "On-the-fly" syntax checking information may be incorrect. [C:\Users\eleves\Desktop\ES_FPGA\TP_ASCON\project_ascon\project_ascon.srcs\sim_1\new\top_ascon_tb.sv:]
WARNING: [filemgmt 56-199] Attempt to get parsing info during refresh. "On-the-fly" syntax checking information may be incorrect. [C:\Users\eleves\Desktop\ES_FPGA\TP_ASCON\project_ascon\project_ascon.srcs\sim_1\new\top_ascon_tb.sv:]
ERROR: [Common 17-180] Spawn failed: No error
WARNING: [filemgmt 56-199] Attempt to get parsing info during refresh. "On-the-fly" syntax checking information may be incorrect. [C:\Users\eleves\Desktop\ES_FPGA\TP_ASCON\project_ascon\project_ascon.srcs\sources_1\new\top_ascon.sv:]
WARNING: [filemgmt 56-199] Attempt to get parsing info during refresh. "On-the-fly" syntax checking information may be incorrect. [C:\Users\eleves\Desktop\ES_FPGA\TP_ASCON\project_ascon\project_ascon.srcs\sim_1\new\top_ascon_tb.sv:]
WARNING: [filemgmt 56-199] Attempt to get parsing info during refresh. "On-the-fly" syntax checking information may be incorrect. [C:\Users\eleves\Desktop\ES_FPGA\TP_ASCON\project_ascon\project_ascon.srcs\sim_1\new\top_ascon_tb.sv:]
WARNING: [filemgmt 56-199] Attempt to get parsing info during refresh. "On-the-fly" syntax checking information may be incorrect. [C:\Users\eleves\Desktop\ES_FPGA\TP_ASCON\project_ascon\project_ascon.srcs\sim_1\new\top_ascon_tb.sv:]
ERROR: [Common 17-180] Spawn failed: No error
WARNING: [filemgmt 56-199] Attempt to get parsing info during refresh. "On-the-fly" syntax checking information may be incorrect. [C:\Users\eleves\Desktop\ES_FPGA\TP_ASCON\project_ascon\project_ascon.srcs\sources_1\new\top_ascon.sv:]
WARNING: [filemgmt 56-199] Attempt to get parsing info during refresh. "On-the-fly" syntax checking information may be incorrect. [C:\Users\eleves\Desktop\ES_FPGA\TP_ASCON\project_ascon\project_ascon.srcs\sim_1\new\top_ascon_tb.sv:]
WARNING: [filemgmt 56-199] Attempt to get parsing info during refresh. "On-the-fly" syntax checking information may be incorrect. [C:\Users\eleves\Desktop\ES_FPGA\TP_ASCON\project_ascon\project_ascon.srcs\sources_1\new\top_ascon.sv:]
WARNING: [filemgmt 56-199] Attempt to get parsing info during refresh. "On-the-fly" syntax checking information may be incorrect. [C:\Users\eleves\Desktop\ES_FPGA\TP_ASCON\project_ascon\project_ascon.srcs\sources_1\new\top_ascon.sv:]
ERROR: [Common 17-180] Spawn failed: No error
update_compile_order -fileset sources_1
WARNING: [filemgmt 56-199] Attempt to get parsing info during refresh. "On-the-fly" syntax checking information may be incorrect. [C:\Users\eleves\Desktop\ES_FPGA\TP_ASCON\project_ascon\project_ascon.srcs\sources_1\new\top_ascon.sv:]
WARNING: [filemgmt 56-199] Attempt to get parsing info during refresh. "On-the-fly" syntax checking information may be incorrect. [C:\Users\eleves\Desktop\ES_FPGA\TP_ASCON\project_ascon\project_ascon.srcs\sim_1\new\top_ascon_tb.sv:]
WARNING: [filemgmt 56-199] Attempt to get parsing info during refresh. "On-the-fly" syntax checking information may be incorrect. [C:\Users\eleves\Desktop\ES_FPGA\TP_ASCON\project_ascon\project_ascon.srcs\sources_1\new\top_ascon.sv:]
WARNING: [filemgmt 56-199] Attempt to get parsing info during refresh. "On-the-fly" syntax checking information may be incorrect. [C:\Users\eleves\Desktop\ES_FPGA\TP_ASCON\project_ascon\project_ascon.srcs\sources_1\new\top_ascon.sv:]
ERROR: [Common 17-180] Spawn failed: No error
close [ open C:/Users/eleves/Desktop/ES_FPGA/TP_ASCON/project_ascon/project_ascon.srcs/sources_1/new/fsm_top.sv w ]
add_files C:/Users/eleves/Desktop/ES_FPGA/TP_ASCON/project_ascon/project_ascon.srcs/sources_1/new/fsm_top.sv
WARNING: [filemgmt 56-199] Attempt to get parsing info during refresh. "On-the-fly" syntax checking information may be incorrect. [C:\Users\eleves\Desktop\ES_FPGA\TP_ASCON\project_ascon\project_ascon.srcs\sources_1\new\top_ascon.sv:]
WARNING: [filemgmt 56-199] Attempt to get parsing info during refresh. "On-the-fly" syntax checking information may be incorrect. [C:\Users\eleves\Desktop\ES_FPGA\TP_ASCON\project_ascon\project_ascon.srcs\sim_1\new\top_ascon_tb.sv:]
WARNING: [filemgmt 56-199] Attempt to get parsing info during refresh. "On-the-fly" syntax checking information may be incorrect. [C:\Users\eleves\Desktop\ES_FPGA\TP_ASCON\project_ascon\project_ascon.srcs\sources_1\new\top_ascon.sv:]
WARNING: [filemgmt 56-199] Attempt to get parsing info during refresh. "On-the-fly" syntax checking information may be incorrect. [C:\Users\eleves\Desktop\ES_FPGA\TP_ASCON\project_ascon\project_ascon.srcs\sources_1\new\top_ascon.sv:]
ERROR: [Common 17-180] Spawn failed: No error
WARNING: [filemgmt 56-199] Attempt to get parsing info during refresh. "On-the-fly" syntax checking information may be incorrect. [C:\Users\eleves\Desktop\ES_FPGA\TP_ASCON\project_ascon\project_ascon.srcs\sources_1\new\top_ascon.sv:]
WARNING: [filemgmt 56-199] Attempt to get parsing info during refresh. "On-the-fly" syntax checking information may be incorrect. [C:\Users\eleves\Desktop\ES_FPGA\TP_ASCON\project_ascon\project_ascon.srcs\sim_1\new\top_ascon_tb.sv:]
WARNING: [filemgmt 56-199] Attempt to get parsing info during refresh. "On-the-fly" syntax checking information may be incorrect. [C:\Users\eleves\Desktop\ES_FPGA\TP_ASCON\project_ascon\project_ascon.srcs\sources_1\new\top_ascon.sv:]
WARNING: [filemgmt 56-199] Attempt to get parsing info during refresh. "On-the-fly" syntax checking information may be incorrect. [C:\Users\eleves\Desktop\ES_FPGA\TP_ASCON\project_ascon\project_ascon.srcs\sources_1\new\top_ascon.sv:]
ERROR: [Common 17-180] Spawn failed: No error
update_compile_order -fileset sources_1
WARNING: [filemgmt 56-199] Attempt to get parsing info during refresh. "On-the-fly" syntax checking information may be incorrect. [C:\Users\eleves\Desktop\ES_FPGA\TP_ASCON\project_ascon\project_ascon.srcs\sources_1\new\top_ascon.sv:]
WARNING: [filemgmt 56-199] Attempt to get parsing info during refresh. "On-the-fly" syntax checking information may be incorrect. [C:\Users\eleves\Desktop\ES_FPGA\TP_ASCON\project_ascon\project_ascon.srcs\sim_1\new\top_ascon_tb.sv:]
WARNING: [filemgmt 56-199] Attempt to get parsing info during refresh. "On-the-fly" syntax checking information may be incorrect. [C:\Users\eleves\Desktop\ES_FPGA\TP_ASCON\project_ascon\project_ascon.srcs\sources_1\new\top_ascon.sv:]
WARNING: [filemgmt 56-199] Attempt to get parsing info during refresh. "On-the-fly" syntax checking information may be incorrect. [C:\Users\eleves\Desktop\ES_FPGA\TP_ASCON\project_ascon\project_ascon.srcs\sources_1\new\top_ascon.sv:]
ERROR: [Common 17-180] Spawn failed: No error
WARNING: [filemgmt 56-199] Attempt to get parsing info during refresh. "On-the-fly" syntax checking information may be incorrect. [C:\Users\eleves\Desktop\ES_FPGA\TP_ASCON\project_ascon\project_ascon.srcs\sources_1\new\top_ascon.sv:]
WARNING: [filemgmt 56-199] Attempt to get parsing info during refresh. "On-the-fly" syntax checking information may be incorrect. [C:\Users\eleves\Desktop\ES_FPGA\TP_ASCON\project_ascon\project_ascon.srcs\sim_1\new\top_ascon_tb.sv:]
WARNING: [filemgmt 56-199] Attempt to get parsing info during refresh. "On-the-fly" syntax checking information may be incorrect. [C:\Users\eleves\Desktop\ES_FPGA\TP_ASCON\project_ascon\project_ascon.srcs\sources_1\new\fsm_top.sv:]
WARNING: [filemgmt 56-199] Attempt to get parsing info during refresh. "On-the-fly" syntax checking information may be incorrect. [C:\Users\eleves\Desktop\ES_FPGA\TP_ASCON\project_ascon\project_ascon.srcs\sources_1\new\top_ascon.sv:]
WARNING: [filemgmt 56-199] Attempt to get parsing info during refresh. "On-the-fly" syntax checking information may be incorrect. [C:\Users\eleves\Desktop\ES_FPGA\TP_ASCON\project_ascon\project_ascon.srcs\sources_1\new\top_ascon.sv:]
WARNING: [filemgmt 56-199] Attempt to get parsing info during refresh. "On-the-fly" syntax checking information may be incorrect. [C:\Users\eleves\Desktop\ES_FPGA\TP_ASCON\project_ascon\project_ascon.srcs\sources_1\new\top_ascon.sv:]
WARNING: [filemgmt 56-199] Attempt to get parsing info during refresh. "On-the-fly" syntax checking information may be incorrect. [C:\Users\eleves\Desktop\ES_FPGA\TP_ASCON\project_ascon\project_ascon.srcs\sim_1\new\top_ascon_tb.sv:]
WARNING: [filemgmt 56-199] Attempt to get parsing info during refresh. "On-the-fly" syntax checking information may be incorrect. [C:\Users\eleves\Desktop\ES_FPGA\TP_ASCON\project_ascon\project_ascon.srcs\sources_1\new\fsm_top.sv:]
WARNING: [filemgmt 56-199] Attempt to get parsing info during refresh. "On-the-fly" syntax checking information may be incorrect. [C:\Users\eleves\Desktop\ES_FPGA\TP_ASCON\project_ascon\project_ascon.srcs\sources_1\new\fsm_top.sv:]
WARNING: [filemgmt 56-199] Attempt to get parsing info during refresh. "On-the-fly" syntax checking information may be incorrect. [C:\Users\eleves\Desktop\ES_FPGA\TP_ASCON\project_ascon\project_ascon.srcs\sources_1\new\fsm_top.sv:]
ERROR: [Common 17-180] Spawn failed: No error
WARNING: [filemgmt 56-199] Attempt to get parsing info during refresh. "On-the-fly" syntax checking information may be incorrect. [C:\Users\eleves\Desktop\ES_FPGA\TP_ASCON\project_ascon\project_ascon.srcs\sources_1\new\top_ascon.sv:]
WARNING: [filemgmt 56-199] Attempt to get parsing info during refresh. "On-the-fly" syntax checking information may be incorrect. [C:\Users\eleves\Desktop\ES_FPGA\TP_ASCON\project_ascon\project_ascon.srcs\sim_1\new\top_ascon_tb.sv:]
WARNING: [filemgmt 56-199] Attempt to get parsing info during refresh. "On-the-fly" syntax checking information may be incorrect. [C:\Users\eleves\Desktop\ES_FPGA\TP_ASCON\project_ascon\project_ascon.srcs\sources_1\new\fsm_top.sv:]
WARNING: [filemgmt 56-199] Attempt to get parsing info during refresh. "On-the-fly" syntax checking information may be incorrect. [C:\Users\eleves\Desktop\ES_FPGA\TP_ASCON\project_ascon\project_ascon.srcs\sim_1\new\top_ascon_tb.sv:]
WARNING: [filemgmt 56-199] Attempt to get parsing info during refresh. "On-the-fly" syntax checking information may be incorrect. [C:\Users\eleves\Desktop\ES_FPGA\TP_ASCON\project_ascon\project_ascon.srcs\sim_1\new\top_ascon_tb.sv:]
ERROR: [Common 17-180] Spawn failed: No error
WARNING: [filemgmt 56-199] Attempt to get parsing info during refresh. "On-the-fly" syntax checking information may be incorrect. [C:\Users\eleves\Desktop\ES_FPGA\TP_ASCON\project_ascon\project_ascon.srcs\sources_1\new\top_ascon.sv:]
WARNING: [filemgmt 56-199] Attempt to get parsing info during refresh. "On-the-fly" syntax checking information may be incorrect. [C:\Users\eleves\Desktop\ES_FPGA\TP_ASCON\project_ascon\project_ascon.srcs\sim_1\new\top_ascon_tb.sv:]
WARNING: [filemgmt 56-199] Attempt to get parsing info during refresh. "On-the-fly" syntax checking information may be incorrect. [C:\Users\eleves\Desktop\ES_FPGA\TP_ASCON\project_ascon\project_ascon.srcs\sources_1\new\fsm_top.sv:]
WARNING: [filemgmt 56-199] Attempt to get parsing info during refresh. "On-the-fly" syntax checking information may be incorrect. [C:\Users\eleves\Desktop\ES_FPGA\TP_ASCON\project_ascon\project_ascon.srcs\sources_1\new\top_ascon.sv:]
WARNING: [filemgmt 56-199] Attempt to get parsing info during refresh. "On-the-fly" syntax checking information may be incorrect. [C:\Users\eleves\Desktop\ES_FPGA\TP_ASCON\project_ascon\project_ascon.srcs\sources_1\new\top_ascon.sv:]
WARNING: [filemgmt 56-199] Attempt to get parsing info during refresh. "On-the-fly" syntax checking information may be incorrect. [C:\Users\eleves\Desktop\ES_FPGA\TP_ASCON\project_ascon\project_ascon.srcs\sources_1\new\top_ascon.sv:]
WARNING: [filemgmt 56-199] Attempt to get parsing info during refresh. "On-the-fly" syntax checking information may be incorrect. [C:\Users\eleves\Desktop\ES_FPGA\TP_ASCON\project_ascon\project_ascon.srcs\sim_1\new\top_ascon_tb.sv:]
WARNING: [filemgmt 56-199] Attempt to get parsing info during refresh. "On-the-fly" syntax checking information may be incorrect. [C:\Users\eleves\Desktop\ES_FPGA\TP_ASCON\project_ascon\project_ascon.srcs\sources_1\new\fsm_top.sv:]
WARNING: [filemgmt 56-199] Attempt to get parsing info during refresh. "On-the-fly" syntax checking information may be incorrect. [C:\Users\eleves\Desktop\ES_FPGA\TP_ASCON\project_ascon\project_ascon.srcs\sim_1\new\top_ascon_tb.sv:]
WARNING: [filemgmt 56-199] Attempt to get parsing info during refresh. "On-the-fly" syntax checking information may be incorrect. [C:\Users\eleves\Desktop\ES_FPGA\TP_ASCON\project_ascon\project_ascon.srcs\sim_1\new\top_ascon_tb.sv:]
WARNING: [filemgmt 56-199] Attempt to get parsing info during refresh. "On-the-fly" syntax checking information may be incorrect. [C:\Users\eleves\Desktop\ES_FPGA\TP_ASCON\project_ascon\project_ascon.srcs\sources_1\new\top_ascon.sv:]
WARNING: [filemgmt 56-199] Attempt to get parsing info during refresh. "On-the-fly" syntax checking information may be incorrect. [C:\Users\eleves\Desktop\ES_FPGA\TP_ASCON\project_ascon\project_ascon.srcs\sim_1\new\top_ascon_tb.sv:]
WARNING: [filemgmt 56-199] Attempt to get parsing info during refresh. "On-the-fly" syntax checking information may be incorrect. [C:\Users\eleves\Desktop\ES_FPGA\TP_ASCON\project_ascon\project_ascon.srcs\sources_1\new\fsm_top.sv:]
WARNING: [filemgmt 56-199] Attempt to get parsing info during refresh. "On-the-fly" syntax checking information may be incorrect. [C:\Users\eleves\Desktop\ES_FPGA\TP_ASCON\project_ascon\project_ascon.srcs\sources_1\new\top_ascon.sv:]
WARNING: [filemgmt 56-199] Attempt to get parsing info during refresh. "On-the-fly" syntax checking information may be incorrect. [C:\Users\eleves\Desktop\ES_FPGA\TP_ASCON\project_ascon\project_ascon.srcs\sources_1\new\top_ascon.sv:]
WARNING: [filemgmt 56-199] Attempt to get parsing info during refresh. "On-the-fly" syntax checking information may be incorrect. [C:\Users\eleves\Desktop\ES_FPGA\TP_ASCON\project_ascon\project_ascon.srcs\sources_1\new\top_ascon.sv:]
WARNING: [filemgmt 56-199] Attempt to get parsing info during refresh. "On-the-fly" syntax checking information may be incorrect. [C:\Users\eleves\Desktop\ES_FPGA\TP_ASCON\project_ascon\project_ascon.srcs\sim_1\new\top_ascon_tb.sv:]
WARNING: [filemgmt 56-199] Attempt to get parsing info during refresh. "On-the-fly" syntax checking information may be incorrect. [C:\Users\eleves\Desktop\ES_FPGA\TP_ASCON\project_ascon\project_ascon.srcs\sources_1\new\fsm_top.sv:]
WARNING: [filemgmt 56-199] Attempt to get parsing info during refresh. "On-the-fly" syntax checking information may be incorrect. [C:\Users\eleves\Desktop\ES_FPGA\TP_ASCON\project_ascon\project_ascon.srcs\sim_1\new\top_ascon_tb.sv:]
WARNING: [filemgmt 56-199] Attempt to get parsing info during refresh. "On-the-fly" syntax checking information may be incorrect. [C:\Users\eleves\Desktop\ES_FPGA\TP_ASCON\project_ascon\project_ascon.srcs\sim_1\new\top_ascon_tb.sv:]
WARNING: [filemgmt 56-199] Attempt to get parsing info during refresh. "On-the-fly" syntax checking information may be incorrect. [C:\Users\eleves\Desktop\ES_FPGA\TP_ASCON\project_ascon\project_ascon.srcs\sources_1\new\top_ascon.sv:]
WARNING: [filemgmt 56-199] Attempt to get parsing info during refresh. "On-the-fly" syntax checking information may be incorrect. [C:\Users\eleves\Desktop\ES_FPGA\TP_ASCON\project_ascon\project_ascon.srcs\sim_1\new\top_ascon_tb.sv:]
WARNING: [filemgmt 56-199] Attempt to get parsing info during refresh. "On-the-fly" syntax checking information may be incorrect. [C:\Users\eleves\Desktop\ES_FPGA\TP_ASCON\project_ascon\project_ascon.srcs\sources_1\new\fsm_top.sv:]
WARNING: [filemgmt 56-199] Attempt to get parsing info during refresh. "On-the-fly" syntax checking information may be incorrect. [C:\Users\eleves\Desktop\ES_FPGA\TP_ASCON\project_ascon\project_ascon.srcs\sources_1\new\top_ascon.sv:]
WARNING: [filemgmt 56-199] Attempt to get parsing info during refresh. "On-the-fly" syntax checking information may be incorrect. [C:\Users\eleves\Desktop\ES_FPGA\TP_ASCON\project_ascon\project_ascon.srcs\sources_1\new\top_ascon.sv:]
WARNING: [filemgmt 56-199] Attempt to get parsing info during refresh. "On-the-fly" syntax checking information may be incorrect. [C:\Users\eleves\Desktop\ES_FPGA\TP_ASCON\project_ascon\project_ascon.srcs\sources_1\new\top_ascon.sv:]
WARNING: [filemgmt 56-199] Attempt to get parsing info during refresh. "On-the-fly" syntax checking information may be incorrect. [C:\Users\eleves\Desktop\ES_FPGA\TP_ASCON\project_ascon\project_ascon.srcs\sim_1\new\top_ascon_tb.sv:]
WARNING: [filemgmt 56-199] Attempt to get parsing info during refresh. "On-the-fly" syntax checking information may be incorrect. [C:\Users\eleves\Desktop\ES_FPGA\TP_ASCON\project_ascon\project_ascon.srcs\sources_1\new\fsm_top.sv:]
WARNING: [filemgmt 56-199] Attempt to get parsing info during refresh. "On-the-fly" syntax checking information may be incorrect. [C:\Users\eleves\Desktop\ES_FPGA\TP_ASCON\project_ascon\project_ascon.srcs\sources_1\new\fsm_top.sv:]
WARNING: [filemgmt 56-199] Attempt to get parsing info during refresh. "On-the-fly" syntax checking information may be incorrect. [C:\Users\eleves\Desktop\ES_FPGA\TP_ASCON\project_ascon\project_ascon.srcs\sources_1\new\fsm_top.sv:]
WARNING: [filemgmt 56-199] Attempt to get parsing info during refresh. "On-the-fly" syntax checking information may be incorrect. [C:\Users\eleves\Desktop\ES_FPGA\TP_ASCON\project_ascon\project_ascon.srcs\sources_1\new\top_ascon.sv:]
WARNING: [filemgmt 56-199] Attempt to get parsing info during refresh. "On-the-fly" syntax checking information may be incorrect. [C:\Users\eleves\Desktop\ES_FPGA\TP_ASCON\project_ascon\project_ascon.srcs\sim_1\new\top_ascon_tb.sv:]
WARNING: [filemgmt 56-199] Attempt to get parsing info during refresh. "On-the-fly" syntax checking information may be incorrect. [C:\Users\eleves\Desktop\ES_FPGA\TP_ASCON\project_ascon\project_ascon.srcs\sources_1\new\fsm_top.sv:]
WARNING: [filemgmt 56-199] Attempt to get parsing info during refresh. "On-the-fly" syntax checking information may be incorrect. [C:\Users\eleves\Desktop\ES_FPGA\TP_ASCON\project_ascon\project_ascon.srcs\sources_1\new\top_ascon.sv:]
WARNING: [filemgmt 56-199] Attempt to get parsing info during refresh. "On-the-fly" syntax checking information may be incorrect. [C:\Users\eleves\Desktop\ES_FPGA\TP_ASCON\project_ascon\project_ascon.srcs\sources_1\new\top_ascon.sv:]
WARNING: [filemgmt 56-199] Attempt to get parsing info during refresh. "On-the-fly" syntax checking information may be incorrect. [C:\Users\eleves\Desktop\ES_FPGA\TP_ASCON\project_ascon\project_ascon.srcs\sources_1\new\top_ascon.sv:]
WARNING: [filemgmt 56-199] Attempt to get parsing info during refresh. "On-the-fly" syntax checking information may be incorrect. [C:\Users\eleves\Desktop\ES_FPGA\TP_ASCON\project_ascon\project_ascon.srcs\sim_1\new\top_ascon_tb.sv:]
WARNING: [filemgmt 56-199] Attempt to get parsing info during refresh. "On-the-fly" syntax checking information may be incorrect. [C:\Users\eleves\Desktop\ES_FPGA\TP_ASCON\project_ascon\project_ascon.srcs\sources_1\new\fsm_top.sv:]
WARNING: [filemgmt 56-199] Attempt to get parsing info during refresh. "On-the-fly" syntax checking information may be incorrect. [C:\Users\eleves\Desktop\ES_FPGA\TP_ASCON\project_ascon\project_ascon.srcs\sim_1\new\top_ascon_tb.sv:]
WARNING: [filemgmt 56-199] Attempt to get parsing info during refresh. "On-the-fly" syntax checking information may be incorrect. [C:\Users\eleves\Desktop\ES_FPGA\TP_ASCON\project_ascon\project_ascon.srcs\sim_1\new\top_ascon_tb.sv:]
WARNING: [filemgmt 56-199] Attempt to get parsing info during refresh. "On-the-fly" syntax checking information may be incorrect. [C:\Users\eleves\Desktop\ES_FPGA\TP_ASCON\project_ascon\project_ascon.srcs\sources_1\new\top_ascon.sv:]
WARNING: [filemgmt 56-199] Attempt to get parsing info during refresh. "On-the-fly" syntax checking information may be incorrect. [C:\Users\eleves\Desktop\ES_FPGA\TP_ASCON\project_ascon\project_ascon.srcs\sim_1\new\top_ascon_tb.sv:]
WARNING: [filemgmt 56-199] Attempt to get parsing info during refresh. "On-the-fly" syntax checking information may be incorrect. [C:\Users\eleves\Desktop\ES_FPGA\TP_ASCON\project_ascon\project_ascon.srcs\sources_1\new\fsm_top.sv:]
WARNING: [filemgmt 56-199] Attempt to get parsing info during refresh. "On-the-fly" syntax checking information may be incorrect. [C:\Users\eleves\Desktop\ES_FPGA\TP_ASCON\project_ascon\project_ascon.srcs\sources_1\new\top_ascon.sv:]
WARNING: [filemgmt 56-199] Attempt to get parsing info during refresh. "On-the-fly" syntax checking information may be incorrect. [C:\Users\eleves\Desktop\ES_FPGA\TP_ASCON\project_ascon\project_ascon.srcs\sources_1\new\top_ascon.sv:]
WARNING: [filemgmt 56-199] Attempt to get parsing info during refresh. "On-the-fly" syntax checking information may be incorrect. [C:\Users\eleves\Desktop\ES_FPGA\TP_ASCON\project_ascon\project_ascon.srcs\sources_1\new\top_ascon.sv:]
WARNING: [filemgmt 56-199] Attempt to get parsing info during refresh. "On-the-fly" syntax checking information may be incorrect. [C:\Users\eleves\Desktop\ES_FPGA\TP_ASCON\project_ascon\project_ascon.srcs\sim_1\new\top_ascon_tb.sv:]
WARNING: [filemgmt 56-199] Attempt to get parsing info during refresh. "On-the-fly" syntax checking information may be incorrect. [C:\Users\eleves\Desktop\ES_FPGA\TP_ASCON\project_ascon\project_ascon.srcs\sources_1\new\fsm_top.sv:]
WARNING: [filemgmt 56-199] Attempt to get parsing info during refresh. "On-the-fly" syntax checking information may be incorrect. [C:\Users\eleves\Desktop\ES_FPGA\TP_ASCON\project_ascon\project_ascon.srcs\sim_1\new\top_ascon_tb.sv:]
WARNING: [filemgmt 56-199] Attempt to get parsing info during refresh. "On-the-fly" syntax checking information may be incorrect. [C:\Users\eleves\Desktop\ES_FPGA\TP_ASCON\project_ascon\project_ascon.srcs\sim_1\new\top_ascon_tb.sv:]
WARNING: [filemgmt 56-199] Attempt to get parsing info during refresh. "On-the-fly" syntax checking information may be incorrect. [C:\Users\eleves\Desktop\ES_FPGA\TP_ASCON\project_ascon\project_ascon.srcs\sources_1\new\top_ascon.sv:]
WARNING: [filemgmt 56-199] Attempt to get parsing info during refresh. "On-the-fly" syntax checking information may be incorrect. [C:\Users\eleves\Desktop\ES_FPGA\TP_ASCON\project_ascon\project_ascon.srcs\sim_1\new\top_ascon_tb.sv:]
WARNING: [filemgmt 56-199] Attempt to get parsing info during refresh. "On-the-fly" syntax checking information may be incorrect. [C:\Users\eleves\Desktop\ES_FPGA\TP_ASCON\project_ascon\project_ascon.srcs\sources_1\new\fsm_top.sv:]
WARNING: [filemgmt 56-199] Attempt to get parsing info during refresh. "On-the-fly" syntax checking information may be incorrect. [C:\Users\eleves\Desktop\ES_FPGA\TP_ASCON\project_ascon\project_ascon.srcs\sources_1\new\top_ascon.sv:]
WARNING: [filemgmt 56-199] Attempt to get parsing info during refresh. "On-the-fly" syntax checking information may be incorrect. [C:\Users\eleves\Desktop\ES_FPGA\TP_ASCON\project_ascon\project_ascon.srcs\sources_1\new\top_ascon.sv:]
WARNING: [filemgmt 56-199] Attempt to get parsing info during refresh. "On-the-fly" syntax checking information may be incorrect. [C:\Users\eleves\Desktop\ES_FPGA\TP_ASCON\project_ascon\project_ascon.srcs\sources_1\new\top_ascon.sv:]
WARNING: [filemgmt 56-199] Attempt to get parsing info during refresh. "On-the-fly" syntax checking information may be incorrect. [C:\Users\eleves\Desktop\ES_FPGA\TP_ASCON\project_ascon\project_ascon.srcs\sources_1\new\top_ascon.sv:]
WARNING: [filemgmt 56-199] Attempt to get parsing info during refresh. "On-the-fly" syntax checking information may be incorrect. [C:\Users\eleves\Desktop\ES_FPGA\TP_ASCON\project_ascon\project_ascon.srcs\sim_1\new\top_ascon_tb.sv:]
WARNING: [filemgmt 56-199] Attempt to get parsing info during refresh. "On-the-fly" syntax checking information may be incorrect. [C:\Users\eleves\Desktop\ES_FPGA\TP_ASCON\project_ascon\project_ascon.srcs\sources_1\new\fsm_top.sv:]
WARNING: [filemgmt 56-199] Attempt to get parsing info during refresh. "On-the-fly" syntax checking information may be incorrect. [C:\Users\eleves\Desktop\ES_FPGA\TP_ASCON\project_ascon\project_ascon.srcs\sources_1\new\top_ascon.sv:]
WARNING: [filemgmt 56-199] Attempt to get parsing info during refresh. "On-the-fly" syntax checking information may be incorrect. [C:\Users\eleves\Desktop\ES_FPGA\TP_ASCON\project_ascon\project_ascon.srcs\sources_1\new\top_ascon.sv:]
WARNING: [filemgmt 56-199] Attempt to get parsing info during refresh. "On-the-fly" syntax checking information may be incorrect. [C:\Users\eleves\Desktop\ES_FPGA\TP_ASCON\project_ascon\project_ascon.srcs\sources_1\new\top_ascon.sv:]
WARNING: [filemgmt 56-199] Attempt to get parsing info during refresh. "On-the-fly" syntax checking information may be incorrect. [C:\Users\eleves\Desktop\ES_FPGA\TP_ASCON\project_ascon\project_ascon.srcs\sim_1\new\top_ascon_tb.sv:]
WARNING: [filemgmt 56-199] Attempt to get parsing info during refresh. "On-the-fly" syntax checking information may be incorrect. [C:\Users\eleves\Desktop\ES_FPGA\TP_ASCON\project_ascon\project_ascon.srcs\sources_1\new\fsm_top.sv:]
WARNING: [filemgmt 56-199] Attempt to get parsing info during refresh. "On-the-fly" syntax checking information may be incorrect. [C:\Users\eleves\Desktop\ES_FPGA\TP_ASCON\project_ascon\project_ascon.srcs\sources_1\new\fsm_top.sv:]
WARNING: [filemgmt 56-199] Attempt to get parsing info during refresh. "On-the-fly" syntax checking information may be incorrect. [C:\Users\eleves\Desktop\ES_FPGA\TP_ASCON\project_ascon\project_ascon.srcs\sources_1\new\fsm_top.sv:]
WARNING: [filemgmt 56-199] Attempt to get parsing info during refresh. "On-the-fly" syntax checking information may be incorrect. [C:\Users\eleves\Desktop\ES_FPGA\TP_ASCON\project_ascon\project_ascon.srcs\sources_1\new\top_ascon.sv:]
WARNING: [filemgmt 56-199] Attempt to get parsing info during refresh. "On-the-fly" syntax checking information may be incorrect. [C:\Users\eleves\Desktop\ES_FPGA\TP_ASCON\project_ascon\project_ascon.srcs\sim_1\new\top_ascon_tb.sv:]
WARNING: [filemgmt 56-199] Attempt to get parsing info during refresh. "On-the-fly" syntax checking information may be incorrect. [C:\Users\eleves\Desktop\ES_FPGA\TP_ASCON\project_ascon\project_ascon.srcs\sources_1\new\fsm_top.sv:]
WARNING: [filemgmt 56-199] Attempt to get parsing info during refresh. "On-the-fly" syntax checking information may be incorrect. [C:\Users\eleves\Desktop\ES_FPGA\TP_ASCON\project_ascon\project_ascon.srcs\sources_1\new\top_ascon.sv:]
WARNING: [filemgmt 56-199] Attempt to get parsing info during refresh. "On-the-fly" syntax checking information may be incorrect. [C:\Users\eleves\Desktop\ES_FPGA\TP_ASCON\project_ascon\project_ascon.srcs\sources_1\new\top_ascon.sv:]
WARNING: [filemgmt 56-199] Attempt to get parsing info during refresh. "On-the-fly" syntax checking information may be incorrect. [C:\Users\eleves\Desktop\ES_FPGA\TP_ASCON\project_ascon\project_ascon.srcs\sources_1\new\top_ascon.sv:]
WARNING: [filemgmt 56-199] Attempt to get parsing info during refresh. "On-the-fly" syntax checking information may be incorrect. [C:\Users\eleves\Desktop\ES_FPGA\TP_ASCON\project_ascon\project_ascon.srcs\sim_1\new\top_ascon_tb.sv:]
WARNING: [filemgmt 56-199] Attempt to get parsing info during refresh. "On-the-fly" syntax checking information may be incorrect. [C:\Users\eleves\Desktop\ES_FPGA\TP_ASCON\project_ascon\project_ascon.srcs\sources_1\new\fsm_top.sv:]
WARNING: [filemgmt 56-199] Attempt to get parsing info during refresh. "On-the-fly" syntax checking information may be incorrect. [C:\Users\eleves\Desktop\ES_FPGA\TP_ASCON\project_ascon\project_ascon.srcs\sim_1\new\top_ascon_tb.sv:]
WARNING: [filemgmt 56-199] Attempt to get parsing info during refresh. "On-the-fly" syntax checking information may be incorrect. [C:\Users\eleves\Desktop\ES_FPGA\TP_ASCON\project_ascon\project_ascon.srcs\sim_1\new\top_ascon_tb.sv:]
WARNING: [filemgmt 56-199] Attempt to get parsing info during refresh. "On-the-fly" syntax checking information may be incorrect. [C:\Users\eleves\Desktop\ES_FPGA\TP_ASCON\project_ascon\project_ascon.srcs\sources_1\new\top_ascon.sv:]
WARNING: [filemgmt 56-199] Attempt to get parsing info during refresh. "On-the-fly" syntax checking information may be incorrect. [C:\Users\eleves\Desktop\ES_FPGA\TP_ASCON\project_ascon\project_ascon.srcs\sim_1\new\top_ascon_tb.sv:]
WARNING: [filemgmt 56-199] Attempt to get parsing info during refresh. "On-the-fly" syntax checking information may be incorrect. [C:\Users\eleves\Desktop\ES_FPGA\TP_ASCON\project_ascon\project_ascon.srcs\sources_1\new\fsm_top.sv:]
WARNING: [filemgmt 56-199] Attempt to get parsing info during refresh. "On-the-fly" syntax checking information may be incorrect. [C:\Users\eleves\Desktop\ES_FPGA\TP_ASCON\project_ascon\project_ascon.srcs\sources_1\new\top_ascon.sv:]
WARNING: [filemgmt 56-199] Attempt to get parsing info during refresh. "On-the-fly" syntax checking information may be incorrect. [C:\Users\eleves\Desktop\ES_FPGA\TP_ASCON\project_ascon\project_ascon.srcs\sources_1\new\top_ascon.sv:]
WARNING: [filemgmt 56-199] Attempt to get parsing info during refresh. "On-the-fly" syntax checking information may be incorrect. [C:\Users\eleves\Desktop\ES_FPGA\TP_ASCON\project_ascon\project_ascon.srcs\sources_1\new\top_ascon.sv:]
WARNING: [filemgmt 56-199] Attempt to get parsing info during refresh. "On-the-fly" syntax checking information may be incorrect. [C:\Users\eleves\Desktop\ES_FPGA\TP_ASCON\project_ascon\project_ascon.srcs\sim_1\new\top_ascon_tb.sv:]
WARNING: [filemgmt 56-199] Attempt to get parsing info during refresh. "On-the-fly" syntax checking information may be incorrect. [C:\Users\eleves\Desktop\ES_FPGA\TP_ASCON\project_ascon\project_ascon.srcs\sources_1\new\fsm_top.sv:]
WARNING: [filemgmt 56-199] Attempt to get parsing info during refresh. "On-the-fly" syntax checking information may be incorrect. [C:\Users\eleves\Desktop\ES_FPGA\TP_ASCON\project_ascon\project_ascon.srcs\sources_1\new\fsm_top.sv:]
WARNING: [filemgmt 56-199] Attempt to get parsing info during refresh. "On-the-fly" syntax checking information may be incorrect. [C:\Users\eleves\Desktop\ES_FPGA\TP_ASCON\project_ascon\project_ascon.srcs\sources_1\new\fsm_top.sv:]
WARNING: [filemgmt 56-199] Attempt to get parsing info during refresh. "On-the-fly" syntax checking information may be incorrect. [C:\Users\eleves\Desktop\ES_FPGA\TP_ASCON\project_ascon\project_ascon.srcs\sources_1\new\top_ascon.sv:]
WARNING: [filemgmt 56-199] Attempt to get parsing info during refresh. "On-the-fly" syntax checking information may be incorrect. [C:\Users\eleves\Desktop\ES_FPGA\TP_ASCON\project_ascon\project_ascon.srcs\sim_1\new\top_ascon_tb.sv:]
WARNING: [filemgmt 56-199] Attempt to get parsing info during refresh. "On-the-fly" syntax checking information may be incorrect. [C:\Users\eleves\Desktop\ES_FPGA\TP_ASCON\project_ascon\project_ascon.srcs\sources_1\new\fsm_top.sv:]
WARNING: [filemgmt 56-199] Attempt to get parsing info during refresh. "On-the-fly" syntax checking information may be incorrect. [C:\Users\eleves\Desktop\ES_FPGA\TP_ASCON\project_ascon\project_ascon.srcs\sources_1\new\top_ascon.sv:]
WARNING: [filemgmt 56-199] Attempt to get parsing info during refresh. "On-the-fly" syntax checking information may be incorrect. [C:\Users\eleves\Desktop\ES_FPGA\TP_ASCON\project_ascon\project_ascon.srcs\sources_1\new\top_ascon.sv:]
WARNING: [filemgmt 56-199] Attempt to get parsing info during refresh. "On-the-fly" syntax checking information may be incorrect. [C:\Users\eleves\Desktop\ES_FPGA\TP_ASCON\project_ascon\project_ascon.srcs\sources_1\new\top_ascon.sv:]
WARNING: [filemgmt 56-199] Attempt to get parsing info during refresh. "On-the-fly" syntax checking information may be incorrect. [C:\Users\eleves\Desktop\ES_FPGA\TP_ASCON\project_ascon\project_ascon.srcs\sim_1\new\top_ascon_tb.sv:]
WARNING: [filemgmt 56-199] Attempt to get parsing info during refresh. "On-the-fly" syntax checking information may be incorrect. [C:\Users\eleves\Desktop\ES_FPGA\TP_ASCON\project_ascon\project_ascon.srcs\sources_1\new\fsm_top.sv:]
WARNING: [filemgmt 56-199] Attempt to get parsing info during refresh. "On-the-fly" syntax checking information may be incorrect. [C:\Users\eleves\Desktop\ES_FPGA\TP_ASCON\project_ascon\project_ascon.srcs\sim_1\new\top_ascon_tb.sv:]
WARNING: [filemgmt 56-199] Attempt to get parsing info during refresh. "On-the-fly" syntax checking information may be incorrect. [C:\Users\eleves\Desktop\ES_FPGA\TP_ASCON\project_ascon\project_ascon.srcs\sim_1\new\top_ascon_tb.sv:]
WARNING: [filemgmt 56-199] Attempt to get parsing info during refresh. "On-the-fly" syntax checking information may be incorrect. [C:\Users\eleves\Desktop\ES_FPGA\TP_ASCON\project_ascon\project_ascon.srcs\sources_1\new\top_ascon.sv:]
WARNING: [filemgmt 56-199] Attempt to get parsing info during refresh. "On-the-fly" syntax checking information may be incorrect. [C:\Users\eleves\Desktop\ES_FPGA\TP_ASCON\project_ascon\project_ascon.srcs\sim_1\new\top_ascon_tb.sv:]
WARNING: [filemgmt 56-199] Attempt to get parsing info during refresh. "On-the-fly" syntax checking information may be incorrect. [C:\Users\eleves\Desktop\ES_FPGA\TP_ASCON\project_ascon\project_ascon.srcs\sources_1\new\fsm_top.sv:]
WARNING: [filemgmt 56-199] Attempt to get parsing info during refresh. "On-the-fly" syntax checking information may be incorrect. [C:\Users\eleves\Desktop\ES_FPGA\TP_ASCON\project_ascon\project_ascon.srcs\sources_1\new\top_ascon.sv:]
WARNING: [filemgmt 56-199] Attempt to get parsing info during refresh. "On-the-fly" syntax checking information may be incorrect. [C:\Users\eleves\Desktop\ES_FPGA\TP_ASCON\project_ascon\project_ascon.srcs\sources_1\new\top_ascon.sv:]
WARNING: [filemgmt 56-199] Attempt to get parsing info during refresh. "On-the-fly" syntax checking information may be incorrect. [C:\Users\eleves\Desktop\ES_FPGA\TP_ASCON\project_ascon\project_ascon.srcs\sources_1\new\top_ascon.sv:]
WARNING: [filemgmt 56-199] Attempt to get parsing info during refresh. "On-the-fly" syntax checking information may be incorrect. [C:\Users\eleves\Desktop\ES_FPGA\TP_ASCON\project_ascon\project_ascon.srcs\sim_1\new\top_ascon_tb.sv:]
WARNING: [filemgmt 56-199] Attempt to get parsing info during refresh. "On-the-fly" syntax checking information may be incorrect. [C:\Users\eleves\Desktop\ES_FPGA\TP_ASCON\project_ascon\project_ascon.srcs\sources_1\new\fsm_top.sv:]
WARNING: [filemgmt 56-199] Attempt to get parsing info during refresh. "On-the-fly" syntax checking information may be incorrect. [C:\Users\eleves\Desktop\ES_FPGA\TP_ASCON\project_ascon\project_ascon.srcs\sources_1\new\fsm_top.sv:]
WARNING: [filemgmt 56-199] Attempt to get parsing info during refresh. "On-the-fly" syntax checking information may be incorrect. [C:\Users\eleves\Desktop\ES_FPGA\TP_ASCON\project_ascon\project_ascon.srcs\sources_1\new\fsm_top.sv:]
WARNING: [filemgmt 56-199] Attempt to get parsing info during refresh. "On-the-fly" syntax checking information may be incorrect. [C:\Users\eleves\Desktop\ES_FPGA\TP_ASCON\project_ascon\project_ascon.srcs\sources_1\new\top_ascon.sv:]
WARNING: [filemgmt 56-199] Attempt to get parsing info during refresh. "On-the-fly" syntax checking information may be incorrect. [C:\Users\eleves\Desktop\ES_FPGA\TP_ASCON\project_ascon\project_ascon.srcs\sim_1\new\top_ascon_tb.sv:]
WARNING: [filemgmt 56-199] Attempt to get parsing info during refresh. "On-the-fly" syntax checking information may be incorrect. [C:\Users\eleves\Desktop\ES_FPGA\TP_ASCON\project_ascon\project_ascon.srcs\sources_1\new\fsm_top.sv:]
WARNING: [filemgmt 56-199] Attempt to get parsing info during refresh. "On-the-fly" syntax checking information may be incorrect. [C:\Users\eleves\Desktop\ES_FPGA\TP_ASCON\project_ascon\project_ascon.srcs\sources_1\new\top_ascon.sv:]
WARNING: [filemgmt 56-199] Attempt to get parsing info during refresh. "On-the-fly" syntax checking information may be incorrect. [C:\Users\eleves\Desktop\ES_FPGA\TP_ASCON\project_ascon\project_ascon.srcs\sources_1\new\top_ascon.sv:]
WARNING: [filemgmt 56-199] Attempt to get parsing info during refresh. "On-the-fly" syntax checking information may be incorrect. [C:\Users\eleves\Desktop\ES_FPGA\TP_ASCON\project_ascon\project_ascon.srcs\sources_1\new\top_ascon.sv:]
WARNING: [filemgmt 56-199] Attempt to get parsing info during refresh. "On-the-fly" syntax checking information may be incorrect. [C:\Users\eleves\Desktop\ES_FPGA\TP_ASCON\project_ascon\project_ascon.srcs\sim_1\new\top_ascon_tb.sv:]
WARNING: [filemgmt 56-199] Attempt to get parsing info during refresh. "On-the-fly" syntax checking information may be incorrect. [C:\Users\eleves\Desktop\ES_FPGA\TP_ASCON\project_ascon\project_ascon.srcs\sources_1\new\fsm_top.sv:]
WARNING: [filemgmt 56-199] Attempt to get parsing info during refresh. "On-the-fly" syntax checking information may be incorrect. [C:\Users\eleves\Desktop\ES_FPGA\TP_ASCON\project_ascon\project_ascon.srcs\sources_1\new\fsm_top.sv:]
WARNING: [filemgmt 56-199] Attempt to get parsing info during refresh. "On-the-fly" syntax checking information may be incorrect. [C:\Users\eleves\Desktop\ES_FPGA\TP_ASCON\project_ascon\project_ascon.srcs\sources_1\new\fsm_top.sv:]
WARNING: [filemgmt 56-199] Attempt to get parsing info during refresh. "On-the-fly" syntax checking information may be incorrect. [C:\Users\eleves\Desktop\ES_FPGA\TP_ASCON\project_ascon\project_ascon.srcs\sources_1\new\top_ascon.sv:]
WARNING: [filemgmt 56-199] Attempt to get parsing info during refresh. "On-the-fly" syntax checking information may be incorrect. [C:\Users\eleves\Desktop\ES_FPGA\TP_ASCON\project_ascon\project_ascon.srcs\sim_1\new\top_ascon_tb.sv:]
WARNING: [filemgmt 56-199] Attempt to get parsing info during refresh. "On-the-fly" syntax checking information may be incorrect. [C:\Users\eleves\Desktop\ES_FPGA\TP_ASCON\project_ascon\project_ascon.srcs\sources_1\new\fsm_top.sv:]
WARNING: [filemgmt 56-199] Attempt to get parsing info during refresh. "On-the-fly" syntax checking information may be incorrect. [C:\Users\eleves\Desktop\ES_FPGA\TP_ASCON\project_ascon\project_ascon.srcs\sources_1\new\fsm_top.sv:]
WARNING: [filemgmt 56-199] Attempt to get parsing info during refresh. "On-the-fly" syntax checking information may be incorrect. [C:\Users\eleves\Desktop\ES_FPGA\TP_ASCON\project_ascon\project_ascon.srcs\sources_1\new\fsm_top.sv:]
ERROR: [Common 17-180] Spawn failed: No error
WARNING: [filemgmt 56-199] Attempt to get parsing info during refresh. "On-the-fly" syntax checking information may be incorrect. [C:\Users\eleves\Desktop\ES_FPGA\TP_ASCON\project_ascon\project_ascon.srcs\sources_1\new\top_ascon.sv:]
WARNING: [filemgmt 56-199] Attempt to get parsing info during refresh. "On-the-fly" syntax checking information may be incorrect. [C:\Users\eleves\Desktop\ES_FPGA\TP_ASCON\project_ascon\project_ascon.srcs\sim_1\new\top_ascon_tb.sv:]
WARNING: [filemgmt 56-199] Attempt to get parsing info during refresh. "On-the-fly" syntax checking information may be incorrect. [C:\Users\eleves\Desktop\ES_FPGA\TP_ASCON\project_ascon\project_ascon.srcs\sources_1\imports\RTL\fsm_moore.sv:]
WARNING: [filemgmt 56-199] Attempt to get parsing info during refresh. "On-the-fly" syntax checking information may be incorrect. [C:\Users\eleves\Desktop\ES_FPGA\TP_ASCON\project_ascon\project_ascon.srcs\sources_1\new\fsm_top.sv:]
WARNING: [filemgmt 56-199] Attempt to get parsing info during refresh. "On-the-fly" syntax checking information may be incorrect. [C:\Users\eleves\Desktop\ES_FPGA\TP_ASCON\project_ascon\project_ascon.srcs\sources_1\new\top_ascon.sv:]
WARNING: [filemgmt 56-199] Attempt to get parsing info during refresh. "On-the-fly" syntax checking information may be incorrect. [C:\Users\eleves\Desktop\ES_FPGA\TP_ASCON\project_ascon\project_ascon.srcs\sources_1\new\top_ascon.sv:]
WARNING: [filemgmt 56-199] Attempt to get parsing info during refresh. "On-the-fly" syntax checking information may be incorrect. [C:\Users\eleves\Desktop\ES_FPGA\TP_ASCON\project_ascon\project_ascon.srcs\sources_1\new\top_ascon.sv:]
WARNING: [filemgmt 56-199] Attempt to get parsing info during refresh. "On-the-fly" syntax checking information may be incorrect. [C:\Users\eleves\Desktop\ES_FPGA\TP_ASCON\project_ascon\project_ascon.srcs\sim_1\new\top_ascon_tb.sv:]
WARNING: [filemgmt 56-199] Attempt to get parsing info during refresh. "On-the-fly" syntax checking information may be incorrect. [C:\Users\eleves\Desktop\ES_FPGA\TP_ASCON\project_ascon\project_ascon.srcs\sources_1\imports\RTL\fsm_moore.sv:]
WARNING: [filemgmt 56-199] Attempt to get parsing info during refresh. "On-the-fly" syntax checking information may be incorrect. [C:\Users\eleves\Desktop\ES_FPGA\TP_ASCON\project_ascon\project_ascon.srcs\sources_1\new\fsm_top.sv:]
WARNING: [filemgmt 56-199] Attempt to get parsing info during refresh. "On-the-fly" syntax checking information may be incorrect. [C:\Users\eleves\Desktop\ES_FPGA\TP_ASCON\project_ascon\project_ascon.srcs\sources_1\imports\RTL\fsm_moore.sv:]
WARNING: [filemgmt 56-199] Attempt to get parsing info during refresh. "On-the-fly" syntax checking information may be incorrect. [C:\Users\eleves\Desktop\ES_FPGA\TP_ASCON\project_ascon\project_ascon.srcs\sources_1\imports\RTL\fsm_moore.sv:]
ERROR: [Common 17-180] Spawn failed: No error
ERROR: [Common 17-180] Spawn failed: No error
WARNING: [filemgmt 56-199] Attempt to get parsing info during refresh. "On-the-fly" syntax checking information may be incorrect. [C:\Users\eleves\Desktop\ES_FPGA\TP_ASCON\project_ascon\project_ascon.srcs\sources_1\new\top_ascon.sv:]
WARNING: [filemgmt 56-199] Attempt to get parsing info during refresh. "On-the-fly" syntax checking information may be incorrect. [C:\Users\eleves\Desktop\ES_FPGA\TP_ASCON\project_ascon\project_ascon.srcs\sim_1\new\top_ascon_tb.sv:]
WARNING: [filemgmt 56-199] Attempt to get parsing info during refresh. "On-the-fly" syntax checking information may be incorrect. [C:\Users\eleves\Desktop\ES_FPGA\TP_ASCON\project_ascon\project_ascon.srcs\sources_1\imports\RTL\fsm_moore.sv:]
WARNING: [filemgmt 56-199] Attempt to get parsing info during refresh. "On-the-fly" syntax checking information may be incorrect. [C:\Users\eleves\Desktop\ES_FPGA\TP_ASCON\project_ascon\project_ascon.srcs\sources_1\new\fsm_top.sv:]
WARNING: [filemgmt 56-199] Attempt to get parsing info during refresh. "On-the-fly" syntax checking information may be incorrect. [C:\Users\eleves\Desktop\ES_FPGA\TP_ASCON\project_ascon\project_ascon.srcs\sources_1\new\top_ascon.sv:]
WARNING: [filemgmt 56-199] Attempt to get parsing info during refresh. "On-the-fly" syntax checking information may be incorrect. [C:\Users\eleves\Desktop\ES_FPGA\TP_ASCON\project_ascon\project_ascon.srcs\sources_1\new\top_ascon.sv:]
WARNING: [filemgmt 56-199] Attempt to get parsing info during refresh. "On-the-fly" syntax checking information may be incorrect. [C:\Users\eleves\Desktop\ES_FPGA\TP_ASCON\project_ascon\project_ascon.srcs\sources_1\new\top_ascon.sv:]
WARNING: [filemgmt 56-199] Attempt to get parsing info during refresh. "On-the-fly" syntax checking information may be incorrect. [C:\Users\eleves\Desktop\ES_FPGA\TP_ASCON\project_ascon\project_ascon.srcs\sim_1\new\top_ascon_tb.sv:]
WARNING: [filemgmt 56-199] Attempt to get parsing info during refresh. "On-the-fly" syntax checking information may be incorrect. [C:\Users\eleves\Desktop\ES_FPGA\TP_ASCON\project_ascon\project_ascon.srcs\sources_1\imports\RTL\fsm_moore.sv:]
WARNING: [filemgmt 56-199] Attempt to get parsing info during refresh. "On-the-fly" syntax checking information may be incorrect. [C:\Users\eleves\Desktop\ES_FPGA\TP_ASCON\project_ascon\project_ascon.srcs\sources_1\new\fsm_top.sv:]
WARNING: [filemgmt 56-199] Attempt to get parsing info during refresh. "On-the-fly" syntax checking information may be incorrect. [C:\Users\eleves\Desktop\ES_FPGA\TP_ASCON\project_ascon\project_ascon.srcs\sources_1\imports\RTL\fsm_moore.sv:]
WARNING: [filemgmt 56-199] Attempt to get parsing info during refresh. "On-the-fly" syntax checking information may be incorrect. [C:\Users\eleves\Desktop\ES_FPGA\TP_ASCON\project_ascon\project_ascon.srcs\sources_1\imports\RTL\fsm_moore.sv:]
ERROR: [Common 17-180] Spawn failed: No error
WARNING: [filemgmt 56-199] Attempt to get parsing info during refresh. "On-the-fly" syntax checking information may be incorrect. [C:\Users\eleves\Desktop\ES_FPGA\TP_ASCON\project_ascon\project_ascon.srcs\sources_1\new\top_ascon.sv:]
WARNING: [filemgmt 56-199] Attempt to get parsing info during refresh. "On-the-fly" syntax checking information may be incorrect. [C:\Users\eleves\Desktop\ES_FPGA\TP_ASCON\project_ascon\project_ascon.srcs\sim_1\new\top_ascon_tb.sv:]
WARNING: [filemgmt 56-199] Attempt to get parsing info during refresh. "On-the-fly" syntax checking information may be incorrect. [C:\Users\eleves\Desktop\ES_FPGA\TP_ASCON\project_ascon\project_ascon.srcs\sources_1\imports\RTL\fsm_moore.sv:]
WARNING: [filemgmt 56-199] Attempt to get parsing info during refresh. "On-the-fly" syntax checking information may be incorrect. [C:\Users\eleves\Desktop\ES_FPGA\TP_ASCON\project_ascon\project_ascon.srcs\sources_1\new\fsm_top.sv:]
WARNING: [filemgmt 56-199] Attempt to get parsing info during refresh. "On-the-fly" syntax checking information may be incorrect. [C:\Users\eleves\Desktop\ES_FPGA\TP_ASCON\project_ascon\project_ascon.srcs\sim_1\new\top_ascon_tb.sv:]
WARNING: [filemgmt 56-199] Attempt to get parsing info during refresh. "On-the-fly" syntax checking information may be incorrect. [C:\Users\eleves\Desktop\ES_FPGA\TP_ASCON\project_ascon\project_ascon.srcs\sim_1\new\top_ascon_tb.sv:]
ERROR: [Common 17-180] Spawn failed: No error
WARNING: [filemgmt 56-199] Attempt to get parsing info during refresh. "On-the-fly" syntax checking information may be incorrect. [C:\Users\eleves\Desktop\ES_FPGA\TP_ASCON\project_ascon\project_ascon.srcs\sources_1\new\top_ascon.sv:]
WARNING: [filemgmt 56-199] Attempt to get parsing info during refresh. "On-the-fly" syntax checking information may be incorrect. [C:\Users\eleves\Desktop\ES_FPGA\TP_ASCON\project_ascon\project_ascon.srcs\sim_1\new\top_ascon_tb.sv:]
WARNING: [filemgmt 56-199] Attempt to get parsing info during refresh. "On-the-fly" syntax checking information may be incorrect. [C:\Users\eleves\Desktop\ES_FPGA\TP_ASCON\project_ascon\project_ascon.srcs\sources_1\imports\RTL\fsm_moore.sv:]
WARNING: [filemgmt 56-199] Attempt to get parsing info during refresh. "On-the-fly" syntax checking information may be incorrect. [C:\Users\eleves\Desktop\ES_FPGA\TP_ASCON\project_ascon\project_ascon.srcs\sources_1\new\fsm_top.sv:]
WARNING: [filemgmt 56-199] Attempt to get parsing info during refresh. "On-the-fly" syntax checking information may be incorrect. [C:\Users\eleves\Desktop\ES_FPGA\TP_ASCON\project_ascon\project_ascon.srcs\sources_1\new\top_ascon.sv:]
WARNING: [filemgmt 56-199] Attempt to get parsing info during refresh. "On-the-fly" syntax checking information may be incorrect. [C:\Users\eleves\Desktop\ES_FPGA\TP_ASCON\project_ascon\project_ascon.srcs\sources_1\new\top_ascon.sv:]
WARNING: [filemgmt 56-199] Attempt to get parsing info during refresh. "On-the-fly" syntax checking information may be incorrect. [C:\Users\eleves\Desktop\ES_FPGA\TP_ASCON\project_ascon\project_ascon.srcs\sources_1\new\top_ascon.sv:]
WARNING: [filemgmt 56-199] Attempt to get parsing info during refresh. "On-the-fly" syntax checking information may be incorrect. [C:\Users\eleves\Desktop\ES_FPGA\TP_ASCON\project_ascon\project_ascon.srcs\sim_1\new\top_ascon_tb.sv:]
WARNING: [filemgmt 56-199] Attempt to get parsing info during refresh. "On-the-fly" syntax checking information may be incorrect. [C:\Users\eleves\Desktop\ES_FPGA\TP_ASCON\project_ascon\project_ascon.srcs\sources_1\imports\RTL\fsm_moore.sv:]
WARNING: [filemgmt 56-199] Attempt to get parsing info during refresh. "On-the-fly" syntax checking information may be incorrect. [C:\Users\eleves\Desktop\ES_FPGA\TP_ASCON\project_ascon\project_ascon.srcs\sources_1\new\fsm_top.sv:]
WARNING: [filemgmt 56-199] Attempt to get parsing info during refresh. "On-the-fly" syntax checking information may be incorrect. [C:\Users\eleves\Desktop\ES_FPGA\TP_ASCON\project_ascon\project_ascon.srcs\sources_1\new\fsm_top.sv:]
WARNING: [filemgmt 56-199] Attempt to get parsing info during refresh. "On-the-fly" syntax checking information may be incorrect. [C:\Users\eleves\Desktop\ES_FPGA\TP_ASCON\project_ascon\project_ascon.srcs\sources_1\new\fsm_top.sv:]
WARNING: [filemgmt 56-199] Attempt to get parsing info during refresh. "On-the-fly" syntax checking information may be incorrect. [C:\Users\eleves\Desktop\ES_FPGA\TP_ASCON\project_ascon\project_ascon.srcs\sources_1\new\top_ascon.sv:]
WARNING: [filemgmt 56-199] Attempt to get parsing info during refresh. "On-the-fly" syntax checking information may be incorrect. [C:\Users\eleves\Desktop\ES_FPGA\TP_ASCON\project_ascon\project_ascon.srcs\sim_1\new\top_ascon_tb.sv:]
WARNING: [filemgmt 56-199] Attempt to get parsing info during refresh. "On-the-fly" syntax checking information may be incorrect. [C:\Users\eleves\Desktop\ES_FPGA\TP_ASCON\project_ascon\project_ascon.srcs\sources_1\imports\RTL\fsm_moore.sv:]
WARNING: [filemgmt 56-199] Attempt to get parsing info during refresh. "On-the-fly" syntax checking information may be incorrect. [C:\Users\eleves\Desktop\ES_FPGA\TP_ASCON\project_ascon\project_ascon.srcs\sources_1\new\fsm_top.sv:]
WARNING: [filemgmt 56-199] Attempt to get parsing info during refresh. "On-the-fly" syntax checking information may be incorrect. [C:\Users\eleves\Desktop\ES_FPGA\TP_ASCON\project_ascon\project_ascon.srcs\sources_1\new\top_ascon.sv:]
WARNING: [filemgmt 56-199] Attempt to get parsing info during refresh. "On-the-fly" syntax checking information may be incorrect. [C:\Users\eleves\Desktop\ES_FPGA\TP_ASCON\project_ascon\project_ascon.srcs\sources_1\new\top_ascon.sv:]
WARNING: [filemgmt 56-199] Attempt to get parsing info during refresh. "On-the-fly" syntax checking information may be incorrect. [C:\Users\eleves\Desktop\ES_FPGA\TP_ASCON\project_ascon\project_ascon.srcs\sources_1\new\top_ascon.sv:]
WARNING: [filemgmt 56-199] Attempt to get parsing info during refresh. "On-the-fly" syntax checking information may be incorrect. [C:\Users\eleves\Desktop\ES_FPGA\TP_ASCON\project_ascon\project_ascon.srcs\sim_1\new\top_ascon_tb.sv:]
WARNING: [filemgmt 56-199] Attempt to get parsing info during refresh. "On-the-fly" syntax checking information may be incorrect. [C:\Users\eleves\Desktop\ES_FPGA\TP_ASCON\project_ascon\project_ascon.srcs\sources_1\imports\RTL\fsm_moore.sv:]
WARNING: [filemgmt 56-199] Attempt to get parsing info during refresh. "On-the-fly" syntax checking information may be incorrect. [C:\Users\eleves\Desktop\ES_FPGA\TP_ASCON\project_ascon\project_ascon.srcs\sources_1\new\fsm_top.sv:]
WARNING: [filemgmt 56-199] Attempt to get parsing info during refresh. "On-the-fly" syntax checking information may be incorrect. [C:\Users\eleves\Desktop\ES_FPGA\TP_ASCON\project_ascon\project_ascon.srcs\sources_1\imports\RTL\fsm_moore.sv:]
WARNING: [filemgmt 56-199] Attempt to get parsing info during refresh. "On-the-fly" syntax checking information may be incorrect. [C:\Users\eleves\Desktop\ES_FPGA\TP_ASCON\project_ascon\project_ascon.srcs\sources_1\imports\RTL\fsm_moore.sv:]
ERROR: [Common 17-180] Spawn failed: No error
WARNING: [filemgmt 56-199] Attempt to get parsing info during refresh. "On-the-fly" syntax checking information may be incorrect. [C:\Users\eleves\Desktop\ES_FPGA\TP_ASCON\project_ascon\project_ascon.srcs\sources_1\new\top_ascon.sv:]
WARNING: [filemgmt 56-199] Attempt to get parsing info during refresh. "On-the-fly" syntax checking information may be incorrect. [C:\Users\eleves\Desktop\ES_FPGA\TP_ASCON\project_ascon\project_ascon.srcs\sim_1\new\top_ascon_tb.sv:]
WARNING: [filemgmt 56-199] Attempt to get parsing info during refresh. "On-the-fly" syntax checking information may be incorrect. [C:\Users\eleves\Desktop\ES_FPGA\TP_ASCON\project_ascon\project_ascon.srcs\sources_1\imports\RTL\fsm_moore.sv:]
WARNING: [filemgmt 56-199] Attempt to get parsing info during refresh. "On-the-fly" syntax checking information may be incorrect. [C:\Users\eleves\Desktop\ES_FPGA\TP_ASCON\project_ascon\project_ascon.srcs\sources_1\new\fsm_top.sv:]
WARNING: [filemgmt 56-199] Attempt to get parsing info during refresh. "On-the-fly" syntax checking information may be incorrect. [C:\Users\eleves\Desktop\ES_FPGA\TP_ASCON\project_ascon\project_ascon.srcs\sim_1\new\top_ascon_tb.sv:]
WARNING: [filemgmt 56-199] Attempt to get parsing info during refresh. "On-the-fly" syntax checking information may be incorrect. [C:\Users\eleves\Desktop\ES_FPGA\TP_ASCON\project_ascon\project_ascon.srcs\sim_1\new\top_ascon_tb.sv:]
ERROR: [Common 17-180] Spawn failed: No error
WARNING: [filemgmt 56-199] Attempt to get parsing info during refresh. "On-the-fly" syntax checking information may be incorrect. [C:\Users\eleves\Desktop\ES_FPGA\TP_ASCON\project_ascon\project_ascon.srcs\sources_1\new\top_ascon.sv:]
WARNING: [filemgmt 56-199] Attempt to get parsing info during refresh. "On-the-fly" syntax checking information may be incorrect. [C:\Users\eleves\Desktop\ES_FPGA\TP_ASCON\project_ascon\project_ascon.srcs\sim_1\new\top_ascon_tb.sv:]
WARNING: [filemgmt 56-199] Attempt to get parsing info during refresh. "On-the-fly" syntax checking information may be incorrect. [C:\Users\eleves\Desktop\ES_FPGA\TP_ASCON\project_ascon\project_ascon.srcs\sources_1\imports\RTL\fsm_moore.sv:]
WARNING: [filemgmt 56-199] Attempt to get parsing info during refresh. "On-the-fly" syntax checking information may be incorrect. [C:\Users\eleves\Desktop\ES_FPGA\TP_ASCON\project_ascon\project_ascon.srcs\sources_1\new\fsm_top.sv:]
WARNING: [filemgmt 56-199] Attempt to get parsing info during refresh. "On-the-fly" syntax checking information may be incorrect. [C:\Users\eleves\Desktop\ES_FPGA\TP_ASCON\project_ascon\project_ascon.srcs\sources_1\new\top_ascon.sv:]
WARNING: [filemgmt 56-199] Attempt to get parsing info during refresh. "On-the-fly" syntax checking information may be incorrect. [C:\Users\eleves\Desktop\ES_FPGA\TP_ASCON\project_ascon\project_ascon.srcs\sources_1\new\top_ascon.sv:]
WARNING: [filemgmt 56-199] Attempt to get parsing info during refresh. "On-the-fly" syntax checking information may be incorrect. [C:\Users\eleves\Desktop\ES_FPGA\TP_ASCON\project_ascon\project_ascon.srcs\sources_1\new\top_ascon.sv:]
WARNING: [filemgmt 56-199] Attempt to get parsing info during refresh. "On-the-fly" syntax checking information may be incorrect. [C:\Users\eleves\Desktop\ES_FPGA\TP_ASCON\project_ascon\project_ascon.srcs\sim_1\new\top_ascon_tb.sv:]
WARNING: [filemgmt 56-199] Attempt to get parsing info during refresh. "On-the-fly" syntax checking information may be incorrect. [C:\Users\eleves\Desktop\ES_FPGA\TP_ASCON\project_ascon\project_ascon.srcs\sources_1\imports\RTL\fsm_moore.sv:]
WARNING: [filemgmt 56-199] Attempt to get parsing info during refresh. "On-the-fly" syntax checking information may be incorrect. [C:\Users\eleves\Desktop\ES_FPGA\TP_ASCON\project_ascon\project_ascon.srcs\sources_1\new\fsm_top.sv:]
WARNING: [filemgmt 56-199] Attempt to get parsing info during refresh. "On-the-fly" syntax checking information may be incorrect. [C:\Users\eleves\Desktop\ES_FPGA\TP_ASCON\project_ascon\project_ascon.srcs\sources_1\imports\RTL\fsm_moore.sv:]
WARNING: [filemgmt 56-199] Attempt to get parsing info during refresh. "On-the-fly" syntax checking information may be incorrect. [C:\Users\eleves\Desktop\ES_FPGA\TP_ASCON\project_ascon\project_ascon.srcs\sources_1\imports\RTL\fsm_moore.sv:]
ERROR: [Common 17-180] Spawn failed: No error
WARNING: [filemgmt 56-199] Attempt to get parsing info during refresh. "On-the-fly" syntax checking information may be incorrect. [C:\Users\eleves\Desktop\ES_FPGA\TP_ASCON\project_ascon\project_ascon.srcs\sources_1\new\top_ascon.sv:]
WARNING: [filemgmt 56-199] Attempt to get parsing info during refresh. "On-the-fly" syntax checking information may be incorrect. [C:\Users\eleves\Desktop\ES_FPGA\TP_ASCON\project_ascon\project_ascon.srcs\sim_1\new\top_ascon_tb.sv:]
WARNING: [filemgmt 56-199] Attempt to get parsing info during refresh. "On-the-fly" syntax checking information may be incorrect. [C:\Users\eleves\Desktop\ES_FPGA\TP_ASCON\project_ascon\project_ascon.srcs\sources_1\imports\RTL\fsm_moore.sv:]
WARNING: [filemgmt 56-199] Attempt to get parsing info during refresh. "On-the-fly" syntax checking information may be incorrect. [C:\Users\eleves\Desktop\ES_FPGA\TP_ASCON\project_ascon\project_ascon.srcs\sources_1\new\fsm_top.sv:]
WARNING: [filemgmt 56-199] Attempt to get parsing info during refresh. "On-the-fly" syntax checking information may be incorrect. [C:\Users\eleves\Desktop\ES_FPGA\TP_ASCON\project_ascon\project_ascon.srcs\sources_1\new\fsm_top.sv:]
WARNING: [filemgmt 56-199] Attempt to get parsing info during refresh. "On-the-fly" syntax checking information may be incorrect. [C:\Users\eleves\Desktop\ES_FPGA\TP_ASCON\project_ascon\project_ascon.srcs\sources_1\new\fsm_top.sv:]
ERROR: [Common 17-180] Spawn failed: No error
WARNING: [filemgmt 56-199] Attempt to get parsing info during refresh. "On-the-fly" syntax checking information may be incorrect. [C:\Users\eleves\Desktop\ES_FPGA\TP_ASCON\project_ascon\project_ascon.srcs\sources_1\new\top_ascon.sv:]
WARNING: [filemgmt 56-199] Attempt to get parsing info during refresh. "On-the-fly" syntax checking information may be incorrect. [C:\Users\eleves\Desktop\ES_FPGA\TP_ASCON\project_ascon\project_ascon.srcs\sim_1\new\top_ascon_tb.sv:]
WARNING: [filemgmt 56-199] Attempt to get parsing info during refresh. "On-the-fly" syntax checking information may be incorrect. [C:\Users\eleves\Desktop\ES_FPGA\TP_ASCON\project_ascon\project_ascon.srcs\sources_1\imports\RTL\fsm_moore.sv:]
WARNING: [filemgmt 56-199] Attempt to get parsing info during refresh. "On-the-fly" syntax checking information may be incorrect. [C:\Users\eleves\Desktop\ES_FPGA\TP_ASCON\project_ascon\project_ascon.srcs\sources_1\new\fsm_top.sv:]
WARNING: [filemgmt 56-199] Attempt to get parsing info during refresh. "On-the-fly" syntax checking information may be incorrect. [C:\Users\eleves\Desktop\ES_FPGA\TP_ASCON\project_ascon\project_ascon.srcs\sources_1\new\top_ascon.sv:]
WARNING: [filemgmt 56-199] Attempt to get parsing info during refresh. "On-the-fly" syntax checking information may be incorrect. [C:\Users\eleves\Desktop\ES_FPGA\TP_ASCON\project_ascon\project_ascon.srcs\sources_1\new\top_ascon.sv:]
WARNING: [filemgmt 56-199] Attempt to get parsing info during refresh. "On-the-fly" syntax checking information may be incorrect. [C:\Users\eleves\Desktop\ES_FPGA\TP_ASCON\project_ascon\project_ascon.srcs\sources_1\new\top_ascon.sv:]
WARNING: [filemgmt 56-199] Attempt to get parsing info during refresh. "On-the-fly" syntax checking information may be incorrect. [C:\Users\eleves\Desktop\ES_FPGA\TP_ASCON\project_ascon\project_ascon.srcs\sim_1\new\top_ascon_tb.sv:]
WARNING: [filemgmt 56-199] Attempt to get parsing info during refresh. "On-the-fly" syntax checking information may be incorrect. [C:\Users\eleves\Desktop\ES_FPGA\TP_ASCON\project_ascon\project_ascon.srcs\sources_1\imports\RTL\fsm_moore.sv:]
WARNING: [filemgmt 56-199] Attempt to get parsing info during refresh. "On-the-fly" syntax checking information may be incorrect. [C:\Users\eleves\Desktop\ES_FPGA\TP_ASCON\project_ascon\project_ascon.srcs\sources_1\new\fsm_top.sv:]
WARNING: [filemgmt 56-199] Attempt to get parsing info during refresh. "On-the-fly" syntax checking information may be incorrect. [C:\Users\eleves\Desktop\ES_FPGA\TP_ASCON\project_ascon\project_ascon.srcs\sources_1\imports\RTL\fsm_moore.sv:]
WARNING: [filemgmt 56-199] Attempt to get parsing info during refresh. "On-the-fly" syntax checking information may be incorrect. [C:\Users\eleves\Desktop\ES_FPGA\TP_ASCON\project_ascon\project_ascon.srcs\sources_1\imports\RTL\fsm_moore.sv:]
ERROR: [Common 17-180] Spawn failed: No error
WARNING: [filemgmt 56-199] Attempt to get parsing info during refresh. "On-the-fly" syntax checking information may be incorrect. [C:\Users\eleves\Desktop\ES_FPGA\TP_ASCON\project_ascon\project_ascon.srcs\sources_1\new\top_ascon.sv:]
WARNING: [filemgmt 56-199] Attempt to get parsing info during refresh. "On-the-fly" syntax checking information may be incorrect. [C:\Users\eleves\Desktop\ES_FPGA\TP_ASCON\project_ascon\project_ascon.srcs\sim_1\new\top_ascon_tb.sv:]
WARNING: [filemgmt 56-199] Attempt to get parsing info during refresh. "On-the-fly" syntax checking information may be incorrect. [C:\Users\eleves\Desktop\ES_FPGA\TP_ASCON\project_ascon\project_ascon.srcs\sources_1\imports\RTL\fsm_moore.sv:]
WARNING: [filemgmt 56-199] Attempt to get parsing info during refresh. "On-the-fly" syntax checking information may be incorrect. [C:\Users\eleves\Desktop\ES_FPGA\TP_ASCON\project_ascon\project_ascon.srcs\sources_1\new\fsm_top.sv:]
WARNING: [filemgmt 56-199] Attempt to get parsing info during refresh. "On-the-fly" syntax checking information may be incorrect. [C:\Users\eleves\Desktop\ES_FPGA\TP_ASCON\project_ascon\project_ascon.srcs\sources_1\new\fsm_top.sv:]
WARNING: [filemgmt 56-199] Attempt to get parsing info during refresh. "On-the-fly" syntax checking information may be incorrect. [C:\Users\eleves\Desktop\ES_FPGA\TP_ASCON\project_ascon\project_ascon.srcs\sources_1\new\fsm_top.sv:]
ERROR: [Common 17-180] Spawn failed: No error
reset_run synth_1
INFO: [Project 1-1161] Replacing file C:/Users/eleves/Desktop/ES_FPGA/TP_ASCON/project_ascon/project_ascon.srcs/utils_1/imports/synth_1/ascon.dcp with file C:/Users/eleves/Desktop/ES_FPGA/TP_ASCON/project_ascon/project_ascon.runs/synth_1/top_ascon.dcp
WARNING: [filemgmt 56-199] Attempt to get parsing info during refresh. "On-the-fly" syntax checking information may be incorrect. [C:\Users\eleves\Desktop\ES_FPGA\TP_ASCON\project_ascon\project_ascon.srcs\sources_1\new\top_ascon.sv:]
WARNING: [filemgmt 56-199] Attempt to get parsing info during refresh. "On-the-fly" syntax checking information may be incorrect. [C:\Users\eleves\Desktop\ES_FPGA\TP_ASCON\project_ascon\project_ascon.srcs\sim_1\new\top_ascon_tb.sv:]
WARNING: [filemgmt 56-199] Attempt to get parsing info during refresh. "On-the-fly" syntax checking information may be incorrect. [C:\Users\eleves\Desktop\ES_FPGA\TP_ASCON\project_ascon\project_ascon.srcs\sources_1\new\fsm_top.sv:]
WARNING: [filemgmt 56-199] Attempt to get parsing info during refresh. "On-the-fly" syntax checking information may be incorrect. [C:\Users\eleves\Desktop\ES_FPGA\TP_ASCON\project_ascon\project_ascon.srcs\sources_1\new\top_ascon.sv:]
WARNING: [filemgmt 56-199] Attempt to get parsing info during refresh. "On-the-fly" syntax checking information may be incorrect. [C:\Users\eleves\Desktop\ES_FPGA\TP_ASCON\project_ascon\project_ascon.srcs\sources_1\new\top_ascon.sv:]
launch_runs synth_1 -jobs 12
CRITICAL WARNING: [HDL 9-1206] Syntax error near ';' [C:/Users/eleves/Desktop/ES_FPGA/TP_ASCON/project_ascon/project_ascon.srcs/sources_1/new/fsm_top.sv:26]
[Mon Sep 15 16:25:01 2025] Launched synth_1...
Run output will be captured here: C:/Users/eleves/Desktop/ES_FPGA/TP_ASCON/project_ascon/project_ascon.runs/synth_1/runme.log
WARNING: [filemgmt 56-199] Attempt to get parsing info during refresh. "On-the-fly" syntax checking information may be incorrect. [C:\Users\eleves\Desktop\ES_FPGA\TP_ASCON\project_ascon\project_ascon.srcs\sources_1\new\top_ascon.sv:]
WARNING: [filemgmt 56-199] Attempt to get parsing info during refresh. "On-the-fly" syntax checking information may be incorrect. [C:\Users\eleves\Desktop\ES_FPGA\TP_ASCON\project_ascon\project_ascon.srcs\sim_1\new\top_ascon_tb.sv:]
WARNING: [filemgmt 56-199] Attempt to get parsing info during refresh. "On-the-fly" syntax checking information may be incorrect. [C:\Users\eleves\Desktop\ES_FPGA\TP_ASCON\project_ascon\project_ascon.srcs\sources_1\new\fsm_top.sv:]
WARNING: [filemgmt 56-199] Attempt to get parsing info during refresh. "On-the-fly" syntax checking information may be incorrect. [C:\Users\eleves\Desktop\ES_FPGA\TP_ASCON\project_ascon\project_ascon.srcs\sources_1\new\fsm_top.sv:]
WARNING: [filemgmt 56-199] Attempt to get parsing info during refresh. "On-the-fly" syntax checking information may be incorrect. [C:\Users\eleves\Desktop\ES_FPGA\TP_ASCON\project_ascon\project_ascon.srcs\sources_1\new\fsm_top.sv:]
open_run synth_1 -name synth_1
Design is defaulting to impl run constrset: constrs_1
Design is defaulting to synth run part: xc7z020clg484-1
INFO: [Project 1-454] Reading design checkpoint 'c:/Users/eleves/Desktop/ES_FPGA/TP_ASCON/project_ascon/project_ascon.gen/sources_1/ip/clk_wiz_0/clk_wiz_0.dcp' for cell 'clock_100MHz'
INFO: [Project 1-454] Reading design checkpoint 'c:/Users/eleves/Desktop/ES_FPGA/TP_ASCON/project_ascon/project_ascon.gen/sources_1/ip/blk_mem_gen_0/blk_mem_gen_0.dcp' for cell 'memory_rom'
Netlist sorting complete. Time (s): cpu = 00:00:00 ; elapsed = 00:00:00.004 . Memory (MB): peak = 4285.520 ; gain = 0.000
INFO: [Netlist 29-17] Analyzing 2 Unisim elements for replacement
INFO: [Netlist 29-28] Unisim Transformation completed in 0 CPU seconds
INFO: [Project 1-479] Netlist was created with Vivado 2024.2
INFO: [Project 1-570] Preparing netlist for logic optimization
Parsing XDC File [c:/Users/eleves/Desktop/ES_FPGA/TP_ASCON/project_ascon/project_ascon.gen/sources_1/ip/clk_wiz_0/clk_wiz_0_board.xdc] for cell 'clock_100MHz/inst'
Finished Parsing XDC File [c:/Users/eleves/Desktop/ES_FPGA/TP_ASCON/project_ascon/project_ascon.gen/sources_1/ip/clk_wiz_0/clk_wiz_0_board.xdc] for cell 'clock_100MHz/inst'
Parsing XDC File [c:/Users/eleves/Desktop/ES_FPGA/TP_ASCON/project_ascon/project_ascon.gen/sources_1/ip/clk_wiz_0/clk_wiz_0.xdc] for cell 'clock_100MHz/inst'
INFO: [Timing 38-35] Done setting XDC timing constraints. [c:/Users/eleves/Desktop/ES_FPGA/TP_ASCON/project_ascon/project_ascon.gen/sources_1/ip/clk_wiz_0/clk_wiz_0.xdc:54]
INFO: [Timing 38-2] Deriving generated clocks [c:/Users/eleves/Desktop/ES_FPGA/TP_ASCON/project_ascon/project_ascon.gen/sources_1/ip/clk_wiz_0/clk_wiz_0.xdc:54]
Finished Parsing XDC File [c:/Users/eleves/Desktop/ES_FPGA/TP_ASCON/project_ascon/project_ascon.gen/sources_1/ip/clk_wiz_0/clk_wiz_0.xdc] for cell 'clock_100MHz/inst'
INFO: [Opt 31-138] Pushed 0 inverter(s) to 0 load pin(s).
Netlist sorting complete. Time (s): cpu = 00:00:00 ; elapsed = 00:00:00 . Memory (MB): peak = 4285.520 ; gain = 0.000
INFO: [Project 1-111] Unisim Transformation Summary:
No Unisim elements were transformed.

open_run: Time (s): cpu = 00:00:14 ; elapsed = 00:00:11 . Memory (MB): peak = 4285.520 ; gain = 0.000
exit
INFO: [Common 17-206] Exiting Vivado at Mon Sep 15 16:33:28 2025...
