Copyright 1986-2022 Xilinx, Inc. All Rights Reserved. Copyright 2022-2025 Advanced Micro Devices, Inc. All Rights Reserved.
------------------------------------------------------------------------------------------------------------------------------------------------------------------------------------------------------------------------
| Tool Version : Vivado v.2025.1 (win64) Build 6140274 Thu May 22 00:12:29 MDT 2025
| Date         : Wed Apr  1 16:02:51 2026
| Host         : PC-TAU running 64-bit major release  (build 9200)
| Command      : report_timing_summary -max_paths 10 -report_unconstrained -file top_ascon_timing_summary_routed.rpt -pb top_ascon_timing_summary_routed.pb -rpx top_ascon_timing_summary_routed.rpx -warn_on_violation
| Design       : top_ascon
| Device       : 7z020-clg484
| Speed File   : -1  PRODUCTION 1.12 2019-11-22
| Design State : Routed
------------------------------------------------------------------------------------------------------------------------------------------------------------------------------------------------------------------------

Timing Summary Report

------------------------------------------------------------------------------------------------
| Timer Settings
| --------------
------------------------------------------------------------------------------------------------

  Enable Multi Corner Analysis               :  Yes
  Enable Pessimism Removal                   :  Yes
  Pessimism Removal Resolution               :  Nearest Common Node
  Enable Input Delay Default Clock           :  No
  Enable Preset / Clear Arcs                 :  No
  Disable Flight Delays                      :  No
  Ignore I/O Paths                           :  No
  Timing Early Launch at Borrowing Latches   :  No
  Borrow Time for Max Delay Exceptions       :  Yes
  Merge Timing Exceptions                    :  Yes
  Inter-SLR Compensation                     :  Conservative

  Corner  Analyze    Analyze    
  Name    Max Paths  Min Paths  
  ------  ---------  ---------  
  Slow    Yes        Yes        
  Fast    Yes        Yes        


------------------------------------------------------------------------------------------------
| Report Methodology
| ------------------
------------------------------------------------------------------------------------------------

Rule       Severity  Description                    Violations  
---------  --------  -----------------------------  ----------  
TIMING-18  Warning   Missing input or output delay  10          

Note: This report is based on the most recent report_methodology run and may not be up-to-date. Run report_methodology on the current design for the latest report.



check_timing report

Table of Contents
-----------------
1. checking no_clock (0)
2. checking constant_clock (0)
3. checking pulse_width_clock (0)
4. checking unconstrained_internal_endpoints (0)
5. checking no_input_delay (2)
6. checking no_output_delay (8)
7. checking multiple_clock (0)
8. checking generated_clocks (0)
9. checking loops (0)
10. checking partial_input_delay (0)
11. checking partial_output_delay (0)
12. checking latch_loops (0)

1. checking no_clock (0)
------------------------
 There are 0 register/latch pins with no clock.


2. checking constant_clock (0)
------------------------------
 There are 0 register/latch pins with constant_clock.


3. checking pulse_width_clock (0)
---------------------------------
 There are 0 register/latch pins which need pulse_width check


4. checking unconstrained_internal_endpoints (0)
------------------------------------------------
 There are 0 pins that are not constrained for maximum delay.

 There are 0 pins that are not constrained for maximum delay due to constant clock.


5. checking no_input_delay (2)
------------------------------
 There are 2 input ports with no input delay specified. (HIGH)

 There are 0 input ports with no input delay but user has a false path constraint.


6. checking no_output_delay (8)
-------------------------------
 There are 8 ports with no output delay specified. (HIGH)

 There are 0 ports with no output delay but user has a false path constraint

 There are 0 ports with no output delay but with a timing clock defined on it or propagating through it


7. checking multiple_clock (0)
------------------------------
 There are 0 register/latch pins with multiple clocks.


8. checking generated_clocks (0)
--------------------------------
 There are 0 generated clocks that are not connected to a clock source.


9. checking loops (0)
---------------------
 There are 0 combinational loops in the design.


10. checking partial_input_delay (0)
------------------------------------
 There are 0 input ports with partial input delay specified.


11. checking partial_output_delay (0)
-------------------------------------
 There are 0 ports with partial output delay specified.


12. checking latch_loops (0)
----------------------------
 There are 0 combinational latch loops in the design through latch input



------------------------------------------------------------------------------------------------
| Design Timing Summary
| ---------------------
------------------------------------------------------------------------------------------------

    WNS(ns)      TNS(ns)  TNS Failing Endpoints  TNS Total Endpoints      WHS(ns)      THS(ns)  THS Failing Endpoints  THS Total Endpoints     WPWS(ns)     TPWS(ns)  TPWS Failing Endpoints  TPWS Total Endpoints  
    -------      -------  ---------------------  -------------------      -------      -------  ---------------------  -------------------     --------     --------  ----------------------  --------------------  
      1.845        0.000                      0                 1082        0.130        0.000                      0                 1082        3.000        0.000                       0                   571  


All user specified timing constraints are met.


------------------------------------------------------------------------------------------------
| Clock Summary
| -------------
------------------------------------------------------------------------------------------------

Clock                 Waveform(ns)       Period(ns)      Frequency(MHz)
-----                 ------------       ----------      --------------
sys_clock_i           {0.000 5.000}      10.000          100.000         
  clk_out1_clk_wiz_0  {0.000 5.000}      10.000          100.000         
  clkfbout_clk_wiz_0  {0.000 5.000}      10.000          100.000         


------------------------------------------------------------------------------------------------
| Intra Clock Table
| -----------------
------------------------------------------------------------------------------------------------

Clock                     WNS(ns)      TNS(ns)  TNS Failing Endpoints  TNS Total Endpoints      WHS(ns)      THS(ns)  THS Failing Endpoints  THS Total Endpoints     WPWS(ns)     TPWS(ns)  TPWS Failing Endpoints  TPWS Total Endpoints  
-----                     -------      -------  ---------------------  -------------------      -------      -------  ---------------------  -------------------     --------     --------  ----------------------  --------------------  
sys_clock_i                                                                                                                                                             3.000        0.000                       0                     1  
  clk_out1_clk_wiz_0        1.845        0.000                      0                 1082        0.130        0.000                      0                 1082        4.500        0.000                       0                   567  
  clkfbout_clk_wiz_0                                                                                                                                                    7.845        0.000                       0                     3  


------------------------------------------------------------------------------------------------
| Inter Clock Table
| -----------------
------------------------------------------------------------------------------------------------

From Clock    To Clock          WNS(ns)      TNS(ns)  TNS Failing Endpoints  TNS Total Endpoints      WHS(ns)      THS(ns)  THS Failing Endpoints  THS Total Endpoints  
----------    --------          -------      -------  ---------------------  -------------------      -------      -------  ---------------------  -------------------  


------------------------------------------------------------------------------------------------
| Other Path Groups Table
| -----------------------
------------------------------------------------------------------------------------------------

Path Group    From Clock    To Clock          WNS(ns)      TNS(ns)  TNS Failing Endpoints  TNS Total Endpoints      WHS(ns)      THS(ns)  THS Failing Endpoints  THS Total Endpoints  
----------    ----------    --------          -------      -------  ---------------------  -------------------      -------      -------  ---------------------  -------------------  


------------------------------------------------------------------------------------------------
| User Ignored Path Table
| -----------------------
------------------------------------------------------------------------------------------------

Path Group    From Clock    To Clock    
----------    ----------    --------    


------------------------------------------------------------------------------------------------
| Unconstrained Path Table
| ------------------------
------------------------------------------------------------------------------------------------

Path Group          From Clock          To Clock          
----------          ----------          --------          
(none)                                                      
(none)              clk_out1_clk_wiz_0                      
(none)                                  clk_out1_clk_wiz_0  


------------------------------------------------------------------------------------------------
| Timing Details
| --------------
------------------------------------------------------------------------------------------------


---------------------------------------------------------------------------------------------------
From Clock:  sys_clock_i
  To Clock:  sys_clock_i

Setup :           NA  Failing Endpoints,  Worst Slack           NA  ,  Total Violation           NA
Hold  :           NA  Failing Endpoints,  Worst Slack           NA  ,  Total Violation           NA
PW    :            0  Failing Endpoints,  Worst Slack        3.000ns,  Total Violation        0.000ns
---------------------------------------------------------------------------------------------------


Pulse Width Checks
--------------------------------------------------------------------------------------
Clock Name:         sys_clock_i
Waveform(ns):       { 0.000 5.000 }
Period(ns):         10.000
Sources:            { sys_clock_i }

Check Type        Corner  Lib Pin            Reference Pin  Required(ns)  Actual(ns)  Slack(ns)  Location         Pin
Min Period        n/a     MMCME2_ADV/CLKIN1  n/a            1.249         10.000      8.751      MMCME2_ADV_X0Y0  clock_100MHz/inst/mmcm_adv_inst/CLKIN1
Max Period        n/a     MMCME2_ADV/CLKIN1  n/a            100.000       10.000      90.000     MMCME2_ADV_X0Y0  clock_100MHz/inst/mmcm_adv_inst/CLKIN1
Low Pulse Width   Slow    MMCME2_ADV/CLKIN1  n/a            2.000         5.000       3.000      MMCME2_ADV_X0Y0  clock_100MHz/inst/mmcm_adv_inst/CLKIN1
Low Pulse Width   Fast    MMCME2_ADV/CLKIN1  n/a            2.000         5.000       3.000      MMCME2_ADV_X0Y0  clock_100MHz/inst/mmcm_adv_inst/CLKIN1
High Pulse Width  Slow    MMCME2_ADV/CLKIN1  n/a            2.000         5.000       3.000      MMCME2_ADV_X0Y0  clock_100MHz/inst/mmcm_adv_inst/CLKIN1
High Pulse Width  Fast    MMCME2_ADV/CLKIN1  n/a            2.000         5.000       3.000      MMCME2_ADV_X0Y0  clock_100MHz/inst/mmcm_adv_inst/CLKIN1



---------------------------------------------------------------------------------------------------
From Clock:  clk_out1_clk_wiz_0
  To Clock:  clk_out1_clk_wiz_0

Setup :            0  Failing Endpoints,  Worst Slack        1.845ns,  Total Violation        0.000ns
Hold  :            0  Failing Endpoints,  Worst Slack        0.130ns,  Total Violation        0.000ns
PW    :            0  Failing Endpoints,  Worst Slack        4.500ns,  Total Violation        0.000ns
---------------------------------------------------------------------------------------------------


Max Delay Paths
--------------------------------------------------------------------------------------
Slack (MET) :             1.845ns  (required time - arrival time)
  Source:                 DUT/U0/FSM_onehot_Ep_reg[8]/C
                            (rising edge-triggered cell FDCE clocked by clk_out1_clk_wiz_0  {rise@0.000ns fall@5.000ns period=10.000ns})
  Destination:            DUT/U3/UTag/data_s_reg[93]/D
                            (rising edge-triggered cell FDCE clocked by clk_out1_clk_wiz_0  {rise@0.000ns fall@5.000ns period=10.000ns})
  Path Group:             clk_out1_clk_wiz_0
  Path Type:              Setup (Max at Slow Process Corner)
  Requirement:            10.000ns  (clk_out1_clk_wiz_0 rise@10.000ns - clk_out1_clk_wiz_0 rise@0.000ns)
  Data Path Delay:        7.785ns  (logic 1.362ns (17.494%)  route 6.423ns (82.506%))
  Logic Levels:           5  (LUT2=1 LUT3=1 LUT5=1 LUT6=2)
  Clock Path Skew:        -0.035ns (DCD - SCD + CPR)
    Destination Clock Delay (DCD):    -1.398ns = ( 8.602 - 10.000 ) 
    Source Clock Delay      (SCD):    -0.746ns
    Clock Pessimism Removal (CPR):    0.617ns
  Clock Uncertainty:      0.074ns  ((TSJ^2 + DJ^2)^1/2) / 2 + PE
    Total System Jitter     (TSJ):    0.071ns
    Discrete Jitter          (DJ):    0.131ns
    Phase Error              (PE):    0.000ns

    Location             Delay type                Incr(ns)  Path(ns)    Netlist Resource(s)
  -------------------------------------------------------------------    -------------------
                         (clock clk_out1_clk_wiz_0 rise edge)
                                                      0.000     0.000 r  
    Y9                                                0.000     0.000 r  sys_clock_i (IN)
                         net (fo=0)                   0.000     0.000    clock_100MHz/inst/clk_in1
    Y9                   IBUF (Prop_ibuf_I_O)         1.490     1.490 r  clock_100MHz/inst/clkin1_ibufg/O
                         net (fo=1, routed)           1.285     2.775    clock_100MHz/inst/clk_in1_clk_wiz_0
    MMCME2_ADV_X0Y0      MMCME2_ADV (Prop_mmcme2_adv_CLKIN1_CLKOUT0)
                                                     -7.343    -4.568 r  clock_100MHz/inst/mmcm_adv_inst/CLKOUT0
                         net (fo=1, routed)           1.855    -2.713    clock_100MHz/inst/clk_out1_clk_wiz_0
    BUFGCTRL_X0Y0        BUFG (Prop_bufg_I_O)         0.101    -2.612 r  clock_100MHz/inst/clkout1_buf/O
                         net (fo=565, routed)         1.866    -0.746    DUT/U0/CLK
    SLICE_X108Y55        FDCE                                         r  DUT/U0/FSM_onehot_Ep_reg[8]/C
  -------------------------------------------------------------------    -------------------
    SLICE_X108Y55        FDCE (Prop_fdce_C_Q)         0.518    -0.228 f  DUT/U0/FSM_onehot_Ep_reg[8]/Q
                         net (fo=3, routed)           0.829     0.601    DUT/U0/Q[5]
    SLICE_X107Y56        LUT6 (Prop_lut6_I2_O)        0.124     0.725 f  DUT/U0/g0_b2__0_i_6/O
                         net (fo=2, routed)           0.806     1.531    DUT/U0/g0_b2__0_i_6_n_0
    SLICE_X107Y55        LUT6 (Prop_lut6_I3_O)        0.124     1.655 f  DUT/U0/g0_b2__0_i_1/O
                         net (fo=417, routed)         1.516     3.172    DUT/U3/state_register_instance/selectData_s
    SLICE_X94Y65         LUT2 (Prop_lut2_I1_O)        0.116     3.288 r  DUT/U3/state_register_instance/g0_b1__45_i_1/O
                         net (fo=7, routed)           1.367     4.655    DUT/U0/data_s_reg[3][38][7]
    SLICE_X100Y65        LUT5 (Prop_lut5_I0_O)        0.328     4.983 r  DUT/U0/g0_b1__45/O
                         net (fo=3, routed)           1.233     6.216    DUT/U0/U3/output_ps_s[3]_10[46]
    SLICE_X106Y66        LUT3 (Prop_lut3_I2_O)        0.152     6.368 r  DUT/U0/data_s[93]_i_1/O
                         net (fo=2, routed)           0.672     7.040    DUT/U3/UTag/D[93]
    SLICE_X107Y68        FDCE                                         r  DUT/U3/UTag/data_s_reg[93]/D
  -------------------------------------------------------------------    -------------------

                         (clock clk_out1_clk_wiz_0 rise edge)
                                                     10.000    10.000 r  
    Y9                                                0.000    10.000 r  sys_clock_i (IN)
                         net (fo=0)                   0.000    10.000    clock_100MHz/inst/clk_in1
    Y9                   IBUF (Prop_ibuf_I_O)         1.420    11.420 r  clock_100MHz/inst/clkin1_ibufg/O
                         net (fo=1, routed)           1.162    12.582    clock_100MHz/inst/clk_in1_clk_wiz_0
    MMCME2_ADV_X0Y0      MMCME2_ADV (Prop_mmcme2_adv_CLKIN1_CLKOUT0)
                                                     -7.438     5.144 r  clock_100MHz/inst/mmcm_adv_inst/CLKOUT0
                         net (fo=1, routed)           1.691     6.835    clock_100MHz/inst/clk_out1_clk_wiz_0
    BUFGCTRL_X0Y0        BUFG (Prop_bufg_I_O)         0.091     6.926 r  clock_100MHz/inst/clkout1_buf/O
                         net (fo=565, routed)         1.676     8.602    DUT/U3/UTag/CLK
    SLICE_X107Y68        FDCE                                         r  DUT/U3/UTag/data_s_reg[93]/C
                         clock pessimism              0.617     9.219    
                         clock uncertainty           -0.074     9.145    
    SLICE_X107Y68        FDCE (Setup_fdce_C_D)       -0.260     8.885    DUT/U3/UTag/data_s_reg[93]
  -------------------------------------------------------------------
                         required time                          8.885    
                         arrival time                          -7.040    
  -------------------------------------------------------------------
                         slack                                  1.845    

Slack (MET) :             1.910ns  (required time - arrival time)
  Source:                 DUT/U0/FSM_onehot_Ep_reg[8]/C
                            (rising edge-triggered cell FDCE clocked by clk_out1_clk_wiz_0  {rise@0.000ns fall@5.000ns period=10.000ns})
  Destination:            DUT/U3/state_register_instance/data_s_reg[3][29]/D
                            (rising edge-triggered cell FDCE clocked by clk_out1_clk_wiz_0  {rise@0.000ns fall@5.000ns period=10.000ns})
  Path Group:             clk_out1_clk_wiz_0
  Path Type:              Setup (Max at Slow Process Corner)
  Requirement:            10.000ns  (clk_out1_clk_wiz_0 rise@10.000ns - clk_out1_clk_wiz_0 rise@0.000ns)
  Data Path Delay:        7.701ns  (logic 1.362ns (17.687%)  route 6.339ns (82.313%))
  Logic Levels:           5  (LUT2=1 LUT3=1 LUT5=1 LUT6=2)
  Clock Path Skew:        -0.032ns (DCD - SCD + CPR)
    Destination Clock Delay (DCD):    -1.395ns = ( 8.605 - 10.000 ) 
    Source Clock Delay      (SCD):    -0.746ns
    Clock Pessimism Removal (CPR):    0.617ns
  Clock Uncertainty:      0.074ns  ((TSJ^2 + DJ^2)^1/2) / 2 + PE
    Total System Jitter     (TSJ):    0.071ns
    Discrete Jitter          (DJ):    0.131ns
    Phase Error              (PE):    0.000ns

    Location             Delay type                Incr(ns)  Path(ns)    Netlist Resource(s)
  -------------------------------------------------------------------    -------------------
                         (clock clk_out1_clk_wiz_0 rise edge)
                                                      0.000     0.000 r  
    Y9                                                0.000     0.000 r  sys_clock_i (IN)
                         net (fo=0)                   0.000     0.000    clock_100MHz/inst/clk_in1
    Y9                   IBUF (Prop_ibuf_I_O)         1.490     1.490 r  clock_100MHz/inst/clkin1_ibufg/O
                         net (fo=1, routed)           1.285     2.775    clock_100MHz/inst/clk_in1_clk_wiz_0
    MMCME2_ADV_X0Y0      MMCME2_ADV (Prop_mmcme2_adv_CLKIN1_CLKOUT0)
                                                     -7.343    -4.568 r  clock_100MHz/inst/mmcm_adv_inst/CLKOUT0
                         net (fo=1, routed)           1.855    -2.713    clock_100MHz/inst/clk_out1_clk_wiz_0
    BUFGCTRL_X0Y0        BUFG (Prop_bufg_I_O)         0.101    -2.612 r  clock_100MHz/inst/clkout1_buf/O
                         net (fo=565, routed)         1.866    -0.746    DUT/U0/CLK
    SLICE_X108Y55        FDCE                                         r  DUT/U0/FSM_onehot_Ep_reg[8]/C
  -------------------------------------------------------------------    -------------------
    SLICE_X108Y55        FDCE (Prop_fdce_C_Q)         0.518    -0.228 f  DUT/U0/FSM_onehot_Ep_reg[8]/Q
                         net (fo=3, routed)           0.829     0.601    DUT/U0/Q[5]
    SLICE_X107Y56        LUT6 (Prop_lut6_I2_O)        0.124     0.725 f  DUT/U0/g0_b2__0_i_6/O
                         net (fo=2, routed)           0.806     1.531    DUT/U0/g0_b2__0_i_6_n_0
    SLICE_X107Y55        LUT6 (Prop_lut6_I3_O)        0.124     1.655 f  DUT/U0/g0_b2__0_i_1/O
                         net (fo=417, routed)         1.516     3.172    DUT/U3/state_register_instance/selectData_s
    SLICE_X94Y65         LUT2 (Prop_lut2_I1_O)        0.116     3.288 r  DUT/U3/state_register_instance/g0_b1__45_i_1/O
                         net (fo=7, routed)           1.367     4.655    DUT/U0/data_s_reg[3][38][7]
    SLICE_X100Y65        LUT5 (Prop_lut5_I0_O)        0.328     4.983 r  DUT/U0/g0_b1__45/O
                         net (fo=3, routed)           1.233     6.216    DUT/U0/U3/output_ps_s[3]_10[46]
    SLICE_X106Y66        LUT3 (Prop_lut3_I2_O)        0.152     6.368 r  DUT/U0/data_s[93]_i_1/O
                         net (fo=2, routed)           0.587     6.955    DUT/U3/state_register_instance/data_s_reg[3][63]_0[73]
    SLICE_X106Y66        FDCE                                         r  DUT/U3/state_register_instance/data_s_reg[3][29]/D
  -------------------------------------------------------------------    -------------------

                         (clock clk_out1_clk_wiz_0 rise edge)
                                                     10.000    10.000 r  
    Y9                                                0.000    10.000 r  sys_clock_i (IN)
                         net (fo=0)                   0.000    10.000    clock_100MHz/inst/clk_in1
    Y9                   IBUF (Prop_ibuf_I_O)         1.420    11.420 r  clock_100MHz/inst/clkin1_ibufg/O
                         net (fo=1, routed)           1.162    12.582    clock_100MHz/inst/clk_in1_clk_wiz_0
    MMCME2_ADV_X0Y0      MMCME2_ADV (Prop_mmcme2_adv_CLKIN1_CLKOUT0)
                                                     -7.438     5.144 r  clock_100MHz/inst/mmcm_adv_inst/CLKOUT0
                         net (fo=1, routed)           1.691     6.835    clock_100MHz/inst/clk_out1_clk_wiz_0
    BUFGCTRL_X0Y0        BUFG (Prop_bufg_I_O)         0.091     6.926 r  clock_100MHz/inst/clkout1_buf/O
                         net (fo=565, routed)         1.679     8.605    DUT/U3/state_register_instance/CLK
    SLICE_X106Y66        FDCE                                         r  DUT/U3/state_register_instance/data_s_reg[3][29]/C
                         clock pessimism              0.617     9.222    
                         clock uncertainty           -0.074     9.148    
    SLICE_X106Y66        FDCE (Setup_fdce_C_D)       -0.283     8.865    DUT/U3/state_register_instance/data_s_reg[3][29]
  -------------------------------------------------------------------
                         required time                          8.865    
                         arrival time                          -6.955    
  -------------------------------------------------------------------
                         slack                                  1.910    

Slack (MET) :             2.058ns  (required time - arrival time)
  Source:                 DUT/U0/FSM_onehot_Ep_reg[8]/C
                            (rising edge-triggered cell FDCE clocked by clk_out1_clk_wiz_0  {rise@0.000ns fall@5.000ns period=10.000ns})
  Destination:            DUT/U3/state_register_instance/data_s_reg[3][47]/D
                            (rising edge-triggered cell FDCE clocked by clk_out1_clk_wiz_0  {rise@0.000ns fall@5.000ns period=10.000ns})
  Path Group:             clk_out1_clk_wiz_0
  Path Type:              Setup (Max at Slow Process Corner)
  Requirement:            10.000ns  (clk_out1_clk_wiz_0 rise@10.000ns - clk_out1_clk_wiz_0 rise@0.000ns)
  Data Path Delay:        7.450ns  (logic 1.400ns (18.793%)  route 6.050ns (81.207%))
  Logic Levels:           5  (LUT2=1 LUT3=1 LUT5=1 LUT6=2)
  Clock Path Skew:        -0.149ns (DCD - SCD + CPR)
    Destination Clock Delay (DCD):    -1.471ns = ( 8.529 - 10.000 ) 
    Source Clock Delay      (SCD):    -0.746ns
    Clock Pessimism Removal (CPR):    0.576ns
  Clock Uncertainty:      0.074ns  ((TSJ^2 + DJ^2)^1/2) / 2 + PE
    Total System Jitter     (TSJ):    0.071ns
    Discrete Jitter          (DJ):    0.131ns
    Phase Error              (PE):    0.000ns

    Location             Delay type                Incr(ns)  Path(ns)    Netlist Resource(s)
  -------------------------------------------------------------------    -------------------
                         (clock clk_out1_clk_wiz_0 rise edge)
                                                      0.000     0.000 r  
    Y9                                                0.000     0.000 r  sys_clock_i (IN)
                         net (fo=0)                   0.000     0.000    clock_100MHz/inst/clk_in1
    Y9                   IBUF (Prop_ibuf_I_O)         1.490     1.490 r  clock_100MHz/inst/clkin1_ibufg/O
                         net (fo=1, routed)           1.285     2.775    clock_100MHz/inst/clk_in1_clk_wiz_0
    MMCME2_ADV_X0Y0      MMCME2_ADV (Prop_mmcme2_adv_CLKIN1_CLKOUT0)
                                                     -7.343    -4.568 r  clock_100MHz/inst/mmcm_adv_inst/CLKOUT0
                         net (fo=1, routed)           1.855    -2.713    clock_100MHz/inst/clk_out1_clk_wiz_0
    BUFGCTRL_X0Y0        BUFG (Prop_bufg_I_O)         0.101    -2.612 r  clock_100MHz/inst/clkout1_buf/O
                         net (fo=565, routed)         1.866    -0.746    DUT/U0/CLK
    SLICE_X108Y55        FDCE                                         r  DUT/U0/FSM_onehot_Ep_reg[8]/C
  -------------------------------------------------------------------    -------------------
    SLICE_X108Y55        FDCE (Prop_fdce_C_Q)         0.518    -0.228 f  DUT/U0/FSM_onehot_Ep_reg[8]/Q
                         net (fo=3, routed)           0.829     0.601    DUT/U0/Q[5]
    SLICE_X107Y56        LUT6 (Prop_lut6_I2_O)        0.124     0.725 f  DUT/U0/g0_b2__0_i_6/O
                         net (fo=2, routed)           0.806     1.531    DUT/U0/g0_b2__0_i_6_n_0
    SLICE_X107Y55        LUT6 (Prop_lut6_I3_O)        0.124     1.655 f  DUT/U0/g0_b2__0_i_1/O
                         net (fo=417, routed)         1.465     3.120    DUT/U3/state_register_instance/selectData_s
    SLICE_X98Y64         LUT2 (Prop_lut2_I1_O)        0.153     3.273 r  DUT/U3/state_register_instance/g0_b1__56_i_2/O
                         net (fo=7, routed)           1.033     4.306    DUT/U0/data_s_reg[2][51][10]
    SLICE_X97Y63         LUT5 (Prop_lut5_I1_O)        0.331     4.637 r  DUT/U0/g0_b1__56/O
                         net (fo=3, routed)           1.108     5.745    DUT/U0/U3/output_ps_s[3]_10[57]
    SLICE_X103Y68        LUT3 (Prop_lut3_I0_O)        0.150     5.895 r  DUT/U0/data_s[111]_i_1/O
                         net (fo=2, routed)           0.809     6.704    DUT/U3/state_register_instance/data_s_reg[3][63]_0[88]
    SLICE_X97Y67         FDCE                                         r  DUT/U3/state_register_instance/data_s_reg[3][47]/D
  -------------------------------------------------------------------    -------------------

                         (clock clk_out1_clk_wiz_0 rise edge)
                                                     10.000    10.000 r  
    Y9                                                0.000    10.000 r  sys_clock_i (IN)
                         net (fo=0)                   0.000    10.000    clock_100MHz/inst/clk_in1
    Y9                   IBUF (Prop_ibuf_I_O)         1.420    11.420 r  clock_100MHz/inst/clkin1_ibufg/O
                         net (fo=1, routed)           1.162    12.582    clock_100MHz/inst/clk_in1_clk_wiz_0
    MMCME2_ADV_X0Y0      MMCME2_ADV (Prop_mmcme2_adv_CLKIN1_CLKOUT0)
                                                     -7.438     5.144 r  clock_100MHz/inst/mmcm_adv_inst/CLKOUT0
                         net (fo=1, routed)           1.691     6.835    clock_100MHz/inst/clk_out1_clk_wiz_0
    BUFGCTRL_X0Y0        BUFG (Prop_bufg_I_O)         0.091     6.926 r  clock_100MHz/inst/clkout1_buf/O
                         net (fo=565, routed)         1.603     8.529    DUT/U3/state_register_instance/CLK
    SLICE_X97Y67         FDCE                                         r  DUT/U3/state_register_instance/data_s_reg[3][47]/C
                         clock pessimism              0.576     9.105    
                         clock uncertainty           -0.074     9.031    
    SLICE_X97Y67         FDCE (Setup_fdce_C_D)       -0.269     8.762    DUT/U3/state_register_instance/data_s_reg[3][47]
  -------------------------------------------------------------------
                         required time                          8.762    
                         arrival time                          -6.704    
  -------------------------------------------------------------------
                         slack                                  2.058    

Slack (MET) :             2.076ns  (required time - arrival time)
  Source:                 DUT/U0/FSM_onehot_Ep_reg[8]/C
                            (rising edge-triggered cell FDCE clocked by clk_out1_clk_wiz_0  {rise@0.000ns fall@5.000ns period=10.000ns})
  Destination:            DUT/U3/UTag/data_s_reg[46]/D
                            (rising edge-triggered cell FDCE clocked by clk_out1_clk_wiz_0  {rise@0.000ns fall@5.000ns period=10.000ns})
  Path Group:             clk_out1_clk_wiz_0
  Path Type:              Setup (Max at Slow Process Corner)
  Requirement:            10.000ns  (clk_out1_clk_wiz_0 rise@10.000ns - clk_out1_clk_wiz_0 rise@0.000ns)
  Data Path Delay:        7.456ns  (logic 1.595ns (21.392%)  route 5.861ns (78.608%))
  Logic Levels:           5  (LUT2=1 LUT3=1 LUT4=1 LUT6=2)
  Clock Path Skew:        -0.143ns (DCD - SCD + CPR)
    Destination Clock Delay (DCD):    -1.465ns = ( 8.535 - 10.000 ) 
    Source Clock Delay      (SCD):    -0.746ns
    Clock Pessimism Removal (CPR):    0.576ns
  Clock Uncertainty:      0.074ns  ((TSJ^2 + DJ^2)^1/2) / 2 + PE
    Total System Jitter     (TSJ):    0.071ns
    Discrete Jitter          (DJ):    0.131ns
    Phase Error              (PE):    0.000ns

    Location             Delay type                Incr(ns)  Path(ns)    Netlist Resource(s)
  -------------------------------------------------------------------    -------------------
                         (clock clk_out1_clk_wiz_0 rise edge)
                                                      0.000     0.000 r  
    Y9                                                0.000     0.000 r  sys_clock_i (IN)
                         net (fo=0)                   0.000     0.000    clock_100MHz/inst/clk_in1
    Y9                   IBUF (Prop_ibuf_I_O)         1.490     1.490 r  clock_100MHz/inst/clkin1_ibufg/O
                         net (fo=1, routed)           1.285     2.775    clock_100MHz/inst/clk_in1_clk_wiz_0
    MMCME2_ADV_X0Y0      MMCME2_ADV (Prop_mmcme2_adv_CLKIN1_CLKOUT0)
                                                     -7.343    -4.568 r  clock_100MHz/inst/mmcm_adv_inst/CLKOUT0
                         net (fo=1, routed)           1.855    -2.713    clock_100MHz/inst/clk_out1_clk_wiz_0
    BUFGCTRL_X0Y0        BUFG (Prop_bufg_I_O)         0.101    -2.612 r  clock_100MHz/inst/clkout1_buf/O
                         net (fo=565, routed)         1.866    -0.746    DUT/U0/CLK
    SLICE_X108Y55        FDCE                                         r  DUT/U0/FSM_onehot_Ep_reg[8]/C
  -------------------------------------------------------------------    -------------------
    SLICE_X108Y55        FDCE (Prop_fdce_C_Q)         0.518    -0.228 f  DUT/U0/FSM_onehot_Ep_reg[8]/Q
                         net (fo=3, routed)           0.829     0.601    DUT/U0/Q[5]
    SLICE_X107Y56        LUT6 (Prop_lut6_I2_O)        0.124     0.725 f  DUT/U0/g0_b2__0_i_6/O
                         net (fo=2, routed)           0.806     1.531    DUT/U0/g0_b2__0_i_6_n_0
    SLICE_X107Y55        LUT6 (Prop_lut6_I3_O)        0.124     1.655 f  DUT/U0/g0_b2__0_i_1/O
                         net (fo=417, routed)         1.516     3.172    DUT/U3/state_register_instance/selectData_s
    SLICE_X94Y65         LUT2 (Prop_lut2_I1_O)        0.116     3.288 r  DUT/U3/state_register_instance/g0_b1__45_i_1/O
                         net (fo=7, routed)           1.147     4.435    DUT/U3/state_register_instance/data_s_reg[4][55]_0[5]
    SLICE_X99Y64         LUT4 (Prop_lut4_I0_O)        0.358     4.793 r  DUT/U3/state_register_instance/g0_b0__45/O
                         net (fo=3, routed)           0.823     5.616    DUT/U3/state_register_instance/data_s_reg[1][62]_0[21]
    SLICE_X96Y64         LUT3 (Prop_lut3_I1_O)        0.355     5.971 r  DUT/U3/state_register_instance/data_s[46]_i_1/O
                         net (fo=2, routed)           0.739     6.710    DUT/U3/UTag/D[46]
    SLICE_X96Y60         FDCE                                         r  DUT/U3/UTag/data_s_reg[46]/D
  -------------------------------------------------------------------    -------------------

                         (clock clk_out1_clk_wiz_0 rise edge)
                                                     10.000    10.000 r  
    Y9                                                0.000    10.000 r  sys_clock_i (IN)
                         net (fo=0)                   0.000    10.000    clock_100MHz/inst/clk_in1
    Y9                   IBUF (Prop_ibuf_I_O)         1.420    11.420 r  clock_100MHz/inst/clkin1_ibufg/O
                         net (fo=1, routed)           1.162    12.582    clock_100MHz/inst/clk_in1_clk_wiz_0
    MMCME2_ADV_X0Y0      MMCME2_ADV (Prop_mmcme2_adv_CLKIN1_CLKOUT0)
                                                     -7.438     5.144 r  clock_100MHz/inst/mmcm_adv_inst/CLKOUT0
                         net (fo=1, routed)           1.691     6.835    clock_100MHz/inst/clk_out1_clk_wiz_0
    BUFGCTRL_X0Y0        BUFG (Prop_bufg_I_O)         0.091     6.926 r  clock_100MHz/inst/clkout1_buf/O
                         net (fo=565, routed)         1.609     8.535    DUT/U3/UTag/CLK
    SLICE_X96Y60         FDCE                                         r  DUT/U3/UTag/data_s_reg[46]/C
                         clock pessimism              0.576     9.111    
                         clock uncertainty           -0.074     9.037    
    SLICE_X96Y60         FDCE (Setup_fdce_C_D)       -0.251     8.786    DUT/U3/UTag/data_s_reg[46]
  -------------------------------------------------------------------
                         required time                          8.786    
                         arrival time                          -6.710    
  -------------------------------------------------------------------
                         slack                                  2.076    

Slack (MET) :             2.145ns  (required time - arrival time)
  Source:                 DUT/U0/FSM_onehot_Ep_reg[8]/C
                            (rising edge-triggered cell FDCE clocked by clk_out1_clk_wiz_0  {rise@0.000ns fall@5.000ns period=10.000ns})
  Destination:            DUT/U3/state_register_instance/data_s_reg[3][46]/D
                            (rising edge-triggered cell FDCE clocked by clk_out1_clk_wiz_0  {rise@0.000ns fall@5.000ns period=10.000ns})
  Path Group:             clk_out1_clk_wiz_0
  Path Type:              Setup (Max at Slow Process Corner)
  Requirement:            10.000ns  (clk_out1_clk_wiz_0 rise@10.000ns - clk_out1_clk_wiz_0 rise@0.000ns)
  Data Path Delay:        7.324ns  (logic 1.360ns (18.570%)  route 5.964ns (81.430%))
  Logic Levels:           5  (LUT2=1 LUT3=1 LUT5=1 LUT6=2)
  Clock Path Skew:        -0.147ns (DCD - SCD + CPR)
    Destination Clock Delay (DCD):    -1.469ns = ( 8.531 - 10.000 ) 
    Source Clock Delay      (SCD):    -0.746ns
    Clock Pessimism Removal (CPR):    0.576ns
  Clock Uncertainty:      0.074ns  ((TSJ^2 + DJ^2)^1/2) / 2 + PE
    Total System Jitter     (TSJ):    0.071ns
    Discrete Jitter          (DJ):    0.131ns
    Phase Error              (PE):    0.000ns

    Location             Delay type                Incr(ns)  Path(ns)    Netlist Resource(s)
  -------------------------------------------------------------------    -------------------
                         (clock clk_out1_clk_wiz_0 rise edge)
                                                      0.000     0.000 r  
    Y9                                                0.000     0.000 r  sys_clock_i (IN)
                         net (fo=0)                   0.000     0.000    clock_100MHz/inst/clk_in1
    Y9                   IBUF (Prop_ibuf_I_O)         1.490     1.490 r  clock_100MHz/inst/clkin1_ibufg/O
                         net (fo=1, routed)           1.285     2.775    clock_100MHz/inst/clk_in1_clk_wiz_0
    MMCME2_ADV_X0Y0      MMCME2_ADV (Prop_mmcme2_adv_CLKIN1_CLKOUT0)
                                                     -7.343    -4.568 r  clock_100MHz/inst/mmcm_adv_inst/CLKOUT0
                         net (fo=1, routed)           1.855    -2.713    clock_100MHz/inst/clk_out1_clk_wiz_0
    BUFGCTRL_X0Y0        BUFG (Prop_bufg_I_O)         0.101    -2.612 r  clock_100MHz/inst/clkout1_buf/O
                         net (fo=565, routed)         1.866    -0.746    DUT/U0/CLK
    SLICE_X108Y55        FDCE                                         r  DUT/U0/FSM_onehot_Ep_reg[8]/C
  -------------------------------------------------------------------    -------------------
    SLICE_X108Y55        FDCE (Prop_fdce_C_Q)         0.518    -0.228 f  DUT/U0/FSM_onehot_Ep_reg[8]/Q
                         net (fo=3, routed)           0.829     0.601    DUT/U0/Q[5]
    SLICE_X107Y56        LUT6 (Prop_lut6_I2_O)        0.124     0.725 f  DUT/U0/g0_b2__0_i_6/O
                         net (fo=2, routed)           0.806     1.531    DUT/U0/g0_b2__0_i_6_n_0
    SLICE_X107Y55        LUT6 (Prop_lut6_I3_O)        0.124     1.655 f  DUT/U0/g0_b2__0_i_1/O
                         net (fo=417, routed)         1.516     3.172    DUT/U3/state_register_instance/selectData_s
    SLICE_X94Y65         LUT2 (Prop_lut2_I1_O)        0.116     3.288 r  DUT/U3/state_register_instance/g0_b1__45_i_1/O
                         net (fo=7, routed)           1.367     4.655    DUT/U0/data_s_reg[3][38][7]
    SLICE_X100Y65        LUT5 (Prop_lut5_I0_O)        0.328     4.983 r  DUT/U0/g0_b1__45/O
                         net (fo=3, routed)           0.728     5.711    DUT/U0/U3/output_ps_s[3]_10[46]
    SLICE_X101Y68        LUT3 (Prop_lut3_I1_O)        0.150     5.861 r  DUT/U0/data_s[110]_i_1/O
                         net (fo=2, routed)           0.717     6.578    DUT/U3/state_register_instance/data_s_reg[3][63]_0[87]
    SLICE_X101Y65        FDCE                                         r  DUT/U3/state_register_instance/data_s_reg[3][46]/D
  -------------------------------------------------------------------    -------------------

                         (clock clk_out1_clk_wiz_0 rise edge)
                                                     10.000    10.000 r  
    Y9                                                0.000    10.000 r  sys_clock_i (IN)
                         net (fo=0)                   0.000    10.000    clock_100MHz/inst/clk_in1
    Y9                   IBUF (Prop_ibuf_I_O)         1.420    11.420 r  clock_100MHz/inst/clkin1_ibufg/O
                         net (fo=1, routed)           1.162    12.582    clock_100MHz/inst/clk_in1_clk_wiz_0
    MMCME2_ADV_X0Y0      MMCME2_ADV (Prop_mmcme2_adv_CLKIN1_CLKOUT0)
                                                     -7.438     5.144 r  clock_100MHz/inst/mmcm_adv_inst/CLKOUT0
                         net (fo=1, routed)           1.691     6.835    clock_100MHz/inst/clk_out1_clk_wiz_0
    BUFGCTRL_X0Y0        BUFG (Prop_bufg_I_O)         0.091     6.926 r  clock_100MHz/inst/clkout1_buf/O
                         net (fo=565, routed)         1.605     8.531    DUT/U3/state_register_instance/CLK
    SLICE_X101Y65        FDCE                                         r  DUT/U3/state_register_instance/data_s_reg[3][46]/C
                         clock pessimism              0.576     9.107    
                         clock uncertainty           -0.074     9.033    
    SLICE_X101Y65        FDCE (Setup_fdce_C_D)       -0.310     8.723    DUT/U3/state_register_instance/data_s_reg[3][46]
  -------------------------------------------------------------------
                         required time                          8.723    
                         arrival time                          -6.578    
  -------------------------------------------------------------------
                         slack                                  2.145    

Slack (MET) :             2.270ns  (required time - arrival time)
  Source:                 DUT/U0/FSM_onehot_Ep_reg[8]/C
                            (rising edge-triggered cell FDCE clocked by clk_out1_clk_wiz_0  {rise@0.000ns fall@5.000ns period=10.000ns})
  Destination:            DUT/U3/state_register_instance/data_s_reg[4][46]/D
                            (rising edge-triggered cell FDCE clocked by clk_out1_clk_wiz_0  {rise@0.000ns fall@5.000ns period=10.000ns})
  Path Group:             clk_out1_clk_wiz_0
  Path Type:              Setup (Max at Slow Process Corner)
  Requirement:            10.000ns  (clk_out1_clk_wiz_0 rise@10.000ns - clk_out1_clk_wiz_0 rise@0.000ns)
  Data Path Delay:        7.253ns  (logic 1.595ns (21.990%)  route 5.658ns (78.010%))
  Logic Levels:           5  (LUT2=1 LUT3=1 LUT4=1 LUT6=2)
  Clock Path Skew:        -0.147ns (DCD - SCD + CPR)
    Destination Clock Delay (DCD):    -1.469ns = ( 8.531 - 10.000 ) 
    Source Clock Delay      (SCD):    -0.746ns
    Clock Pessimism Removal (CPR):    0.576ns
  Clock Uncertainty:      0.074ns  ((TSJ^2 + DJ^2)^1/2) / 2 + PE
    Total System Jitter     (TSJ):    0.071ns
    Discrete Jitter          (DJ):    0.131ns
    Phase Error              (PE):    0.000ns

    Location             Delay type                Incr(ns)  Path(ns)    Netlist Resource(s)
  -------------------------------------------------------------------    -------------------
                         (clock clk_out1_clk_wiz_0 rise edge)
                                                      0.000     0.000 r  
    Y9                                                0.000     0.000 r  sys_clock_i (IN)
                         net (fo=0)                   0.000     0.000    clock_100MHz/inst/clk_in1
    Y9                   IBUF (Prop_ibuf_I_O)         1.490     1.490 r  clock_100MHz/inst/clkin1_ibufg/O
                         net (fo=1, routed)           1.285     2.775    clock_100MHz/inst/clk_in1_clk_wiz_0
    MMCME2_ADV_X0Y0      MMCME2_ADV (Prop_mmcme2_adv_CLKIN1_CLKOUT0)
                                                     -7.343    -4.568 r  clock_100MHz/inst/mmcm_adv_inst/CLKOUT0
                         net (fo=1, routed)           1.855    -2.713    clock_100MHz/inst/clk_out1_clk_wiz_0
    BUFGCTRL_X0Y0        BUFG (Prop_bufg_I_O)         0.101    -2.612 r  clock_100MHz/inst/clkout1_buf/O
                         net (fo=565, routed)         1.866    -0.746    DUT/U0/CLK
    SLICE_X108Y55        FDCE                                         r  DUT/U0/FSM_onehot_Ep_reg[8]/C
  -------------------------------------------------------------------    -------------------
    SLICE_X108Y55        FDCE (Prop_fdce_C_Q)         0.518    -0.228 f  DUT/U0/FSM_onehot_Ep_reg[8]/Q
                         net (fo=3, routed)           0.829     0.601    DUT/U0/Q[5]
    SLICE_X107Y56        LUT6 (Prop_lut6_I2_O)        0.124     0.725 f  DUT/U0/g0_b2__0_i_6/O
                         net (fo=2, routed)           0.806     1.531    DUT/U0/g0_b2__0_i_6_n_0
    SLICE_X107Y55        LUT6 (Prop_lut6_I3_O)        0.124     1.655 f  DUT/U0/g0_b2__0_i_1/O
                         net (fo=417, routed)         1.516     3.172    DUT/U3/state_register_instance/selectData_s
    SLICE_X94Y65         LUT2 (Prop_lut2_I1_O)        0.116     3.288 r  DUT/U3/state_register_instance/g0_b1__45_i_1/O
                         net (fo=7, routed)           1.147     4.435    DUT/U3/state_register_instance/data_s_reg[4][55]_0[5]
    SLICE_X99Y64         LUT4 (Prop_lut4_I0_O)        0.358     4.793 r  DUT/U3/state_register_instance/g0_b0__45/O
                         net (fo=3, routed)           0.823     5.616    DUT/U3/state_register_instance/data_s_reg[1][62]_0[21]
    SLICE_X96Y64         LUT3 (Prop_lut3_I1_O)        0.355     5.971 r  DUT/U3/state_register_instance/data_s[46]_i_1/O
                         net (fo=2, routed)           0.536     6.508    DUT/U3/state_register_instance/D[10]
    SLICE_X94Y65         FDCE                                         r  DUT/U3/state_register_instance/data_s_reg[4][46]/D
  -------------------------------------------------------------------    -------------------

                         (clock clk_out1_clk_wiz_0 rise edge)
                                                     10.000    10.000 r  
    Y9                                                0.000    10.000 r  sys_clock_i (IN)
                         net (fo=0)                   0.000    10.000    clock_100MHz/inst/clk_in1
    Y9                   IBUF (Prop_ibuf_I_O)         1.420    11.420 r  clock_100MHz/inst/clkin1_ibufg/O
                         net (fo=1, routed)           1.162    12.582    clock_100MHz/inst/clk_in1_clk_wiz_0
    MMCME2_ADV_X0Y0      MMCME2_ADV (Prop_mmcme2_adv_CLKIN1_CLKOUT0)
                                                     -7.438     5.144 r  clock_100MHz/inst/mmcm_adv_inst/CLKOUT0
                         net (fo=1, routed)           1.691     6.835    clock_100MHz/inst/clk_out1_clk_wiz_0
    BUFGCTRL_X0Y0        BUFG (Prop_bufg_I_O)         0.091     6.926 r  clock_100MHz/inst/clkout1_buf/O
                         net (fo=565, routed)         1.605     8.531    DUT/U3/state_register_instance/CLK
    SLICE_X94Y65         FDCE                                         r  DUT/U3/state_register_instance/data_s_reg[4][46]/C
                         clock pessimism              0.576     9.107    
                         clock uncertainty           -0.074     9.033    
    SLICE_X94Y65         FDCE (Setup_fdce_C_D)       -0.255     8.778    DUT/U3/state_register_instance/data_s_reg[4][46]
  -------------------------------------------------------------------
                         required time                          8.778    
                         arrival time                          -6.508    
  -------------------------------------------------------------------
                         slack                                  2.270    

Slack (MET) :             2.301ns  (required time - arrival time)
  Source:                 DUT/U0/FSM_onehot_Ep_reg[8]/C
                            (rising edge-triggered cell FDCE clocked by clk_out1_clk_wiz_0  {rise@0.000ns fall@5.000ns period=10.000ns})
  Destination:            DUT/U3/UTag/data_s_reg[39]/D
                            (rising edge-triggered cell FDCE clocked by clk_out1_clk_wiz_0  {rise@0.000ns fall@5.000ns period=10.000ns})
  Path Group:             clk_out1_clk_wiz_0
  Path Type:              Setup (Max at Slow Process Corner)
  Requirement:            10.000ns  (clk_out1_clk_wiz_0 rise@10.000ns - clk_out1_clk_wiz_0 rise@0.000ns)
  Data Path Delay:        7.393ns  (logic 1.567ns (21.196%)  route 5.826ns (78.804%))
  Logic Levels:           5  (LUT2=1 LUT3=1 LUT4=1 LUT6=2)
  Clock Path Skew:        -0.151ns (DCD - SCD + CPR)
    Destination Clock Delay (DCD):    -1.473ns = ( 8.527 - 10.000 ) 
    Source Clock Delay      (SCD):    -0.746ns
    Clock Pessimism Removal (CPR):    0.576ns
  Clock Uncertainty:      0.074ns  ((TSJ^2 + DJ^2)^1/2) / 2 + PE
    Total System Jitter     (TSJ):    0.071ns
    Discrete Jitter          (DJ):    0.131ns
    Phase Error              (PE):    0.000ns

    Location             Delay type                Incr(ns)  Path(ns)    Netlist Resource(s)
  -------------------------------------------------------------------    -------------------
                         (clock clk_out1_clk_wiz_0 rise edge)
                                                      0.000     0.000 r  
    Y9                                                0.000     0.000 r  sys_clock_i (IN)
                         net (fo=0)                   0.000     0.000    clock_100MHz/inst/clk_in1
    Y9                   IBUF (Prop_ibuf_I_O)         1.490     1.490 r  clock_100MHz/inst/clkin1_ibufg/O
                         net (fo=1, routed)           1.285     2.775    clock_100MHz/inst/clk_in1_clk_wiz_0
    MMCME2_ADV_X0Y0      MMCME2_ADV (Prop_mmcme2_adv_CLKIN1_CLKOUT0)
                                                     -7.343    -4.568 r  clock_100MHz/inst/mmcm_adv_inst/CLKOUT0
                         net (fo=1, routed)           1.855    -2.713    clock_100MHz/inst/clk_out1_clk_wiz_0
    BUFGCTRL_X0Y0        BUFG (Prop_bufg_I_O)         0.101    -2.612 r  clock_100MHz/inst/clkout1_buf/O
                         net (fo=565, routed)         1.866    -0.746    DUT/U0/CLK
    SLICE_X108Y55        FDCE                                         r  DUT/U0/FSM_onehot_Ep_reg[8]/C
  -------------------------------------------------------------------    -------------------
    SLICE_X108Y55        FDCE (Prop_fdce_C_Q)         0.518    -0.228 f  DUT/U0/FSM_onehot_Ep_reg[8]/Q
                         net (fo=3, routed)           0.829     0.601    DUT/U0/Q[5]
    SLICE_X107Y56        LUT6 (Prop_lut6_I2_O)        0.124     0.725 f  DUT/U0/g0_b2__0_i_6/O
                         net (fo=2, routed)           0.806     1.531    DUT/U0/g0_b2__0_i_6_n_0
    SLICE_X107Y55        LUT6 (Prop_lut6_I3_O)        0.124     1.655 f  DUT/U0/g0_b2__0_i_1/O
                         net (fo=417, routed)         1.516     3.172    DUT/U3/state_register_instance/selectData_s
    SLICE_X94Y65         LUT2 (Prop_lut2_I1_O)        0.116     3.288 r  DUT/U3/state_register_instance/g0_b1__45_i_1/O
                         net (fo=7, routed)           1.147     4.435    DUT/U3/state_register_instance/data_s_reg[4][55]_0[5]
    SLICE_X99Y64         LUT4 (Prop_lut4_I0_O)        0.358     4.793 r  DUT/U3/state_register_instance/g0_b0__45/O
                         net (fo=3, routed)           0.823     5.616    DUT/U3/state_register_instance/data_s_reg[1][62]_0[21]
    SLICE_X96Y64         LUT3 (Prop_lut3_I0_O)        0.327     5.943 r  DUT/U3/state_register_instance/data_s[39]_i_1/O
                         net (fo=2, routed)           0.704     6.647    DUT/U3/UTag/D[39]
    SLICE_X97Y68         FDCE                                         r  DUT/U3/UTag/data_s_reg[39]/D
  -------------------------------------------------------------------    -------------------

                         (clock clk_out1_clk_wiz_0 rise edge)
                                                     10.000    10.000 r  
    Y9                                                0.000    10.000 r  sys_clock_i (IN)
                         net (fo=0)                   0.000    10.000    clock_100MHz/inst/clk_in1
    Y9                   IBUF (Prop_ibuf_I_O)         1.420    11.420 r  clock_100MHz/inst/clkin1_ibufg/O
                         net (fo=1, routed)           1.162    12.582    clock_100MHz/inst/clk_in1_clk_wiz_0
    MMCME2_ADV_X0Y0      MMCME2_ADV (Prop_mmcme2_adv_CLKIN1_CLKOUT0)
                                                     -7.438     5.144 r  clock_100MHz/inst/mmcm_adv_inst/CLKOUT0
                         net (fo=1, routed)           1.691     6.835    clock_100MHz/inst/clk_out1_clk_wiz_0
    BUFGCTRL_X0Y0        BUFG (Prop_bufg_I_O)         0.091     6.926 r  clock_100MHz/inst/clkout1_buf/O
                         net (fo=565, routed)         1.601     8.527    DUT/U3/UTag/CLK
    SLICE_X97Y68         FDCE                                         r  DUT/U3/UTag/data_s_reg[39]/C
                         clock pessimism              0.576     9.103    
                         clock uncertainty           -0.074     9.029    
    SLICE_X97Y68         FDCE (Setup_fdce_C_D)       -0.081     8.948    DUT/U3/UTag/data_s_reg[39]
  -------------------------------------------------------------------
                         required time                          8.948    
                         arrival time                          -6.647    
  -------------------------------------------------------------------
                         slack                                  2.301    

Slack (MET) :             2.347ns  (required time - arrival time)
  Source:                 DUT/U0/FSM_onehot_Ep_reg[8]/C
                            (rising edge-triggered cell FDCE clocked by clk_out1_clk_wiz_0  {rise@0.000ns fall@5.000ns period=10.000ns})
  Destination:            DUT/U3/UTag/data_s_reg[111]/D
                            (rising edge-triggered cell FDCE clocked by clk_out1_clk_wiz_0  {rise@0.000ns fall@5.000ns period=10.000ns})
  Path Group:             clk_out1_clk_wiz_0
  Path Type:              Setup (Max at Slow Process Corner)
  Requirement:            10.000ns  (clk_out1_clk_wiz_0 rise@10.000ns - clk_out1_clk_wiz_0 rise@0.000ns)
  Data Path Delay:        7.164ns  (logic 1.400ns (19.543%)  route 5.764ns (80.457%))
  Logic Levels:           5  (LUT2=1 LUT3=1 LUT5=1 LUT6=2)
  Clock Path Skew:        -0.152ns (DCD - SCD + CPR)
    Destination Clock Delay (DCD):    -1.474ns = ( 8.526 - 10.000 ) 
    Source Clock Delay      (SCD):    -0.746ns
    Clock Pessimism Removal (CPR):    0.576ns
  Clock Uncertainty:      0.074ns  ((TSJ^2 + DJ^2)^1/2) / 2 + PE
    Total System Jitter     (TSJ):    0.071ns
    Discrete Jitter          (DJ):    0.131ns
    Phase Error              (PE):    0.000ns

    Location             Delay type                Incr(ns)  Path(ns)    Netlist Resource(s)
  -------------------------------------------------------------------    -------------------
                         (clock clk_out1_clk_wiz_0 rise edge)
                                                      0.000     0.000 r  
    Y9                                                0.000     0.000 r  sys_clock_i (IN)
                         net (fo=0)                   0.000     0.000    clock_100MHz/inst/clk_in1
    Y9                   IBUF (Prop_ibuf_I_O)         1.490     1.490 r  clock_100MHz/inst/clkin1_ibufg/O
                         net (fo=1, routed)           1.285     2.775    clock_100MHz/inst/clk_in1_clk_wiz_0
    MMCME2_ADV_X0Y0      MMCME2_ADV (Prop_mmcme2_adv_CLKIN1_CLKOUT0)
                                                     -7.343    -4.568 r  clock_100MHz/inst/mmcm_adv_inst/CLKOUT0
                         net (fo=1, routed)           1.855    -2.713    clock_100MHz/inst/clk_out1_clk_wiz_0
    BUFGCTRL_X0Y0        BUFG (Prop_bufg_I_O)         0.101    -2.612 r  clock_100MHz/inst/clkout1_buf/O
                         net (fo=565, routed)         1.866    -0.746    DUT/U0/CLK
    SLICE_X108Y55        FDCE                                         r  DUT/U0/FSM_onehot_Ep_reg[8]/C
  -------------------------------------------------------------------    -------------------
    SLICE_X108Y55        FDCE (Prop_fdce_C_Q)         0.518    -0.228 f  DUT/U0/FSM_onehot_Ep_reg[8]/Q
                         net (fo=3, routed)           0.829     0.601    DUT/U0/Q[5]
    SLICE_X107Y56        LUT6 (Prop_lut6_I2_O)        0.124     0.725 f  DUT/U0/g0_b2__0_i_6/O
                         net (fo=2, routed)           0.806     1.531    DUT/U0/g0_b2__0_i_6_n_0
    SLICE_X107Y55        LUT6 (Prop_lut6_I3_O)        0.124     1.655 f  DUT/U0/g0_b2__0_i_1/O
                         net (fo=417, routed)         1.465     3.120    DUT/U3/state_register_instance/selectData_s
    SLICE_X98Y64         LUT2 (Prop_lut2_I1_O)        0.153     3.273 r  DUT/U3/state_register_instance/g0_b1__56_i_2/O
                         net (fo=7, routed)           1.033     4.306    DUT/U0/data_s_reg[2][51][10]
    SLICE_X97Y63         LUT5 (Prop_lut5_I1_O)        0.331     4.637 r  DUT/U0/g0_b1__56/O
                         net (fo=3, routed)           1.108     5.745    DUT/U0/U3/output_ps_s[3]_10[57]
    SLICE_X103Y68        LUT3 (Prop_lut3_I0_O)        0.150     5.895 r  DUT/U0/data_s[111]_i_1/O
                         net (fo=2, routed)           0.523     6.418    DUT/U3/UTag/D[111]
    SLICE_X99Y69         FDCE                                         r  DUT/U3/UTag/data_s_reg[111]/D
  -------------------------------------------------------------------    -------------------

                         (clock clk_out1_clk_wiz_0 rise edge)
                                                     10.000    10.000 r  
    Y9                                                0.000    10.000 r  sys_clock_i (IN)
                         net (fo=0)                   0.000    10.000    clock_100MHz/inst/clk_in1
    Y9                   IBUF (Prop_ibuf_I_O)         1.420    11.420 r  clock_100MHz/inst/clkin1_ibufg/O
                         net (fo=1, routed)           1.162    12.582    clock_100MHz/inst/clk_in1_clk_wiz_0
    MMCME2_ADV_X0Y0      MMCME2_ADV (Prop_mmcme2_adv_CLKIN1_CLKOUT0)
                                                     -7.438     5.144 r  clock_100MHz/inst/mmcm_adv_inst/CLKOUT0
                         net (fo=1, routed)           1.691     6.835    clock_100MHz/inst/clk_out1_clk_wiz_0
    BUFGCTRL_X0Y0        BUFG (Prop_bufg_I_O)         0.091     6.926 r  clock_100MHz/inst/clkout1_buf/O
                         net (fo=565, routed)         1.600     8.526    DUT/U3/UTag/CLK
    SLICE_X99Y69         FDCE                                         r  DUT/U3/UTag/data_s_reg[111]/C
                         clock pessimism              0.576     9.102    
                         clock uncertainty           -0.074     9.028    
    SLICE_X99Y69         FDCE (Setup_fdce_C_D)       -0.263     8.765    DUT/U3/UTag/data_s_reg[111]
  -------------------------------------------------------------------
                         required time                          8.765    
                         arrival time                          -6.418    
  -------------------------------------------------------------------
                         slack                                  2.347    

Slack (MET) :             2.359ns  (required time - arrival time)
  Source:                 DUT/U0/FSM_onehot_Ep_reg[8]/C
                            (rising edge-triggered cell FDCE clocked by clk_out1_clk_wiz_0  {rise@0.000ns fall@5.000ns period=10.000ns})
  Destination:            DUT/U3/state_register_instance/data_s_reg[3][34]/D
                            (rising edge-triggered cell FDCE clocked by clk_out1_clk_wiz_0  {rise@0.000ns fall@5.000ns period=10.000ns})
  Path Group:             clk_out1_clk_wiz_0
  Path Type:              Setup (Max at Slow Process Corner)
  Requirement:            10.000ns  (clk_out1_clk_wiz_0 rise@10.000ns - clk_out1_clk_wiz_0 rise@0.000ns)
  Data Path Delay:        7.393ns  (logic 1.372ns (18.559%)  route 6.021ns (81.441%))
  Logic Levels:           5  (LUT2=1 LUT5=2 LUT6=2)
  Clock Path Skew:        -0.143ns (DCD - SCD + CPR)
    Destination Clock Delay (DCD):    -1.465ns = ( 8.535 - 10.000 ) 
    Source Clock Delay      (SCD):    -0.746ns
    Clock Pessimism Removal (CPR):    0.576ns
  Clock Uncertainty:      0.074ns  ((TSJ^2 + DJ^2)^1/2) / 2 + PE
    Total System Jitter     (TSJ):    0.071ns
    Discrete Jitter          (DJ):    0.131ns
    Phase Error              (PE):    0.000ns

    Location             Delay type                Incr(ns)  Path(ns)    Netlist Resource(s)
  -------------------------------------------------------------------    -------------------
                         (clock clk_out1_clk_wiz_0 rise edge)
                                                      0.000     0.000 r  
    Y9                                                0.000     0.000 r  sys_clock_i (IN)
                         net (fo=0)                   0.000     0.000    clock_100MHz/inst/clk_in1
    Y9                   IBUF (Prop_ibuf_I_O)         1.490     1.490 r  clock_100MHz/inst/clkin1_ibufg/O
                         net (fo=1, routed)           1.285     2.775    clock_100MHz/inst/clk_in1_clk_wiz_0
    MMCME2_ADV_X0Y0      MMCME2_ADV (Prop_mmcme2_adv_CLKIN1_CLKOUT0)
                                                     -7.343    -4.568 r  clock_100MHz/inst/mmcm_adv_inst/CLKOUT0
                         net (fo=1, routed)           1.855    -2.713    clock_100MHz/inst/clk_out1_clk_wiz_0
    BUFGCTRL_X0Y0        BUFG (Prop_bufg_I_O)         0.101    -2.612 r  clock_100MHz/inst/clkout1_buf/O
                         net (fo=565, routed)         1.866    -0.746    DUT/U0/CLK
    SLICE_X108Y55        FDCE                                         r  DUT/U0/FSM_onehot_Ep_reg[8]/C
  -------------------------------------------------------------------    -------------------
    SLICE_X108Y55        FDCE (Prop_fdce_C_Q)         0.518    -0.228 r  DUT/U0/FSM_onehot_Ep_reg[8]/Q
                         net (fo=3, routed)           0.829     0.601    DUT/U0/Q[5]
    SLICE_X107Y56        LUT6 (Prop_lut6_I2_O)        0.124     0.725 r  DUT/U0/g0_b2__0_i_6/O
                         net (fo=2, routed)           0.806     1.531    DUT/U0/g0_b2__0_i_6_n_0
    SLICE_X107Y55        LUT6 (Prop_lut6_I3_O)        0.124     1.655 r  DUT/U0/g0_b2__0_i_1/O
                         net (fo=417, routed)         1.133     2.788    DUT/U0/selectData_s
    SLICE_X106Y64        LUT2 (Prop_lut2_I0_O)        0.150     2.938 r  DUT/U0/g0_b1__43_i_2/O
                         net (fo=7, routed)           1.406     4.344    DUT/U0/data_s_reg[3][48][2]
    SLICE_X96Y66         LUT5 (Prop_lut5_I1_O)        0.332     4.676 r  DUT/U0/g0_b1__43/O
                         net (fo=3, routed)           0.951     5.627    DUT/U0/U3/output_ps_s[3]_10[44]
    SLICE_X103Y63        LUT5 (Prop_lut5_I0_O)        0.124     5.751 r  DUT/U0/data_s[98]_i_1/O
                         net (fo=2, routed)           0.896     6.647    DUT/U3/state_register_instance/data_s_reg[3][63]_0[77]
    SLICE_X98Y59         FDCE                                         r  DUT/U3/state_register_instance/data_s_reg[3][34]/D
  -------------------------------------------------------------------    -------------------

                         (clock clk_out1_clk_wiz_0 rise edge)
                                                     10.000    10.000 r  
    Y9                                                0.000    10.000 r  sys_clock_i (IN)
                         net (fo=0)                   0.000    10.000    clock_100MHz/inst/clk_in1
    Y9                   IBUF (Prop_ibuf_I_O)         1.420    11.420 r  clock_100MHz/inst/clkin1_ibufg/O
                         net (fo=1, routed)           1.162    12.582    clock_100MHz/inst/clk_in1_clk_wiz_0
    MMCME2_ADV_X0Y0      MMCME2_ADV (Prop_mmcme2_adv_CLKIN1_CLKOUT0)
                                                     -7.438     5.144 r  clock_100MHz/inst/mmcm_adv_inst/CLKOUT0
                         net (fo=1, routed)           1.691     6.835    clock_100MHz/inst/clk_out1_clk_wiz_0
    BUFGCTRL_X0Y0        BUFG (Prop_bufg_I_O)         0.091     6.926 r  clock_100MHz/inst/clkout1_buf/O
                         net (fo=565, routed)         1.609     8.535    DUT/U3/state_register_instance/CLK
    SLICE_X98Y59         FDCE                                         r  DUT/U3/state_register_instance/data_s_reg[3][34]/C
                         clock pessimism              0.576     9.111    
                         clock uncertainty           -0.074     9.037    
    SLICE_X98Y59         FDCE (Setup_fdce_C_D)       -0.031     9.006    DUT/U3/state_register_instance/data_s_reg[3][34]
  -------------------------------------------------------------------
                         required time                          9.006    
                         arrival time                          -6.647    
  -------------------------------------------------------------------
                         slack                                  2.359    

Slack (MET) :             2.400ns  (required time - arrival time)
  Source:                 DUT/U0/FSM_onehot_Ep_reg[8]/C
                            (rising edge-triggered cell FDCE clocked by clk_out1_clk_wiz_0  {rise@0.000ns fall@5.000ns period=10.000ns})
  Destination:            DUT/U3/UTag/data_s_reg[51]/D
                            (rising edge-triggered cell FDCE clocked by clk_out1_clk_wiz_0  {rise@0.000ns fall@5.000ns period=10.000ns})
  Path Group:             clk_out1_clk_wiz_0
  Path Type:              Setup (Max at Slow Process Corner)
  Requirement:            10.000ns  (clk_out1_clk_wiz_0 rise@10.000ns - clk_out1_clk_wiz_0 rise@0.000ns)
  Data Path Delay:        7.156ns  (logic 1.369ns (19.130%)  route 5.787ns (80.870%))
  Logic Levels:           5  (LUT3=2 LUT5=1 LUT6=2)
  Clock Path Skew:        -0.069ns (DCD - SCD + CPR)
    Destination Clock Delay (DCD):    -1.391ns = ( 8.609 - 10.000 ) 
    Source Clock Delay      (SCD):    -0.746ns
    Clock Pessimism Removal (CPR):    0.576ns
  Clock Uncertainty:      0.074ns  ((TSJ^2 + DJ^2)^1/2) / 2 + PE
    Total System Jitter     (TSJ):    0.071ns
    Discrete Jitter          (DJ):    0.131ns
    Phase Error              (PE):    0.000ns

    Location             Delay type                Incr(ns)  Path(ns)    Netlist Resource(s)
  -------------------------------------------------------------------    -------------------
                         (clock clk_out1_clk_wiz_0 rise edge)
                                                      0.000     0.000 r  
    Y9                                                0.000     0.000 r  sys_clock_i (IN)
                         net (fo=0)                   0.000     0.000    clock_100MHz/inst/clk_in1
    Y9                   IBUF (Prop_ibuf_I_O)         1.490     1.490 r  clock_100MHz/inst/clkin1_ibufg/O
                         net (fo=1, routed)           1.285     2.775    clock_100MHz/inst/clk_in1_clk_wiz_0
    MMCME2_ADV_X0Y0      MMCME2_ADV (Prop_mmcme2_adv_CLKIN1_CLKOUT0)
                                                     -7.343    -4.568 r  clock_100MHz/inst/mmcm_adv_inst/CLKOUT0
                         net (fo=1, routed)           1.855    -2.713    clock_100MHz/inst/clk_out1_clk_wiz_0
    BUFGCTRL_X0Y0        BUFG (Prop_bufg_I_O)         0.101    -2.612 r  clock_100MHz/inst/clkout1_buf/O
                         net (fo=565, routed)         1.866    -0.746    DUT/U0/CLK
    SLICE_X108Y55        FDCE                                         r  DUT/U0/FSM_onehot_Ep_reg[8]/C
  -------------------------------------------------------------------    -------------------
    SLICE_X108Y55        FDCE (Prop_fdce_C_Q)         0.518    -0.228 r  DUT/U0/FSM_onehot_Ep_reg[8]/Q
                         net (fo=3, routed)           0.829     0.601    DUT/U0/Q[5]
    SLICE_X107Y56        LUT6 (Prop_lut6_I2_O)        0.124     0.725 r  DUT/U0/g0_b2__0_i_6/O
                         net (fo=2, routed)           0.806     1.531    DUT/U0/g0_b2__0_i_6_n_0
    SLICE_X107Y55        LUT6 (Prop_lut6_I3_O)        0.124     1.655 r  DUT/U0/g0_b2__0_i_1/O
                         net (fo=417, routed)         1.459     3.114    DUT/U0/selectData_s
    SLICE_X103Y66        LUT3 (Prop_lut3_I1_O)        0.119     3.233 r  DUT/U0/g0_b2__27_i_2/O
                         net (fo=5, routed)           0.617     3.851    DUT/U0/g0_b2__27_i_2_n_0
    SLICE_X105Y66        LUT5 (Prop_lut5_I3_O)        0.332     4.183 r  DUT/U0/g0_b0__27/O
                         net (fo=3, routed)           1.188     5.371    DUT/U3/state_register_instance/data_s_reg[4][56]_0[5]
    SLICE_X105Y58        LUT3 (Prop_lut3_I2_O)        0.152     5.523 r  DUT/U3/state_register_instance/data_s[51]_i_1/O
                         net (fo=2, routed)           0.888     6.411    DUT/U3/UTag/D[51]
    SLICE_X111Y65        FDCE                                         r  DUT/U3/UTag/data_s_reg[51]/D
  -------------------------------------------------------------------    -------------------

                         (clock clk_out1_clk_wiz_0 rise edge)
                                                     10.000    10.000 r  
    Y9                                                0.000    10.000 r  sys_clock_i (IN)
                         net (fo=0)                   0.000    10.000    clock_100MHz/inst/clk_in1
    Y9                   IBUF (Prop_ibuf_I_O)         1.420    11.420 r  clock_100MHz/inst/clkin1_ibufg/O
                         net (fo=1, routed)           1.162    12.582    clock_100MHz/inst/clk_in1_clk_wiz_0
    MMCME2_ADV_X0Y0      MMCME2_ADV (Prop_mmcme2_adv_CLKIN1_CLKOUT0)
                                                     -7.438     5.144 r  clock_100MHz/inst/mmcm_adv_inst/CLKOUT0
                         net (fo=1, routed)           1.691     6.835    clock_100MHz/inst/clk_out1_clk_wiz_0
    BUFGCTRL_X0Y0        BUFG (Prop_bufg_I_O)         0.091     6.926 r  clock_100MHz/inst/clkout1_buf/O
                         net (fo=565, routed)         1.683     8.609    DUT/U3/UTag/CLK
    SLICE_X111Y65        FDCE                                         r  DUT/U3/UTag/data_s_reg[51]/C
                         clock pessimism              0.576     9.185    
                         clock uncertainty           -0.074     9.111    
    SLICE_X111Y65        FDCE (Setup_fdce_C_D)       -0.300     8.811    DUT/U3/UTag/data_s_reg[51]
  -------------------------------------------------------------------
                         required time                          8.811    
                         arrival time                          -6.411    
  -------------------------------------------------------------------
                         slack                                  2.400    





Min Delay Paths
--------------------------------------------------------------------------------------
Slack (MET) :             0.130ns  (arrival time - required time)
  Source:                 FSM_DUT/FSM_onehot_Ep_reg[5]/C
                            (rising edge-triggered cell FDCE clocked by clk_out1_clk_wiz_0  {rise@0.000ns fall@5.000ns period=10.000ns})
  Destination:            DUT/U0/FSM_onehot_Ep_reg[5]/D
                            (rising edge-triggered cell FDCE clocked by clk_out1_clk_wiz_0  {rise@0.000ns fall@5.000ns period=10.000ns})
  Path Group:             clk_out1_clk_wiz_0
  Path Type:              Hold (Min at Fast Process Corner)
  Requirement:            0.000ns  (clk_out1_clk_wiz_0 rise@0.000ns - clk_out1_clk_wiz_0 rise@0.000ns)
  Data Path Delay:        0.264ns  (logic 0.186ns (70.355%)  route 0.078ns (29.645%))
  Logic Levels:           1  (LUT6=1)
  Clock Path Skew:        0.013ns (DCD - SCD - CPR)
    Destination Clock Delay (DCD):    -0.778ns
    Source Clock Delay      (SCD):    -0.542ns
    Clock Pessimism Removal (CPR):    -0.249ns

    Location             Delay type                Incr(ns)  Path(ns)    Netlist Resource(s)
  -------------------------------------------------------------------    -------------------
                         (clock clk_out1_clk_wiz_0 rise edge)
                                                      0.000     0.000 r  
    Y9                                                0.000     0.000 r  sys_clock_i (IN)
                         net (fo=0)                   0.000     0.000    clock_100MHz/inst/clk_in1
    Y9                   IBUF (Prop_ibuf_I_O)         0.258     0.258 r  clock_100MHz/inst/clkin1_ibufg/O
                         net (fo=1, routed)           0.440     0.698    clock_100MHz/inst/clk_in1_clk_wiz_0
    MMCME2_ADV_X0Y0      MMCME2_ADV (Prop_mmcme2_adv_CLKIN1_CLKOUT0)
                                                     -2.421    -1.722 r  clock_100MHz/inst/mmcm_adv_inst/CLKOUT0
                         net (fo=1, routed)           0.518    -1.204    clock_100MHz/inst/clk_out1_clk_wiz_0
    BUFGCTRL_X0Y0        BUFG (Prop_bufg_I_O)         0.026    -1.178 r  clock_100MHz/inst/clkout1_buf/O
                         net (fo=565, routed)         0.637    -0.542    FSM_DUT/CLK
    SLICE_X109Y53        FDCE                                         r  FSM_DUT/FSM_onehot_Ep_reg[5]/C
  -------------------------------------------------------------------    -------------------
    SLICE_X109Y53        FDCE (Prop_fdce_C_Q)         0.141    -0.401 f  FSM_DUT/FSM_onehot_Ep_reg[5]/Q
                         net (fo=7, routed)           0.078    -0.322    FSM_DUT/Q[0]
    SLICE_X108Y53        LUT6 (Prop_lut6_I2_O)        0.045    -0.277 r  FSM_DUT/FSM_onehot_Ep[5]_i_1/O
                         net (fo=1, routed)           0.000    -0.277    DUT/U0/D[2]
    SLICE_X108Y53        FDCE                                         r  DUT/U0/FSM_onehot_Ep_reg[5]/D
  -------------------------------------------------------------------    -------------------

                         (clock clk_out1_clk_wiz_0 rise edge)
                                                      0.000     0.000 r  
    Y9                                                0.000     0.000 r  sys_clock_i (IN)
                         net (fo=0)                   0.000     0.000    clock_100MHz/inst/clk_in1
    Y9                   IBUF (Prop_ibuf_I_O)         0.446     0.446 r  clock_100MHz/inst/clkin1_ibufg/O
                         net (fo=1, routed)           0.480     0.926    clock_100MHz/inst/clk_in1_clk_wiz_0
    MMCME2_ADV_X0Y0      MMCME2_ADV (Prop_mmcme2_adv_CLKIN1_CLKOUT0)
                                                     -3.204    -2.278 r  clock_100MHz/inst/mmcm_adv_inst/CLKOUT0
                         net (fo=1, routed)           0.564    -1.714    clock_100MHz/inst/clk_out1_clk_wiz_0
    BUFGCTRL_X0Y0        BUFG (Prop_bufg_I_O)         0.029    -1.685 r  clock_100MHz/inst/clkout1_buf/O
                         net (fo=565, routed)         0.907    -0.778    DUT/U0/CLK
    SLICE_X108Y53        FDCE                                         r  DUT/U0/FSM_onehot_Ep_reg[5]/C
                         clock pessimism              0.249    -0.529    
    SLICE_X108Y53        FDCE (Hold_fdce_C_D)         0.121    -0.408    DUT/U0/FSM_onehot_Ep_reg[5]
  -------------------------------------------------------------------
                         required time                          0.408    
                         arrival time                          -0.277    
  -------------------------------------------------------------------
                         slack                                  0.130    

Slack (MET) :             0.179ns  (arrival time - required time)
  Source:                 DUT/U0/FSM_onehot_Ep_reg[1]/C
                            (rising edge-triggered cell FDCE clocked by clk_out1_clk_wiz_0  {rise@0.000ns fall@5.000ns period=10.000ns})
  Destination:            DUT/U0/FSM_onehot_Ep_reg[2]/D
                            (rising edge-triggered cell FDCE clocked by clk_out1_clk_wiz_0  {rise@0.000ns fall@5.000ns period=10.000ns})
  Path Group:             clk_out1_clk_wiz_0
  Path Type:              Hold (Min at Fast Process Corner)
  Requirement:            0.000ns  (clk_out1_clk_wiz_0 rise@0.000ns - clk_out1_clk_wiz_0 rise@0.000ns)
  Data Path Delay:        0.297ns  (logic 0.189ns (63.643%)  route 0.108ns (36.357%))
  Logic Levels:           1  (LUT3=1)
  Clock Path Skew:        0.013ns (DCD - SCD - CPR)
    Destination Clock Delay (DCD):    -0.778ns
    Source Clock Delay      (SCD):    -0.542ns
    Clock Pessimism Removal (CPR):    -0.249ns

    Location             Delay type                Incr(ns)  Path(ns)    Netlist Resource(s)
  -------------------------------------------------------------------    -------------------
                         (clock clk_out1_clk_wiz_0 rise edge)
                                                      0.000     0.000 r  
    Y9                                                0.000     0.000 r  sys_clock_i (IN)
                         net (fo=0)                   0.000     0.000    clock_100MHz/inst/clk_in1
    Y9                   IBUF (Prop_ibuf_I_O)         0.258     0.258 r  clock_100MHz/inst/clkin1_ibufg/O
                         net (fo=1, routed)           0.440     0.698    clock_100MHz/inst/clk_in1_clk_wiz_0
    MMCME2_ADV_X0Y0      MMCME2_ADV (Prop_mmcme2_adv_CLKIN1_CLKOUT0)
                                                     -2.421    -1.722 r  clock_100MHz/inst/mmcm_adv_inst/CLKOUT0
                         net (fo=1, routed)           0.518    -1.204    clock_100MHz/inst/clk_out1_clk_wiz_0
    BUFGCTRL_X0Y0        BUFG (Prop_bufg_I_O)         0.026    -1.178 r  clock_100MHz/inst/clkout1_buf/O
                         net (fo=565, routed)         0.637    -0.542    DUT/U0/CLK
    SLICE_X107Y54        FDCE                                         r  DUT/U0/FSM_onehot_Ep_reg[1]/C
  -------------------------------------------------------------------    -------------------
    SLICE_X107Y54        FDCE (Prop_fdce_C_Q)         0.141    -0.401 r  DUT/U0/FSM_onehot_Ep_reg[1]/Q
                         net (fo=3, routed)           0.108    -0.293    DUT/U0/Ep[1]
    SLICE_X106Y54        LUT3 (Prop_lut3_I2_O)        0.048    -0.245 r  DUT/U0/FSM_onehot_Ep[2]_i_1/O
                         net (fo=1, routed)           0.000    -0.245    DUT/U0/Ef[2]
    SLICE_X106Y54        FDCE                                         r  DUT/U0/FSM_onehot_Ep_reg[2]/D
  -------------------------------------------------------------------    -------------------

                         (clock clk_out1_clk_wiz_0 rise edge)
                                                      0.000     0.000 r  
    Y9                                                0.000     0.000 r  sys_clock_i (IN)
                         net (fo=0)                   0.000     0.000    clock_100MHz/inst/clk_in1
    Y9                   IBUF (Prop_ibuf_I_O)         0.446     0.446 r  clock_100MHz/inst/clkin1_ibufg/O
                         net (fo=1, routed)           0.480     0.926    clock_100MHz/inst/clk_in1_clk_wiz_0
    MMCME2_ADV_X0Y0      MMCME2_ADV (Prop_mmcme2_adv_CLKIN1_CLKOUT0)
                                                     -3.204    -2.278 r  clock_100MHz/inst/mmcm_adv_inst/CLKOUT0
                         net (fo=1, routed)           0.564    -1.714    clock_100MHz/inst/clk_out1_clk_wiz_0
    BUFGCTRL_X0Y0        BUFG (Prop_bufg_I_O)         0.029    -1.685 r  clock_100MHz/inst/clkout1_buf/O
                         net (fo=565, routed)         0.907    -0.778    DUT/U0/CLK
    SLICE_X106Y54        FDCE                                         r  DUT/U0/FSM_onehot_Ep_reg[2]/C
                         clock pessimism              0.249    -0.529    
    SLICE_X106Y54        FDCE (Hold_fdce_C_D)         0.105    -0.424    DUT/U0/FSM_onehot_Ep_reg[2]
  -------------------------------------------------------------------
                         required time                          0.424    
                         arrival time                          -0.245    
  -------------------------------------------------------------------
                         slack                                  0.179    

Slack (MET) :             0.191ns  (arrival time - required time)
  Source:                 FSM_DUT/FSM_onehot_Ep_reg[5]/C
                            (rising edge-triggered cell FDCE clocked by clk_out1_clk_wiz_0  {rise@0.000ns fall@5.000ns period=10.000ns})
  Destination:            FSM_DUT/FSM_onehot_Ep_reg[6]/D
                            (rising edge-triggered cell FDCE clocked by clk_out1_clk_wiz_0  {rise@0.000ns fall@5.000ns period=10.000ns})
  Path Group:             clk_out1_clk_wiz_0
  Path Type:              Hold (Min at Fast Process Corner)
  Requirement:            0.000ns  (clk_out1_clk_wiz_0 rise@0.000ns - clk_out1_clk_wiz_0 rise@0.000ns)
  Data Path Delay:        0.282ns  (logic 0.141ns (49.944%)  route 0.141ns (50.056%))
  Logic Levels:           0  
  Clock Path Skew:        0.016ns (DCD - SCD - CPR)
    Destination Clock Delay (DCD):    -0.778ns
    Source Clock Delay      (SCD):    -0.542ns
    Clock Pessimism Removal (CPR):    -0.252ns

    Location             Delay type                Incr(ns)  Path(ns)    Netlist Resource(s)
  -------------------------------------------------------------------    -------------------
                         (clock clk_out1_clk_wiz_0 rise edge)
                                                      0.000     0.000 r  
    Y9                                                0.000     0.000 r  sys_clock_i (IN)
                         net (fo=0)                   0.000     0.000    clock_100MHz/inst/clk_in1
    Y9                   IBUF (Prop_ibuf_I_O)         0.258     0.258 r  clock_100MHz/inst/clkin1_ibufg/O
                         net (fo=1, routed)           0.440     0.698    clock_100MHz/inst/clk_in1_clk_wiz_0
    MMCME2_ADV_X0Y0      MMCME2_ADV (Prop_mmcme2_adv_CLKIN1_CLKOUT0)
                                                     -2.421    -1.722 r  clock_100MHz/inst/mmcm_adv_inst/CLKOUT0
                         net (fo=1, routed)           0.518    -1.204    clock_100MHz/inst/clk_out1_clk_wiz_0
    BUFGCTRL_X0Y0        BUFG (Prop_bufg_I_O)         0.026    -1.178 r  clock_100MHz/inst/clkout1_buf/O
                         net (fo=565, routed)         0.637    -0.542    FSM_DUT/CLK
    SLICE_X109Y53        FDCE                                         r  FSM_DUT/FSM_onehot_Ep_reg[5]/C
  -------------------------------------------------------------------    -------------------
    SLICE_X109Y53        FDCE (Prop_fdce_C_Q)         0.141    -0.401 r  FSM_DUT/FSM_onehot_Ep_reg[5]/Q
                         net (fo=7, routed)           0.141    -0.259    FSM_DUT/Q[0]
    SLICE_X107Y53        FDCE                                         r  FSM_DUT/FSM_onehot_Ep_reg[6]/D
  -------------------------------------------------------------------    -------------------

                         (clock clk_out1_clk_wiz_0 rise edge)
                                                      0.000     0.000 r  
    Y9                                                0.000     0.000 r  sys_clock_i (IN)
                         net (fo=0)                   0.000     0.000    clock_100MHz/inst/clk_in1
    Y9                   IBUF (Prop_ibuf_I_O)         0.446     0.446 r  clock_100MHz/inst/clkin1_ibufg/O
                         net (fo=1, routed)           0.480     0.926    clock_100MHz/inst/clk_in1_clk_wiz_0
    MMCME2_ADV_X0Y0      MMCME2_ADV (Prop_mmcme2_adv_CLKIN1_CLKOUT0)
                                                     -3.204    -2.278 r  clock_100MHz/inst/mmcm_adv_inst/CLKOUT0
                         net (fo=1, routed)           0.564    -1.714    clock_100MHz/inst/clk_out1_clk_wiz_0
    BUFGCTRL_X0Y0        BUFG (Prop_bufg_I_O)         0.029    -1.685 r  clock_100MHz/inst/clkout1_buf/O
                         net (fo=565, routed)         0.907    -0.778    FSM_DUT/CLK
    SLICE_X107Y53        FDCE                                         r  FSM_DUT/FSM_onehot_Ep_reg[6]/C
                         clock pessimism              0.252    -0.526    
    SLICE_X107Y53        FDCE (Hold_fdce_C_D)         0.075    -0.451    FSM_DUT/FSM_onehot_Ep_reg[6]
  -------------------------------------------------------------------
                         required time                          0.451    
                         arrival time                          -0.259    
  -------------------------------------------------------------------
                         slack                                  0.191    

Slack (MET) :             0.192ns  (arrival time - required time)
  Source:                 DUT/U2/cpt_s_reg[0]/C
                            (rising edge-triggered cell FDCE clocked by clk_out1_clk_wiz_0  {rise@0.000ns fall@5.000ns period=10.000ns})
  Destination:            DUT/U0/FSM_onehot_Ep_reg[17]/D
                            (rising edge-triggered cell FDCE clocked by clk_out1_clk_wiz_0  {rise@0.000ns fall@5.000ns period=10.000ns})
  Path Group:             clk_out1_clk_wiz_0
  Path Type:              Hold (Min at Fast Process Corner)
  Requirement:            0.000ns  (clk_out1_clk_wiz_0 rise@0.000ns - clk_out1_clk_wiz_0 rise@0.000ns)
  Data Path Delay:        0.297ns  (logic 0.186ns (62.624%)  route 0.111ns (37.376%))
  Logic Levels:           1  (LUT5=1)
  Clock Path Skew:        0.013ns (DCD - SCD - CPR)
    Destination Clock Delay (DCD):    -0.778ns
    Source Clock Delay      (SCD):    -0.542ns
    Clock Pessimism Removal (CPR):    -0.249ns

    Location             Delay type                Incr(ns)  Path(ns)    Netlist Resource(s)
  -------------------------------------------------------------------    -------------------
                         (clock clk_out1_clk_wiz_0 rise edge)
                                                      0.000     0.000 r  
    Y9                                                0.000     0.000 r  sys_clock_i (IN)
                         net (fo=0)                   0.000     0.000    clock_100MHz/inst/clk_in1
    Y9                   IBUF (Prop_ibuf_I_O)         0.258     0.258 r  clock_100MHz/inst/clkin1_ibufg/O
                         net (fo=1, routed)           0.440     0.698    clock_100MHz/inst/clk_in1_clk_wiz_0
    MMCME2_ADV_X0Y0      MMCME2_ADV (Prop_mmcme2_adv_CLKIN1_CLKOUT0)
                                                     -2.421    -1.722 r  clock_100MHz/inst/mmcm_adv_inst/CLKOUT0
                         net (fo=1, routed)           0.518    -1.204    clock_100MHz/inst/clk_out1_clk_wiz_0
    BUFGCTRL_X0Y0        BUFG (Prop_bufg_I_O)         0.026    -1.178 r  clock_100MHz/inst/clkout1_buf/O
                         net (fo=565, routed)         0.637    -0.542    DUT/U2/CLK
    SLICE_X106Y55        FDCE                                         r  DUT/U2/cpt_s_reg[0]/C
  -------------------------------------------------------------------    -------------------
    SLICE_X106Y55        FDCE (Prop_fdce_C_Q)         0.141    -0.401 f  DUT/U2/cpt_s_reg[0]/Q
                         net (fo=14, routed)          0.111    -0.290    DUT/U2/Q[0]
    SLICE_X107Y55        LUT5 (Prop_lut5_I4_O)        0.045    -0.245 r  DUT/U2/FSM_onehot_Ep[17]_i_1/O
                         net (fo=1, routed)           0.000    -0.245    DUT/U0/D[9]
    SLICE_X107Y55        FDCE                                         r  DUT/U0/FSM_onehot_Ep_reg[17]/D
  -------------------------------------------------------------------    -------------------

                         (clock clk_out1_clk_wiz_0 rise edge)
                                                      0.000     0.000 r  
    Y9                                                0.000     0.000 r  sys_clock_i (IN)
                         net (fo=0)                   0.000     0.000    clock_100MHz/inst/clk_in1
    Y9                   IBUF (Prop_ibuf_I_O)         0.446     0.446 r  clock_100MHz/inst/clkin1_ibufg/O
                         net (fo=1, routed)           0.480     0.926    clock_100MHz/inst/clk_in1_clk_wiz_0
    MMCME2_ADV_X0Y0      MMCME2_ADV (Prop_mmcme2_adv_CLKIN1_CLKOUT0)
                                                     -3.204    -2.278 r  clock_100MHz/inst/mmcm_adv_inst/CLKOUT0
                         net (fo=1, routed)           0.564    -1.714    clock_100MHz/inst/clk_out1_clk_wiz_0
    BUFGCTRL_X0Y0        BUFG (Prop_bufg_I_O)         0.029    -1.685 r  clock_100MHz/inst/clkout1_buf/O
                         net (fo=565, routed)         0.907    -0.778    DUT/U0/CLK
    SLICE_X107Y55        FDCE                                         r  DUT/U0/FSM_onehot_Ep_reg[17]/C
                         clock pessimism              0.249    -0.529    
    SLICE_X107Y55        FDCE (Hold_fdce_C_D)         0.092    -0.437    DUT/U0/FSM_onehot_Ep_reg[17]
  -------------------------------------------------------------------
                         required time                          0.437    
                         arrival time                          -0.245    
  -------------------------------------------------------------------
                         slack                                  0.192    

Slack (MET) :             0.198ns  (arrival time - required time)
  Source:                 FSM_DUT/FSM_onehot_Ep_reg[3]/C
                            (rising edge-triggered cell FDCE clocked by clk_out1_clk_wiz_0  {rise@0.000ns fall@5.000ns period=10.000ns})
  Destination:            FSM_DUT/FSM_onehot_Ep_reg[4]/D
                            (rising edge-triggered cell FDCE clocked by clk_out1_clk_wiz_0  {rise@0.000ns fall@5.000ns period=10.000ns})
  Path Group:             clk_out1_clk_wiz_0
  Path Type:              Hold (Min at Fast Process Corner)
  Requirement:            0.000ns  (clk_out1_clk_wiz_0 rise@0.000ns - clk_out1_clk_wiz_0 rise@0.000ns)
  Data Path Delay:        0.319ns  (logic 0.246ns (77.156%)  route 0.073ns (22.844%))
  Logic Levels:           1  (LUT2=1)
  Clock Path Skew:        0.000ns (DCD - SCD - CPR)
    Destination Clock Delay (DCD):    -0.778ns
    Source Clock Delay      (SCD):    -0.542ns
    Clock Pessimism Removal (CPR):    -0.236ns

    Location             Delay type                Incr(ns)  Path(ns)    Netlist Resource(s)
  -------------------------------------------------------------------    -------------------
                         (clock clk_out1_clk_wiz_0 rise edge)
                                                      0.000     0.000 r  
    Y9                                                0.000     0.000 r  sys_clock_i (IN)
                         net (fo=0)                   0.000     0.000    clock_100MHz/inst/clk_in1
    Y9                   IBUF (Prop_ibuf_I_O)         0.258     0.258 r  clock_100MHz/inst/clkin1_ibufg/O
                         net (fo=1, routed)           0.440     0.698    clock_100MHz/inst/clk_in1_clk_wiz_0
    MMCME2_ADV_X0Y0      MMCME2_ADV (Prop_mmcme2_adv_CLKIN1_CLKOUT0)
                                                     -2.421    -1.722 r  clock_100MHz/inst/mmcm_adv_inst/CLKOUT0
                         net (fo=1, routed)           0.518    -1.204    clock_100MHz/inst/clk_out1_clk_wiz_0
    BUFGCTRL_X0Y0        BUFG (Prop_bufg_I_O)         0.026    -1.178 r  clock_100MHz/inst/clkout1_buf/O
                         net (fo=565, routed)         0.637    -0.542    FSM_DUT/CLK
    SLICE_X108Y53        FDCE                                         r  FSM_DUT/FSM_onehot_Ep_reg[3]/C
  -------------------------------------------------------------------    -------------------
    SLICE_X108Y53        FDCE (Prop_fdce_C_Q)         0.148    -0.394 r  FSM_DUT/FSM_onehot_Ep_reg[3]/Q
                         net (fo=2, routed)           0.073    -0.321    FSM_DUT/Ep[3]
    SLICE_X108Y53        LUT2 (Prop_lut2_I0_O)        0.098    -0.223 r  FSM_DUT/FSM_onehot_Ep[4]_i_1__0/O
                         net (fo=1, routed)           0.000    -0.223    FSM_DUT/Ef[4]
    SLICE_X108Y53        FDCE                                         r  FSM_DUT/FSM_onehot_Ep_reg[4]/D
  -------------------------------------------------------------------    -------------------

                         (clock clk_out1_clk_wiz_0 rise edge)
                                                      0.000     0.000 r  
    Y9                                                0.000     0.000 r  sys_clock_i (IN)
                         net (fo=0)                   0.000     0.000    clock_100MHz/inst/clk_in1
    Y9                   IBUF (Prop_ibuf_I_O)         0.446     0.446 r  clock_100MHz/inst/clkin1_ibufg/O
                         net (fo=1, routed)           0.480     0.926    clock_100MHz/inst/clk_in1_clk_wiz_0
    MMCME2_ADV_X0Y0      MMCME2_ADV (Prop_mmcme2_adv_CLKIN1_CLKOUT0)
                                                     -3.204    -2.278 r  clock_100MHz/inst/mmcm_adv_inst/CLKOUT0
                         net (fo=1, routed)           0.564    -1.714    clock_100MHz/inst/clk_out1_clk_wiz_0
    BUFGCTRL_X0Y0        BUFG (Prop_bufg_I_O)         0.029    -1.685 r  clock_100MHz/inst/clkout1_buf/O
                         net (fo=565, routed)         0.907    -0.778    FSM_DUT/CLK
    SLICE_X108Y53        FDCE                                         r  FSM_DUT/FSM_onehot_Ep_reg[4]/C
                         clock pessimism              0.236    -0.542    
    SLICE_X108Y53        FDCE (Hold_fdce_C_D)         0.121    -0.421    FSM_DUT/FSM_onehot_Ep_reg[4]
  -------------------------------------------------------------------
                         required time                          0.421    
                         arrival time                          -0.223    
  -------------------------------------------------------------------
                         slack                                  0.198    

Slack (MET) :             0.201ns  (arrival time - required time)
  Source:                 FSM_DUT/FSM_onehot_Ep_reg[4]/C
                            (rising edge-triggered cell FDCE clocked by clk_out1_clk_wiz_0  {rise@0.000ns fall@5.000ns period=10.000ns})
  Destination:            FSM_DUT/FSM_onehot_Ep_reg[5]/D
                            (rising edge-triggered cell FDCE clocked by clk_out1_clk_wiz_0  {rise@0.000ns fall@5.000ns period=10.000ns})
  Path Group:             clk_out1_clk_wiz_0
  Path Type:              Hold (Min at Fast Process Corner)
  Requirement:            0.000ns  (clk_out1_clk_wiz_0 rise@0.000ns - clk_out1_clk_wiz_0 rise@0.000ns)
  Data Path Delay:        0.280ns  (logic 0.164ns (58.537%)  route 0.116ns (41.463%))
  Logic Levels:           0  
  Clock Path Skew:        0.013ns (DCD - SCD - CPR)
    Destination Clock Delay (DCD):    -0.778ns
    Source Clock Delay      (SCD):    -0.542ns
    Clock Pessimism Removal (CPR):    -0.249ns

    Location             Delay type                Incr(ns)  Path(ns)    Netlist Resource(s)
  -------------------------------------------------------------------    -------------------
                         (clock clk_out1_clk_wiz_0 rise edge)
                                                      0.000     0.000 r  
    Y9                                                0.000     0.000 r  sys_clock_i (IN)
                         net (fo=0)                   0.000     0.000    clock_100MHz/inst/clk_in1
    Y9                   IBUF (Prop_ibuf_I_O)         0.258     0.258 r  clock_100MHz/inst/clkin1_ibufg/O
                         net (fo=1, routed)           0.440     0.698    clock_100MHz/inst/clk_in1_clk_wiz_0
    MMCME2_ADV_X0Y0      MMCME2_ADV (Prop_mmcme2_adv_CLKIN1_CLKOUT0)
                                                     -2.421    -1.722 r  clock_100MHz/inst/mmcm_adv_inst/CLKOUT0
                         net (fo=1, routed)           0.518    -1.204    clock_100MHz/inst/clk_out1_clk_wiz_0
    BUFGCTRL_X0Y0        BUFG (Prop_bufg_I_O)         0.026    -1.178 r  clock_100MHz/inst/clkout1_buf/O
                         net (fo=565, routed)         0.637    -0.542    FSM_DUT/CLK
    SLICE_X108Y53        FDCE                                         r  FSM_DUT/FSM_onehot_Ep_reg[4]/C
  -------------------------------------------------------------------    -------------------
    SLICE_X108Y53        FDCE (Prop_fdce_C_Q)         0.164    -0.378 r  FSM_DUT/FSM_onehot_Ep_reg[4]/Q
                         net (fo=1, routed)           0.116    -0.261    FSM_DUT/Ep[4]
    SLICE_X109Y53        FDCE                                         r  FSM_DUT/FSM_onehot_Ep_reg[5]/D
  -------------------------------------------------------------------    -------------------

                         (clock clk_out1_clk_wiz_0 rise edge)
                                                      0.000     0.000 r  
    Y9                                                0.000     0.000 r  sys_clock_i (IN)
                         net (fo=0)                   0.000     0.000    clock_100MHz/inst/clk_in1
    Y9                   IBUF (Prop_ibuf_I_O)         0.446     0.446 r  clock_100MHz/inst/clkin1_ibufg/O
                         net (fo=1, routed)           0.480     0.926    clock_100MHz/inst/clk_in1_clk_wiz_0
    MMCME2_ADV_X0Y0      MMCME2_ADV (Prop_mmcme2_adv_CLKIN1_CLKOUT0)
                                                     -3.204    -2.278 r  clock_100MHz/inst/mmcm_adv_inst/CLKOUT0
                         net (fo=1, routed)           0.564    -1.714    clock_100MHz/inst/clk_out1_clk_wiz_0
    BUFGCTRL_X0Y0        BUFG (Prop_bufg_I_O)         0.029    -1.685 r  clock_100MHz/inst/clkout1_buf/O
                         net (fo=565, routed)         0.907    -0.778    FSM_DUT/CLK
    SLICE_X109Y53        FDCE                                         r  FSM_DUT/FSM_onehot_Ep_reg[5]/C
                         clock pessimism              0.249    -0.529    
    SLICE_X109Y53        FDCE (Hold_fdce_C_D)         0.066    -0.463    FSM_DUT/FSM_onehot_Ep_reg[5]
  -------------------------------------------------------------------
                         required time                          0.463    
                         arrival time                          -0.261    
  -------------------------------------------------------------------
                         slack                                  0.201    

Slack (MET) :             0.201ns  (arrival time - required time)
  Source:                 DUT/U0/FSM_onehot_Ep_reg[17]/C
                            (rising edge-triggered cell FDCE clocked by clk_out1_clk_wiz_0  {rise@0.000ns fall@5.000ns period=10.000ns})
  Destination:            DUT/U0/FSM_onehot_Ep_reg[18]/D
                            (rising edge-triggered cell FDCE clocked by clk_out1_clk_wiz_0  {rise@0.000ns fall@5.000ns period=10.000ns})
  Path Group:             clk_out1_clk_wiz_0
  Path Type:              Hold (Min at Fast Process Corner)
  Requirement:            0.000ns  (clk_out1_clk_wiz_0 rise@0.000ns - clk_out1_clk_wiz_0 rise@0.000ns)
  Data Path Delay:        0.309ns  (logic 0.186ns (60.133%)  route 0.123ns (39.867%))
  Logic Levels:           1  (LUT6=1)
  Clock Path Skew:        0.016ns (DCD - SCD - CPR)
    Destination Clock Delay (DCD):    -0.778ns
    Source Clock Delay      (SCD):    -0.542ns
    Clock Pessimism Removal (CPR):    -0.252ns

    Location             Delay type                Incr(ns)  Path(ns)    Netlist Resource(s)
  -------------------------------------------------------------------    -------------------
                         (clock clk_out1_clk_wiz_0 rise edge)
                                                      0.000     0.000 r  
    Y9                                                0.000     0.000 r  sys_clock_i (IN)
                         net (fo=0)                   0.000     0.000    clock_100MHz/inst/clk_in1
    Y9                   IBUF (Prop_ibuf_I_O)         0.258     0.258 r  clock_100MHz/inst/clkin1_ibufg/O
                         net (fo=1, routed)           0.440     0.698    clock_100MHz/inst/clk_in1_clk_wiz_0
    MMCME2_ADV_X0Y0      MMCME2_ADV (Prop_mmcme2_adv_CLKIN1_CLKOUT0)
                                                     -2.421    -1.722 r  clock_100MHz/inst/mmcm_adv_inst/CLKOUT0
                         net (fo=1, routed)           0.518    -1.204    clock_100MHz/inst/clk_out1_clk_wiz_0
    BUFGCTRL_X0Y0        BUFG (Prop_bufg_I_O)         0.026    -1.178 r  clock_100MHz/inst/clkout1_buf/O
                         net (fo=565, routed)         0.637    -0.542    DUT/U0/CLK
    SLICE_X107Y55        FDCE                                         r  DUT/U0/FSM_onehot_Ep_reg[17]/C
  -------------------------------------------------------------------    -------------------
    SLICE_X107Y55        FDCE (Prop_fdce_C_Q)         0.141    -0.401 r  DUT/U0/FSM_onehot_Ep_reg[17]/Q
                         net (fo=3, routed)           0.123    -0.277    FSM_DUT/FSM_onehot_Ep_reg[20]_0[4]
    SLICE_X107Y53        LUT6 (Prop_lut6_I5_O)        0.045    -0.232 r  FSM_DUT/FSM_onehot_Ep[18]_i_1/O
                         net (fo=1, routed)           0.000    -0.232    DUT/U0/D[10]
    SLICE_X107Y53        FDCE                                         r  DUT/U0/FSM_onehot_Ep_reg[18]/D
  -------------------------------------------------------------------    -------------------

                         (clock clk_out1_clk_wiz_0 rise edge)
                                                      0.000     0.000 r  
    Y9                                                0.000     0.000 r  sys_clock_i (IN)
                         net (fo=0)                   0.000     0.000    clock_100MHz/inst/clk_in1
    Y9                   IBUF (Prop_ibuf_I_O)         0.446     0.446 r  clock_100MHz/inst/clkin1_ibufg/O
                         net (fo=1, routed)           0.480     0.926    clock_100MHz/inst/clk_in1_clk_wiz_0
    MMCME2_ADV_X0Y0      MMCME2_ADV (Prop_mmcme2_adv_CLKIN1_CLKOUT0)
                                                     -3.204    -2.278 r  clock_100MHz/inst/mmcm_adv_inst/CLKOUT0
                         net (fo=1, routed)           0.564    -1.714    clock_100MHz/inst/clk_out1_clk_wiz_0
    BUFGCTRL_X0Y0        BUFG (Prop_bufg_I_O)         0.029    -1.685 r  clock_100MHz/inst/clkout1_buf/O
                         net (fo=565, routed)         0.907    -0.778    DUT/U0/CLK
    SLICE_X107Y53        FDCE                                         r  DUT/U0/FSM_onehot_Ep_reg[18]/C
                         clock pessimism              0.252    -0.526    
    SLICE_X107Y53        FDCE (Hold_fdce_C_D)         0.092    -0.434    DUT/U0/FSM_onehot_Ep_reg[18]
  -------------------------------------------------------------------
                         required time                          0.434    
                         arrival time                          -0.232    
  -------------------------------------------------------------------
                         slack                                  0.201    

Slack (MET) :             0.212ns  (arrival time - required time)
  Source:                 DUT/U0/FSM_onehot_Ep_reg[10]/C
                            (rising edge-triggered cell FDCE clocked by clk_out1_clk_wiz_0  {rise@0.000ns fall@5.000ns period=10.000ns})
  Destination:            DUT/U0/FSM_onehot_Ep_reg[11]/D
                            (rising edge-triggered cell FDCE clocked by clk_out1_clk_wiz_0  {rise@0.000ns fall@5.000ns period=10.000ns})
  Path Group:             clk_out1_clk_wiz_0
  Path Type:              Hold (Min at Fast Process Corner)
  Requirement:            0.000ns  (clk_out1_clk_wiz_0 rise@0.000ns - clk_out1_clk_wiz_0 rise@0.000ns)
  Data Path Delay:        0.317ns  (logic 0.186ns (58.642%)  route 0.131ns (41.358%))
  Logic Levels:           1  (LUT5=1)
  Clock Path Skew:        0.013ns (DCD - SCD - CPR)
    Destination Clock Delay (DCD):    -0.778ns
    Source Clock Delay      (SCD):    -0.542ns
    Clock Pessimism Removal (CPR):    -0.249ns

    Location             Delay type                Incr(ns)  Path(ns)    Netlist Resource(s)
  -------------------------------------------------------------------    -------------------
                         (clock clk_out1_clk_wiz_0 rise edge)
                                                      0.000     0.000 r  
    Y9                                                0.000     0.000 r  sys_clock_i (IN)
                         net (fo=0)                   0.000     0.000    clock_100MHz/inst/clk_in1
    Y9                   IBUF (Prop_ibuf_I_O)         0.258     0.258 r  clock_100MHz/inst/clkin1_ibufg/O
                         net (fo=1, routed)           0.440     0.698    clock_100MHz/inst/clk_in1_clk_wiz_0
    MMCME2_ADV_X0Y0      MMCME2_ADV (Prop_mmcme2_adv_CLKIN1_CLKOUT0)
                                                     -2.421    -1.722 r  clock_100MHz/inst/mmcm_adv_inst/CLKOUT0
                         net (fo=1, routed)           0.518    -1.204    clock_100MHz/inst/clk_out1_clk_wiz_0
    BUFGCTRL_X0Y0        BUFG (Prop_bufg_I_O)         0.026    -1.178 r  clock_100MHz/inst/clkout1_buf/O
                         net (fo=565, routed)         0.637    -0.542    DUT/U0/CLK
    SLICE_X107Y53        FDCE                                         r  DUT/U0/FSM_onehot_Ep_reg[10]/C
  -------------------------------------------------------------------    -------------------
    SLICE_X107Y53        FDCE (Prop_fdce_C_Q)         0.141    -0.401 r  DUT/U0/FSM_onehot_Ep_reg[10]/Q
                         net (fo=6, routed)           0.131    -0.269    FSM_DUT/FSM_onehot_Ep_reg[20]_0[3]
    SLICE_X106Y53        LUT5 (Prop_lut5_I0_O)        0.045    -0.224 r  FSM_DUT/FSM_onehot_Ep[11]_i_1/O
                         net (fo=1, routed)           0.000    -0.224    DUT/U0/D[6]
    SLICE_X106Y53        FDCE                                         r  DUT/U0/FSM_onehot_Ep_reg[11]/D
  -------------------------------------------------------------------    -------------------

                         (clock clk_out1_clk_wiz_0 rise edge)
                                                      0.000     0.000 r  
    Y9                                                0.000     0.000 r  sys_clock_i (IN)
                         net (fo=0)                   0.000     0.000    clock_100MHz/inst/clk_in1
    Y9                   IBUF (Prop_ibuf_I_O)         0.446     0.446 r  clock_100MHz/inst/clkin1_ibufg/O
                         net (fo=1, routed)           0.480     0.926    clock_100MHz/inst/clk_in1_clk_wiz_0
    MMCME2_ADV_X0Y0      MMCME2_ADV (Prop_mmcme2_adv_CLKIN1_CLKOUT0)
                                                     -3.204    -2.278 r  clock_100MHz/inst/mmcm_adv_inst/CLKOUT0
                         net (fo=1, routed)           0.564    -1.714    clock_100MHz/inst/clk_out1_clk_wiz_0
    BUFGCTRL_X0Y0        BUFG (Prop_bufg_I_O)         0.029    -1.685 r  clock_100MHz/inst/clkout1_buf/O
                         net (fo=565, routed)         0.907    -0.778    DUT/U0/CLK
    SLICE_X106Y53        FDCE                                         r  DUT/U0/FSM_onehot_Ep_reg[11]/C
                         clock pessimism              0.249    -0.529    
    SLICE_X106Y53        FDCE (Hold_fdce_C_D)         0.092    -0.437    DUT/U0/FSM_onehot_Ep_reg[11]
  -------------------------------------------------------------------
                         required time                          0.437    
                         arrival time                          -0.224    
  -------------------------------------------------------------------
                         slack                                  0.212    

Slack (MET) :             0.216ns  (arrival time - required time)
  Source:                 FSM_DUT/FSM_onehot_Ep_reg[12]/C
                            (rising edge-triggered cell FDCE clocked by clk_out1_clk_wiz_0  {rise@0.000ns fall@5.000ns period=10.000ns})
  Destination:            FSM_DUT/FSM_onehot_Ep_reg[13]/D
                            (rising edge-triggered cell FDCE clocked by clk_out1_clk_wiz_0  {rise@0.000ns fall@5.000ns period=10.000ns})
  Path Group:             clk_out1_clk_wiz_0
  Path Type:              Hold (Min at Fast Process Corner)
  Requirement:            0.000ns  (clk_out1_clk_wiz_0 rise@0.000ns - clk_out1_clk_wiz_0 rise@0.000ns)
  Data Path Delay:        0.250ns  (logic 0.128ns (51.112%)  route 0.122ns (48.888%))
  Logic Levels:           0  
  Clock Path Skew:        0.017ns (DCD - SCD - CPR)
    Destination Clock Delay (DCD):    -0.777ns
    Source Clock Delay      (SCD):    -0.542ns
    Clock Pessimism Removal (CPR):    -0.252ns

    Location             Delay type                Incr(ns)  Path(ns)    Netlist Resource(s)
  -------------------------------------------------------------------    -------------------
                         (clock clk_out1_clk_wiz_0 rise edge)
                                                      0.000     0.000 r  
    Y9                                                0.000     0.000 r  sys_clock_i (IN)
                         net (fo=0)                   0.000     0.000    clock_100MHz/inst/clk_in1
    Y9                   IBUF (Prop_ibuf_I_O)         0.258     0.258 r  clock_100MHz/inst/clkin1_ibufg/O
                         net (fo=1, routed)           0.440     0.698    clock_100MHz/inst/clk_in1_clk_wiz_0
    MMCME2_ADV_X0Y0      MMCME2_ADV (Prop_mmcme2_adv_CLKIN1_CLKOUT0)
                                                     -2.421    -1.722 r  clock_100MHz/inst/mmcm_adv_inst/CLKOUT0
                         net (fo=1, routed)           0.518    -1.204    clock_100MHz/inst/clk_out1_clk_wiz_0
    BUFGCTRL_X0Y0        BUFG (Prop_bufg_I_O)         0.026    -1.178 r  clock_100MHz/inst/clkout1_buf/O
                         net (fo=565, routed)         0.637    -0.542    FSM_DUT/CLK
    SLICE_X106Y53        FDCE                                         r  FSM_DUT/FSM_onehot_Ep_reg[12]/C
  -------------------------------------------------------------------    -------------------
    SLICE_X106Y53        FDCE (Prop_fdce_C_Q)         0.128    -0.414 r  FSM_DUT/FSM_onehot_Ep_reg[12]/Q
                         net (fo=2, routed)           0.122    -0.291    FSM_DUT/Ep[12]
    SLICE_X107Y52        FDCE                                         r  FSM_DUT/FSM_onehot_Ep_reg[13]/D
  -------------------------------------------------------------------    -------------------

                         (clock clk_out1_clk_wiz_0 rise edge)
                                                      0.000     0.000 r  
    Y9                                                0.000     0.000 r  sys_clock_i (IN)
                         net (fo=0)                   0.000     0.000    clock_100MHz/inst/clk_in1
    Y9                   IBUF (Prop_ibuf_I_O)         0.446     0.446 r  clock_100MHz/inst/clkin1_ibufg/O
                         net (fo=1, routed)           0.480     0.926    clock_100MHz/inst/clk_in1_clk_wiz_0
    MMCME2_ADV_X0Y0      MMCME2_ADV (Prop_mmcme2_adv_CLKIN1_CLKOUT0)
                                                     -3.204    -2.278 r  clock_100MHz/inst/mmcm_adv_inst/CLKOUT0
                         net (fo=1, routed)           0.564    -1.714    clock_100MHz/inst/clk_out1_clk_wiz_0
    BUFGCTRL_X0Y0        BUFG (Prop_bufg_I_O)         0.029    -1.685 r  clock_100MHz/inst/clkout1_buf/O
                         net (fo=565, routed)         0.908    -0.777    FSM_DUT/CLK
    SLICE_X107Y52        FDCE                                         r  FSM_DUT/FSM_onehot_Ep_reg[13]/C
                         clock pessimism              0.252    -0.525    
    SLICE_X107Y52        FDCE (Hold_fdce_C_D)         0.017    -0.508    FSM_DUT/FSM_onehot_Ep_reg[13]
  -------------------------------------------------------------------
                         required time                          0.508    
                         arrival time                          -0.291    
  -------------------------------------------------------------------
                         slack                                  0.216    

Slack (MET) :             0.216ns  (arrival time - required time)
  Source:                 FSM_DUT/FSM_onehot_Ep_reg[17]/C
                            (rising edge-triggered cell FDCE clocked by clk_out1_clk_wiz_0  {rise@0.000ns fall@5.000ns period=10.000ns})
  Destination:            FSM_DUT/FSM_onehot_Ep_reg[18]/D
                            (rising edge-triggered cell FDCE clocked by clk_out1_clk_wiz_0  {rise@0.000ns fall@5.000ns period=10.000ns})
  Path Group:             clk_out1_clk_wiz_0
  Path Type:              Hold (Min at Fast Process Corner)
  Requirement:            0.000ns  (clk_out1_clk_wiz_0 rise@0.000ns - clk_out1_clk_wiz_0 rise@0.000ns)
  Data Path Delay:        0.295ns  (logic 0.141ns (47.723%)  route 0.154ns (52.277%))
  Logic Levels:           0  
  Clock Path Skew:        0.013ns (DCD - SCD - CPR)
    Destination Clock Delay (DCD):    -0.777ns
    Source Clock Delay      (SCD):    -0.541ns
    Clock Pessimism Removal (CPR):    -0.249ns

    Location             Delay type                Incr(ns)  Path(ns)    Netlist Resource(s)
  -------------------------------------------------------------------    -------------------
                         (clock clk_out1_clk_wiz_0 rise edge)
                                                      0.000     0.000 r  
    Y9                                                0.000     0.000 r  sys_clock_i (IN)
                         net (fo=0)                   0.000     0.000    clock_100MHz/inst/clk_in1
    Y9                   IBUF (Prop_ibuf_I_O)         0.258     0.258 r  clock_100MHz/inst/clkin1_ibufg/O
                         net (fo=1, routed)           0.440     0.698    clock_100MHz/inst/clk_in1_clk_wiz_0
    MMCME2_ADV_X0Y0      MMCME2_ADV (Prop_mmcme2_adv_CLKIN1_CLKOUT0)
                                                     -2.421    -1.722 r  clock_100MHz/inst/mmcm_adv_inst/CLKOUT0
                         net (fo=1, routed)           0.518    -1.204    clock_100MHz/inst/clk_out1_clk_wiz_0
    BUFGCTRL_X0Y0        BUFG (Prop_bufg_I_O)         0.026    -1.178 r  clock_100MHz/inst/clkout1_buf/O
                         net (fo=565, routed)         0.638    -0.541    FSM_DUT/CLK
    SLICE_X106Y52        FDCE                                         r  FSM_DUT/FSM_onehot_Ep_reg[17]/C
  -------------------------------------------------------------------    -------------------
    SLICE_X106Y52        FDCE (Prop_fdce_C_Q)         0.141    -0.400 r  FSM_DUT/FSM_onehot_Ep_reg[17]/Q
                         net (fo=9, routed)           0.154    -0.245    FSM_DUT/Q[1]
    SLICE_X107Y52        FDCE                                         r  FSM_DUT/FSM_onehot_Ep_reg[18]/D
  -------------------------------------------------------------------    -------------------

                         (clock clk_out1_clk_wiz_0 rise edge)
                                                      0.000     0.000 r  
    Y9                                                0.000     0.000 r  sys_clock_i (IN)
                         net (fo=0)                   0.000     0.000    clock_100MHz/inst/clk_in1
    Y9                   IBUF (Prop_ibuf_I_O)         0.446     0.446 r  clock_100MHz/inst/clkin1_ibufg/O
                         net (fo=1, routed)           0.480     0.926    clock_100MHz/inst/clk_in1_clk_wiz_0
    MMCME2_ADV_X0Y0      MMCME2_ADV (Prop_mmcme2_adv_CLKIN1_CLKOUT0)
                                                     -3.204    -2.278 r  clock_100MHz/inst/mmcm_adv_inst/CLKOUT0
                         net (fo=1, routed)           0.564    -1.714    clock_100MHz/inst/clk_out1_clk_wiz_0
    BUFGCTRL_X0Y0        BUFG (Prop_bufg_I_O)         0.029    -1.685 r  clock_100MHz/inst/clkout1_buf/O
                         net (fo=565, routed)         0.908    -0.777    FSM_DUT/CLK
    SLICE_X107Y52        FDCE                                         r  FSM_DUT/FSM_onehot_Ep_reg[18]/C
                         clock pessimism              0.249    -0.528    
    SLICE_X107Y52        FDCE (Hold_fdce_C_D)         0.066    -0.462    FSM_DUT/FSM_onehot_Ep_reg[18]
  -------------------------------------------------------------------
                         required time                          0.462    
                         arrival time                          -0.245    
  -------------------------------------------------------------------
                         slack                                  0.216    





Pulse Width Checks
--------------------------------------------------------------------------------------
Clock Name:         clk_out1_clk_wiz_0
Waveform(ns):       { 0.000 5.000 }
Period(ns):         10.000
Sources:            { clock_100MHz/inst/mmcm_adv_inst/CLKOUT0 }

Check Type        Corner  Lib Pin             Reference Pin  Required(ns)  Actual(ns)  Slack(ns)  Location         Pin
Min Period        n/a     RAMB36E1/CLKARDCLK  n/a            2.576         10.000      7.424      RAMB36_X5Y12     <hidden>
Min Period        n/a     RAMB36E1/CLKBWRCLK  n/a            2.576         10.000      7.424      RAMB36_X5Y12     <hidden>
Min Period        n/a     BUFG/I              n/a            2.155         10.000      7.845      BUFGCTRL_X0Y0    clock_100MHz/inst/clkout1_buf/I
Min Period        n/a     MMCME2_ADV/CLKOUT0  n/a            1.249         10.000      8.751      MMCME2_ADV_X0Y0  clock_100MHz/inst/mmcm_adv_inst/CLKOUT0
Min Period        n/a     FDPE/C              n/a            1.000         10.000      9.000      SLICE_X108Y54    DUT/U0/FSM_onehot_Ep_reg[0]/C
Min Period        n/a     FDCE/C              n/a            1.000         10.000      9.000      SLICE_X107Y53    DUT/U0/FSM_onehot_Ep_reg[10]/C
Min Period        n/a     FDCE/C              n/a            1.000         10.000      9.000      SLICE_X106Y53    DUT/U0/FSM_onehot_Ep_reg[11]/C
Min Period        n/a     FDCE/C              n/a            1.000         10.000      9.000      SLICE_X107Y55    DUT/U0/FSM_onehot_Ep_reg[12]/C
Min Period        n/a     FDCE/C              n/a            1.000         10.000      9.000      SLICE_X107Y53    DUT/U0/FSM_onehot_Ep_reg[13]/C
Min Period        n/a     FDCE/C              n/a            1.000         10.000      9.000      SLICE_X107Y55    DUT/U0/FSM_onehot_Ep_reg[14]/C
Max Period        n/a     MMCME2_ADV/CLKOUT0  n/a            213.360       10.000      203.360    MMCME2_ADV_X0Y0  clock_100MHz/inst/mmcm_adv_inst/CLKOUT0
Low Pulse Width   Slow    FDPE/C              n/a            0.500         5.000       4.500      SLICE_X108Y54    DUT/U0/FSM_onehot_Ep_reg[0]/C
Low Pulse Width   Fast    FDPE/C              n/a            0.500         5.000       4.500      SLICE_X108Y54    DUT/U0/FSM_onehot_Ep_reg[0]/C
Low Pulse Width   Slow    FDCE/C              n/a            0.500         5.000       4.500      SLICE_X107Y53    DUT/U0/FSM_onehot_Ep_reg[10]/C
Low Pulse Width   Fast    FDCE/C              n/a            0.500         5.000       4.500      SLICE_X107Y53    DUT/U0/FSM_onehot_Ep_reg[10]/C
Low Pulse Width   Slow    FDCE/C              n/a            0.500         5.000       4.500      SLICE_X106Y53    DUT/U0/FSM_onehot_Ep_reg[11]/C
Low Pulse Width   Fast    FDCE/C              n/a            0.500         5.000       4.500      SLICE_X106Y53    DUT/U0/FSM_onehot_Ep_reg[11]/C
Low Pulse Width   Slow    FDCE/C              n/a            0.500         5.000       4.500      SLICE_X107Y55    DUT/U0/FSM_onehot_Ep_reg[12]/C
Low Pulse Width   Fast    FDCE/C              n/a            0.500         5.000       4.500      SLICE_X107Y55    DUT/U0/FSM_onehot_Ep_reg[12]/C
Low Pulse Width   Slow    FDCE/C              n/a            0.500         5.000       4.500      SLICE_X107Y53    DUT/U0/FSM_onehot_Ep_reg[13]/C
Low Pulse Width   Fast    FDCE/C              n/a            0.500         5.000       4.500      SLICE_X107Y53    DUT/U0/FSM_onehot_Ep_reg[13]/C
High Pulse Width  Slow    FDPE/C              n/a            0.500         5.000       4.500      SLICE_X108Y54    DUT/U0/FSM_onehot_Ep_reg[0]/C
High Pulse Width  Fast    FDPE/C              n/a            0.500         5.000       4.500      SLICE_X108Y54    DUT/U0/FSM_onehot_Ep_reg[0]/C
High Pulse Width  Slow    FDCE/C              n/a            0.500         5.000       4.500      SLICE_X107Y53    DUT/U0/FSM_onehot_Ep_reg[10]/C
High Pulse Width  Fast    FDCE/C              n/a            0.500         5.000       4.500      SLICE_X107Y53    DUT/U0/FSM_onehot_Ep_reg[10]/C
High Pulse Width  Slow    FDCE/C              n/a            0.500         5.000       4.500      SLICE_X106Y53    DUT/U0/FSM_onehot_Ep_reg[11]/C
High Pulse Width  Fast    FDCE/C              n/a            0.500         5.000       4.500      SLICE_X106Y53    DUT/U0/FSM_onehot_Ep_reg[11]/C
High Pulse Width  Slow    FDCE/C              n/a            0.500         5.000       4.500      SLICE_X107Y55    DUT/U0/FSM_onehot_Ep_reg[12]/C
High Pulse Width  Fast    FDCE/C              n/a            0.500         5.000       4.500      SLICE_X107Y55    DUT/U0/FSM_onehot_Ep_reg[12]/C
High Pulse Width  Slow    FDCE/C              n/a            0.500         5.000       4.500      SLICE_X107Y53    DUT/U0/FSM_onehot_Ep_reg[13]/C
High Pulse Width  Fast    FDCE/C              n/a            0.500         5.000       4.500      SLICE_X107Y53    DUT/U0/FSM_onehot_Ep_reg[13]/C



---------------------------------------------------------------------------------------------------
From Clock:  clkfbout_clk_wiz_0
  To Clock:  clkfbout_clk_wiz_0

Setup :           NA  Failing Endpoints,  Worst Slack           NA  ,  Total Violation           NA
Hold  :           NA  Failing Endpoints,  Worst Slack           NA  ,  Total Violation           NA
PW    :            0  Failing Endpoints,  Worst Slack        7.845ns,  Total Violation        0.000ns
---------------------------------------------------------------------------------------------------


Pulse Width Checks
--------------------------------------------------------------------------------------
Clock Name:         clkfbout_clk_wiz_0
Waveform(ns):       { 0.000 5.000 }
Period(ns):         10.000
Sources:            { clock_100MHz/inst/mmcm_adv_inst/CLKFBOUT }

Check Type  Corner  Lib Pin              Reference Pin  Required(ns)  Actual(ns)  Slack(ns)  Location         Pin
Min Period  n/a     BUFG/I               n/a            2.155         10.000      7.845      BUFGCTRL_X0Y1    clock_100MHz/inst/clkf_buf/I
Min Period  n/a     MMCME2_ADV/CLKFBOUT  n/a            1.249         10.000      8.751      MMCME2_ADV_X0Y0  clock_100MHz/inst/mmcm_adv_inst/CLKFBOUT
Min Period  n/a     MMCME2_ADV/CLKFBIN   n/a            1.249         10.000      8.751      MMCME2_ADV_X0Y0  clock_100MHz/inst/mmcm_adv_inst/CLKFBIN
Max Period  n/a     MMCME2_ADV/CLKFBIN   n/a            100.000       10.000      90.000     MMCME2_ADV_X0Y0  clock_100MHz/inst/mmcm_adv_inst/CLKFBIN
Max Period  n/a     MMCME2_ADV/CLKFBOUT  n/a            213.360       10.000      203.360    MMCME2_ADV_X0Y0  clock_100MHz/inst/mmcm_adv_inst/CLKFBOUT



--------------------------------------------------------------------------------------
Path Group:  (none)
From Clock:  
  To Clock:  

Max Delay             8 Endpoints
Min Delay             8 Endpoints
--------------------------------------------------------------------------------------


Max Delay Paths
--------------------------------------------------------------------------------------
Slack:                    inf
  Source:                 mux1_i
                            (input port)
  Destination:            affichage_o[7]
                            (output port)
  Path Group:             (none)
  Path Type:              Max at Slow Process Corner
  Data Path Delay:        15.476ns  (logic 5.308ns (34.297%)  route 10.168ns (65.703%))
  Logic Levels:           5  (IBUF=1 LUT4=1 LUT6=2 OBUF=1)

    Location             Delay type                Incr(ns)  Path(ns)    Netlist Resource(s)
  -------------------------------------------------------------------    -------------------
    H19                                               0.000     0.000 f  mux1_i (IN)
                         net (fo=0)                   0.000     0.000    mux1_i
    H19                  IBUF (Prop_ibuf_I_O)         1.434     1.434 f  mux1_i_IBUF_inst/O
                         net (fo=64, routed)          4.695     6.129    DUT/U3/UTag/mux1_i_IBUF
    SLICE_X99Y69         LUT4 (Prop_lut4_I3_O)        0.124     6.253 r  DUT/U3/UTag/affichage_o_OBUF[7]_inst_i_6/O
                         net (fo=1, routed)           0.608     6.861    DUT/U3/UTag/affichage_o_OBUF[7]_inst_i_6_n_0
    SLICE_X101Y69        LUT6 (Prop_lut6_I5_O)        0.124     6.985 r  DUT/U3/UTag/affichage_o_OBUF[7]_inst_i_2/O
                         net (fo=1, routed)           0.967     7.952    DUT/U3/UTag/affichage_o_OBUF[7]_inst_i_2_n_0
    SLICE_X104Y69        LUT6 (Prop_lut6_I0_O)        0.124     8.076 r  DUT/U3/UTag/affichage_o_OBUF[7]_inst_i_1/O
                         net (fo=1, routed)           3.898    11.974    affichage_o_OBUF[7]
    U14                  OBUF (Prop_obuf_I_O)         3.502    15.476 r  affichage_o_OBUF[7]_inst/O
                         net (fo=0)                   0.000    15.476    affichage_o[7]
    U14                                                               r  affichage_o[7] (OUT)
  -------------------------------------------------------------------    -------------------

Slack:                    inf
  Source:                 mux1_i
                            (input port)
  Destination:            affichage_o[4]
                            (output port)
  Path Group:             (none)
  Path Type:              Max at Slow Process Corner
  Data Path Delay:        15.206ns  (logic 5.601ns (36.831%)  route 9.605ns (63.169%))
  Logic Levels:           5  (IBUF=1 LUT6=2 MUXF7=1 OBUF=1)

    Location             Delay type                Incr(ns)  Path(ns)    Netlist Resource(s)
  -------------------------------------------------------------------    -------------------
    H19                                               0.000     0.000 r  mux1_i (IN)
                         net (fo=0)                   0.000     0.000    mux1_i
    H19                  IBUF (Prop_ibuf_I_O)         1.434     1.434 r  mux1_i_IBUF_inst/O
                         net (fo=64, routed)          5.731     7.165    DUT/U3/UCipher/mux1_i_IBUF
    SLICE_X98Y64         LUT6 (Prop_lut6_I5_O)        0.124     7.289 r  DUT/U3/UCipher/affichage_o_OBUF[4]_inst_i_8/O
                         net (fo=1, routed)           0.000     7.289    DUT/U3/UCipher/affichage_o_OBUF[4]_inst_i_8_n_0
    SLICE_X98Y64         MUXF7 (Prop_muxf7_I0_O)      0.209     7.498 r  DUT/U3/UCipher/affichage_o_OBUF[4]_inst_i_4/O
                         net (fo=1, routed)           1.423     8.920    DUT/U3/UTag/affichage_o[4]
    SLICE_X110Y64        LUT6 (Prop_lut6_I3_O)        0.297     9.217 r  DUT/U3/UTag/affichage_o_OBUF[4]_inst_i_1/O
                         net (fo=1, routed)           2.452    11.669    affichage_o_OBUF[4]
    V22                  OBUF (Prop_obuf_I_O)         3.537    15.206 r  affichage_o_OBUF[4]_inst/O
                         net (fo=0)                   0.000    15.206    affichage_o[4]
    V22                                                               r  affichage_o[4] (OUT)
  -------------------------------------------------------------------    -------------------

Slack:                    inf
  Source:                 mux2_i[0]
                            (input port)
  Destination:            affichage_o[6]
                            (output port)
  Path Group:             (none)
  Path Type:              Max at Slow Process Corner
  Data Path Delay:        14.572ns  (logic 5.634ns (38.664%)  route 8.938ns (61.336%))
  Logic Levels:           5  (IBUF=1 LUT6=2 MUXF7=1 OBUF=1)

    Location             Delay type                Incr(ns)  Path(ns)    Netlist Resource(s)
  -------------------------------------------------------------------    -------------------
    F22                                               0.000     0.000 r  mux2_i[0] (IN)
                         net (fo=0)                   0.000     0.000    mux2_i[0]
    F22                  IBUF (Prop_ibuf_I_O)         1.487     1.487 r  mux2_i_IBUF[0]_inst/O
                         net (fo=64, routed)          5.168     6.655    DUT/U3/UCipher/mux2_i_IBUF[0]
    SLICE_X96Y60         LUT6 (Prop_lut6_I2_O)        0.124     6.779 r  DUT/U3/UCipher/affichage_o_OBUF[6]_inst_i_9/O
                         net (fo=1, routed)           0.000     6.779    DUT/U3/UCipher/affichage_o_OBUF[6]_inst_i_9_n_0
    SLICE_X96Y60         MUXF7 (Prop_muxf7_I1_O)      0.214     6.993 r  DUT/U3/UCipher/affichage_o_OBUF[6]_inst_i_4/O
                         net (fo=1, routed)           1.320     8.313    DUT/U3/UTag/affichage_o[6]
    SLICE_X106Y68        LUT6 (Prop_lut6_I3_O)        0.297     8.610 r  DUT/U3/UTag/affichage_o_OBUF[6]_inst_i_1/O
                         net (fo=1, routed)           2.450    11.060    affichage_o_OBUF[6]
    U19                  OBUF (Prop_obuf_I_O)         3.512    14.572 r  affichage_o_OBUF[6]_inst/O
                         net (fo=0)                   0.000    14.572    affichage_o[6]
    U19                                                               r  affichage_o[6] (OUT)
  -------------------------------------------------------------------    -------------------

Slack:                    inf
  Source:                 mux1_i
                            (input port)
  Destination:            affichage_o[5]
                            (output port)
  Path Group:             (none)
  Path Type:              Max at Slow Process Corner
  Data Path Delay:        14.565ns  (logic 5.600ns (38.447%)  route 8.965ns (61.553%))
  Logic Levels:           5  (IBUF=1 LUT6=2 MUXF7=1 OBUF=1)

    Location             Delay type                Incr(ns)  Path(ns)    Netlist Resource(s)
  -------------------------------------------------------------------    -------------------
    H19                                               0.000     0.000 r  mux1_i (IN)
                         net (fo=0)                   0.000     0.000    mux1_i
    H19                  IBUF (Prop_ibuf_I_O)         1.434     1.434 r  mux1_i_IBUF_inst/O
                         net (fo=64, routed)          5.087     6.521    DUT/U3/UCipher/mux1_i_IBUF
    SLICE_X96Y68         LUT6 (Prop_lut6_I5_O)        0.124     6.645 r  DUT/U3/UCipher/affichage_o_OBUF[5]_inst_i_9/O
                         net (fo=1, routed)           0.000     6.645    DUT/U3/UCipher/affichage_o_OBUF[5]_inst_i_9_n_0
    SLICE_X96Y68         MUXF7 (Prop_muxf7_I1_O)      0.214     6.859 r  DUT/U3/UCipher/affichage_o_OBUF[5]_inst_i_4/O
                         net (fo=1, routed)           1.226     8.085    DUT/U3/UTag/affichage_o[5]
    SLICE_X107Y68        LUT6 (Prop_lut6_I3_O)        0.297     8.382 r  DUT/U3/UTag/affichage_o_OBUF[5]_inst_i_1/O
                         net (fo=1, routed)           2.652    11.034    affichage_o_OBUF[5]
    W22                  OBUF (Prop_obuf_I_O)         3.531    14.565 r  affichage_o_OBUF[5]_inst/O
                         net (fo=0)                   0.000    14.565    affichage_o[5]
    W22                                                               r  affichage_o[5] (OUT)
  -------------------------------------------------------------------    -------------------

Slack:                    inf
  Source:                 mux1_i
                            (input port)
  Destination:            affichage_o[0]
                            (output port)
  Path Group:             (none)
  Path Type:              Max at Slow Process Corner
  Data Path Delay:        14.287ns  (logic 5.328ns (37.294%)  route 8.959ns (62.706%))
  Logic Levels:           5  (IBUF=1 LUT4=1 LUT6=2 OBUF=1)

    Location             Delay type                Incr(ns)  Path(ns)    Netlist Resource(s)
  -------------------------------------------------------------------    -------------------
    H19                                               0.000     0.000 f  mux1_i (IN)
                         net (fo=0)                   0.000     0.000    mux1_i
    H19                  IBUF (Prop_ibuf_I_O)         1.434     1.434 f  mux1_i_IBUF_inst/O
                         net (fo=64, routed)          5.267     6.701    DUT/U3/UTag/mux1_i_IBUF
    SLICE_X97Y59         LUT4 (Prop_lut4_I3_O)        0.124     6.825 r  DUT/U3/UTag/affichage_o_OBUF[0]_inst_i_6/O
                         net (fo=1, routed)           0.670     7.495    DUT/U3/UTag/affichage_o_OBUF[0]_inst_i_6_n_0
    SLICE_X98Y58         LUT6 (Prop_lut6_I5_O)        0.124     7.619 r  DUT/U3/UTag/affichage_o_OBUF[0]_inst_i_2/O
                         net (fo=1, routed)           0.821     8.440    DUT/U3/UTag/affichage_o_OBUF[0]_inst_i_2_n_0
    SLICE_X104Y58        LUT6 (Prop_lut6_I0_O)        0.124     8.564 r  DUT/U3/UTag/affichage_o_OBUF[0]_inst_i_1/O
                         net (fo=1, routed)           2.200    10.764    affichage_o_OBUF[0]
    T22                  OBUF (Prop_obuf_I_O)         3.522    14.287 r  affichage_o_OBUF[0]_inst/O
                         net (fo=0)                   0.000    14.287    affichage_o[0]
    T22                                                               r  affichage_o[0] (OUT)
  -------------------------------------------------------------------    -------------------

Slack:                    inf
  Source:                 mux2_i[0]
                            (input port)
  Destination:            affichage_o[2]
                            (output port)
  Path Group:             (none)
  Path Type:              Max at Slow Process Corner
  Data Path Delay:        13.934ns  (logic 5.653ns (40.569%)  route 8.281ns (59.431%))
  Logic Levels:           5  (IBUF=1 LUT6=2 MUXF7=1 OBUF=1)

    Location             Delay type                Incr(ns)  Path(ns)    Netlist Resource(s)
  -------------------------------------------------------------------    -------------------
    F22                                               0.000     0.000 r  mux2_i[0] (IN)
                         net (fo=0)                   0.000     0.000    mux2_i[0]
    F22                  IBUF (Prop_ibuf_I_O)         1.487     1.487 r  mux2_i_IBUF[0]_inst/O
                         net (fo=64, routed)          4.975     6.462    DUT/U3/UCipher/mux2_i_IBUF[0]
    SLICE_X100Y58        LUT6 (Prop_lut6_I2_O)        0.124     6.586 r  DUT/U3/UCipher/affichage_o_OBUF[2]_inst_i_9/O
                         net (fo=1, routed)           0.000     6.586    DUT/U3/UCipher/affichage_o_OBUF[2]_inst_i_9_n_0
    SLICE_X100Y58        MUXF7 (Prop_muxf7_I1_O)      0.214     6.800 r  DUT/U3/UCipher/affichage_o_OBUF[2]_inst_i_4/O
                         net (fo=1, routed)           1.039     7.839    DUT/U3/UTag/affichage_o[2]
    SLICE_X106Y58        LUT6 (Prop_lut6_I3_O)        0.297     8.136 r  DUT/U3/UTag/affichage_o_OBUF[2]_inst_i_1/O
                         net (fo=1, routed)           2.266    10.403    affichage_o_OBUF[2]
    U22                  OBUF (Prop_obuf_I_O)         3.531    13.934 r  affichage_o_OBUF[2]_inst/O
                         net (fo=0)                   0.000    13.934    affichage_o[2]
    U22                                                               r  affichage_o[2] (OUT)
  -------------------------------------------------------------------    -------------------

Slack:                    inf
  Source:                 mux2_i[0]
                            (input port)
  Destination:            affichage_o[1]
                            (output port)
  Path Group:             (none)
  Path Type:              Max at Slow Process Corner
  Data Path Delay:        13.692ns  (logic 5.635ns (41.159%)  route 8.056ns (58.841%))
  Logic Levels:           5  (IBUF=1 LUT6=2 MUXF7=1 OBUF=1)

    Location             Delay type                Incr(ns)  Path(ns)    Netlist Resource(s)
  -------------------------------------------------------------------    -------------------
    F22                                               0.000     0.000 r  mux2_i[0] (IN)
                         net (fo=0)                   0.000     0.000    mux2_i[0]
    F22                  IBUF (Prop_ibuf_I_O)         1.487     1.487 r  mux2_i_IBUF[0]_inst/O
                         net (fo=64, routed)          4.759     6.246    DUT/U3/UCipher/mux2_i_IBUF[0]
    SLICE_X94Y66         LUT6 (Prop_lut6_I2_O)        0.124     6.370 r  DUT/U3/UCipher/affichage_o_OBUF[1]_inst_i_9/O
                         net (fo=1, routed)           0.000     6.370    DUT/U3/UCipher/affichage_o_OBUF[1]_inst_i_9_n_0
    SLICE_X94Y66         MUXF7 (Prop_muxf7_I1_O)      0.214     6.584 r  DUT/U3/UCipher/affichage_o_OBUF[1]_inst_i_4/O
                         net (fo=1, routed)           1.184     7.768    DUT/U3/UTag/affichage_o[1]
    SLICE_X108Y63        LUT6 (Prop_lut6_I3_O)        0.297     8.065 r  DUT/U3/UTag/affichage_o_OBUF[1]_inst_i_1/O
                         net (fo=1, routed)           2.114    10.178    affichage_o_OBUF[1]
    T21                  OBUF (Prop_obuf_I_O)         3.514    13.692 r  affichage_o_OBUF[1]_inst/O
                         net (fo=0)                   0.000    13.692    affichage_o[1]
    T21                                                               r  affichage_o[1] (OUT)
  -------------------------------------------------------------------    -------------------

Slack:                    inf
  Source:                 mux1_i
                            (input port)
  Destination:            affichage_o[3]
                            (output port)
  Path Group:             (none)
  Path Type:              Max at Slow Process Corner
  Data Path Delay:        12.797ns  (logic 5.336ns (41.694%)  route 7.461ns (58.306%))
  Logic Levels:           5  (IBUF=1 LUT4=1 LUT6=2 OBUF=1)

    Location             Delay type                Incr(ns)  Path(ns)    Netlist Resource(s)
  -------------------------------------------------------------------    -------------------
    H19                                               0.000     0.000 f  mux1_i (IN)
                         net (fo=0)                   0.000     0.000    mux1_i
    H19                  IBUF (Prop_ibuf_I_O)         1.434     1.434 f  mux1_i_IBUF_inst/O
                         net (fo=64, routed)          3.935     5.369    DUT/U3/UTag/mux1_i_IBUF
    SLICE_X109Y66        LUT4 (Prop_lut4_I3_O)        0.124     5.493 r  DUT/U3/UTag/affichage_o_OBUF[3]_inst_i_7/O
                         net (fo=1, routed)           0.795     6.288    DUT/U3/UTag/affichage_o_OBUF[3]_inst_i_7_n_0
    SLICE_X108Y66        LUT6 (Prop_lut6_I5_O)        0.124     6.412 r  DUT/U3/UTag/affichage_o_OBUF[3]_inst_i_3/O
                         net (fo=1, routed)           0.455     6.867    DUT/U3/UTag/affichage_o_OBUF[3]_inst_i_3_n_0
    SLICE_X112Y65        LUT6 (Prop_lut6_I1_O)        0.124     6.991 r  DUT/U3/UTag/affichage_o_OBUF[3]_inst_i_1/O
                         net (fo=1, routed)           2.276     9.267    affichage_o_OBUF[3]
    U21                  OBUF (Prop_obuf_I_O)         3.530    12.797 r  affichage_o_OBUF[3]_inst/O
                         net (fo=0)                   0.000    12.797    affichage_o[3]
    U21                                                               r  affichage_o[3] (OUT)
  -------------------------------------------------------------------    -------------------





Min Delay Paths
--------------------------------------------------------------------------------------
Slack:                    inf
  Source:                 mux2_i[1]
                            (input port)
  Destination:            affichage_o[1]
                            (output port)
  Path Group:             (none)
  Path Type:              Min at Fast Process Corner
  Data Path Delay:        3.003ns  (logic 1.542ns (51.349%)  route 1.461ns (48.651%))
  Logic Levels:           4  (IBUF=1 LUT6=2 OBUF=1)

    Location             Delay type                Incr(ns)  Path(ns)    Netlist Resource(s)
  -------------------------------------------------------------------    -------------------
    G22                                               0.000     0.000 r  mux2_i[1] (IN)
                         net (fo=0)                   0.000     0.000    mux2_i[1]
    G22                  IBUF (Prop_ibuf_I_O)         0.237     0.237 r  mux2_i_IBUF[1]_inst/O
                         net (fo=32, routed)          0.884     1.121    DUT/U3/UTag/mux2_i_IBUF[1]
    SLICE_X108Y63        LUT6 (Prop_lut6_I4_O)        0.045     1.166 r  DUT/U3/UTag/affichage_o_OBUF[1]_inst_i_3/O
                         net (fo=1, routed)           0.054     1.220    DUT/U3/UTag/affichage_o_OBUF[1]_inst_i_3_n_0
    SLICE_X108Y63        LUT6 (Prop_lut6_I1_O)        0.045     1.265 r  DUT/U3/UTag/affichage_o_OBUF[1]_inst_i_1/O
                         net (fo=1, routed)           0.524     1.788    affichage_o_OBUF[1]
    T21                  OBUF (Prop_obuf_I_O)         1.215     3.003 r  affichage_o_OBUF[1]_inst/O
                         net (fo=0)                   0.000     3.003    affichage_o[1]
    T21                                                               r  affichage_o[1] (OUT)
  -------------------------------------------------------------------    -------------------

Slack:                    inf
  Source:                 mux2_i[1]
                            (input port)
  Destination:            affichage_o[4]
                            (output port)
  Path Group:             (none)
  Path Type:              Min at Fast Process Corner
  Data Path Delay:        3.106ns  (logic 1.565ns (50.394%)  route 1.541ns (49.606%))
  Logic Levels:           4  (IBUF=1 LUT6=2 OBUF=1)

    Location             Delay type                Incr(ns)  Path(ns)    Netlist Resource(s)
  -------------------------------------------------------------------    -------------------
    G22                                               0.000     0.000 r  mux2_i[1] (IN)
                         net (fo=0)                   0.000     0.000    mux2_i[1]
    G22                  IBUF (Prop_ibuf_I_O)         0.237     0.237 r  mux2_i_IBUF[1]_inst/O
                         net (fo=32, routed)          0.824     1.061    DUT/U3/UTag/mux2_i_IBUF[1]
    SLICE_X110Y64        LUT6 (Prop_lut6_I4_O)        0.045     1.106 r  DUT/U3/UTag/affichage_o_OBUF[4]_inst_i_2/O
                         net (fo=1, routed)           0.058     1.164    DUT/U3/UTag/affichage_o_OBUF[4]_inst_i_2_n_0
    SLICE_X110Y64        LUT6 (Prop_lut6_I0_O)        0.045     1.209 r  DUT/U3/UTag/affichage_o_OBUF[4]_inst_i_1/O
                         net (fo=1, routed)           0.659     1.868    affichage_o_OBUF[4]
    V22                  OBUF (Prop_obuf_I_O)         1.238     3.106 r  affichage_o_OBUF[4]_inst/O
                         net (fo=0)                   0.000     3.106    affichage_o[4]
    V22                                                               r  affichage_o[4] (OUT)
  -------------------------------------------------------------------    -------------------

Slack:                    inf
  Source:                 mux2_i[1]
                            (input port)
  Destination:            affichage_o[3]
                            (output port)
  Path Group:             (none)
  Path Type:              Min at Fast Process Corner
  Data Path Delay:        3.129ns  (logic 1.666ns (53.246%)  route 1.463ns (46.754%))
  Logic Levels:           4  (IBUF=1 LUT6=1 MUXF7=1 OBUF=1)

    Location             Delay type                Incr(ns)  Path(ns)    Netlist Resource(s)
  -------------------------------------------------------------------    -------------------
    G22                                               0.000     0.000 r  mux2_i[1] (IN)
                         net (fo=0)                   0.000     0.000    mux2_i[1]
    G22                  IBUF (Prop_ibuf_I_O)         0.237     0.237 r  mux2_i_IBUF[1]_inst/O
                         net (fo=32, routed)          0.728     0.966    DUT/U3/UCipher/mux2_i_IBUF[1]
    SLICE_X112Y65        MUXF7 (Prop_muxf7_S_O)       0.090     1.056 r  DUT/U3/UCipher/affichage_o_OBUF[3]_inst_i_5/O
                         net (fo=1, routed)           0.141     1.197    DUT/U3/UTag/affichage_o[3]_0
    SLICE_X112Y65        LUT6 (Prop_lut6_I5_O)        0.108     1.305 r  DUT/U3/UTag/affichage_o_OBUF[3]_inst_i_1/O
                         net (fo=1, routed)           0.593     1.898    affichage_o_OBUF[3]
    U21                  OBUF (Prop_obuf_I_O)         1.231     3.129 r  affichage_o_OBUF[3]_inst/O
                         net (fo=0)                   0.000     3.129    affichage_o[3]
    U21                                                               r  affichage_o[3] (OUT)
  -------------------------------------------------------------------    -------------------

Slack:                    inf
  Source:                 mux2_i[1]
                            (input port)
  Destination:            affichage_o[6]
                            (output port)
  Path Group:             (none)
  Path Type:              Min at Fast Process Corner
  Data Path Delay:        3.261ns  (logic 1.644ns (50.407%)  route 1.617ns (49.593%))
  Logic Levels:           4  (IBUF=1 LUT6=1 MUXF7=1 OBUF=1)

    Location             Delay type                Incr(ns)  Path(ns)    Netlist Resource(s)
  -------------------------------------------------------------------    -------------------
    G22                                               0.000     0.000 r  mux2_i[1] (IN)
                         net (fo=0)                   0.000     0.000    mux2_i[1]
    G22                  IBUF (Prop_ibuf_I_O)         0.237     0.237 r  mux2_i_IBUF[1]_inst/O
                         net (fo=32, routed)          0.832     1.069    DUT/U3/UCipher/mux2_i_IBUF[1]
    SLICE_X106Y68        MUXF7 (Prop_muxf7_S_O)       0.085     1.154 r  DUT/U3/UCipher/affichage_o_OBUF[6]_inst_i_5/O
                         net (fo=1, routed)           0.147     1.301    DUT/U3/UTag/affichage_o[6]_0
    SLICE_X106Y68        LUT6 (Prop_lut6_I5_O)        0.108     1.409 r  DUT/U3/UTag/affichage_o_OBUF[6]_inst_i_1/O
                         net (fo=1, routed)           0.639     2.048    affichage_o_OBUF[6]
    U19                  OBUF (Prop_obuf_I_O)         1.213     3.261 r  affichage_o_OBUF[6]_inst/O
                         net (fo=0)                   0.000     3.261    affichage_o[6]
    U19                                                               r  affichage_o[6] (OUT)
  -------------------------------------------------------------------    -------------------

Slack:                    inf
  Source:                 mux2_i[1]
                            (input port)
  Destination:            affichage_o[5]
                            (output port)
  Path Group:             (none)
  Path Type:              Min at Fast Process Corner
  Data Path Delay:        3.266ns  (logic 1.559ns (47.745%)  route 1.707ns (52.255%))
  Logic Levels:           4  (IBUF=1 LUT6=2 OBUF=1)

    Location             Delay type                Incr(ns)  Path(ns)    Netlist Resource(s)
  -------------------------------------------------------------------    -------------------
    G22                                               0.000     0.000 r  mux2_i[1] (IN)
                         net (fo=0)                   0.000     0.000    mux2_i[1]
    G22                  IBUF (Prop_ibuf_I_O)         0.237     0.237 r  mux2_i_IBUF[1]_inst/O
                         net (fo=32, routed)          0.853     1.090    DUT/U3/UTag/mux2_i_IBUF[1]
    SLICE_X107Y68        LUT6 (Prop_lut6_I4_O)        0.045     1.135 r  DUT/U3/UTag/affichage_o_OBUF[5]_inst_i_2/O
                         net (fo=1, routed)           0.135     1.270    DUT/U3/UTag/affichage_o_OBUF[5]_inst_i_2_n_0
    SLICE_X107Y68        LUT6 (Prop_lut6_I0_O)        0.045     1.315 r  DUT/U3/UTag/affichage_o_OBUF[5]_inst_i_1/O
                         net (fo=1, routed)           0.719     2.034    affichage_o_OBUF[5]
    W22                  OBUF (Prop_obuf_I_O)         1.232     3.266 r  affichage_o_OBUF[5]_inst/O
                         net (fo=0)                   0.000     3.266    affichage_o[5]
    W22                                                               r  affichage_o[5] (OUT)
  -------------------------------------------------------------------    -------------------

Slack:                    inf
  Source:                 mux2_i[1]
                            (input port)
  Destination:            affichage_o[2]
                            (output port)
  Path Group:             (none)
  Path Type:              Min at Fast Process Corner
  Data Path Delay:        3.368ns  (logic 1.559ns (46.302%)  route 1.808ns (53.698%))
  Logic Levels:           4  (IBUF=1 LUT6=2 OBUF=1)

    Location             Delay type                Incr(ns)  Path(ns)    Netlist Resource(s)
  -------------------------------------------------------------------    -------------------
    G22                                               0.000     0.000 r  mux2_i[1] (IN)
                         net (fo=0)                   0.000     0.000    mux2_i[1]
    G22                  IBUF (Prop_ibuf_I_O)         0.237     0.237 r  mux2_i_IBUF[1]_inst/O
                         net (fo=32, routed)          0.940     1.178    DUT/U3/UTag/mux2_i_IBUF[1]
    SLICE_X107Y59        LUT6 (Prop_lut6_I4_O)        0.045     1.223 r  DUT/U3/UTag/affichage_o_OBUF[2]_inst_i_3/O
                         net (fo=1, routed)           0.282     1.504    DUT/U3/UTag/affichage_o_OBUF[2]_inst_i_3_n_0
    SLICE_X106Y58        LUT6 (Prop_lut6_I1_O)        0.045     1.549 r  DUT/U3/UTag/affichage_o_OBUF[2]_inst_i_1/O
                         net (fo=1, routed)           0.586     2.136    affichage_o_OBUF[2]
    U22                  OBUF (Prop_obuf_I_O)         1.232     3.368 r  affichage_o_OBUF[2]_inst/O
                         net (fo=0)                   0.000     3.368    affichage_o[2]
    U22                                                               r  affichage_o[2] (OUT)
  -------------------------------------------------------------------    -------------------

Slack:                    inf
  Source:                 mux2_i[2]
                            (input port)
  Destination:            affichage_o[0]
                            (output port)
  Path Group:             (none)
  Path Type:              Min at Fast Process Corner
  Data Path Delay:        3.545ns  (logic 1.492ns (42.093%)  route 2.053ns (57.907%))
  Logic Levels:           3  (IBUF=1 LUT6=1 OBUF=1)

    Location             Delay type                Incr(ns)  Path(ns)    Netlist Resource(s)
  -------------------------------------------------------------------    -------------------
    H22                                               0.000     0.000 r  mux2_i[2] (IN)
                         net (fo=0)                   0.000     0.000    mux2_i[2]
    H22                  IBUF (Prop_ibuf_I_O)         0.224     0.224 r  mux2_i_IBUF[2]_inst/O
                         net (fo=8, routed)           1.443     1.667    DUT/U3/UTag/mux2_i_IBUF[2]
    SLICE_X104Y58        LUT6 (Prop_lut6_I4_O)        0.045     1.712 r  DUT/U3/UTag/affichage_o_OBUF[0]_inst_i_1/O
                         net (fo=1, routed)           0.610     2.322    affichage_o_OBUF[0]
    T22                  OBUF (Prop_obuf_I_O)         1.223     3.545 r  affichage_o_OBUF[0]_inst/O
                         net (fo=0)                   0.000     3.545    affichage_o[0]
    T22                                                               r  affichage_o[0] (OUT)
  -------------------------------------------------------------------    -------------------

Slack:                    inf
  Source:                 mux2_i[1]
                            (input port)
  Destination:            affichage_o[7]
                            (output port)
  Path Group:             (none)
  Path Type:              Min at Fast Process Corner
  Data Path Delay:        3.974ns  (logic 1.530ns (38.507%)  route 2.444ns (61.493%))
  Logic Levels:           4  (IBUF=1 LUT6=2 OBUF=1)

    Location             Delay type                Incr(ns)  Path(ns)    Netlist Resource(s)
  -------------------------------------------------------------------    -------------------
    G22                                               0.000     0.000 r  mux2_i[1] (IN)
                         net (fo=0)                   0.000     0.000    mux2_i[1]
    G22                  IBUF (Prop_ibuf_I_O)         0.237     0.237 r  mux2_i_IBUF[1]_inst/O
                         net (fo=32, routed)          1.031     1.269    DUT/U3/UTag/mux2_i_IBUF[1]
    SLICE_X104Y69        LUT6 (Prop_lut6_I4_O)        0.045     1.314 r  DUT/U3/UTag/affichage_o_OBUF[7]_inst_i_3/O
                         net (fo=1, routed)           0.140     1.454    DUT/U3/UTag/affichage_o_OBUF[7]_inst_i_3_n_0
    SLICE_X104Y69        LUT6 (Prop_lut6_I1_O)        0.045     1.499 r  DUT/U3/UTag/affichage_o_OBUF[7]_inst_i_1/O
                         net (fo=1, routed)           1.273     2.771    affichage_o_OBUF[7]
    U14                  OBUF (Prop_obuf_I_O)         1.203     3.974 r  affichage_o_OBUF[7]_inst/O
                         net (fo=0)                   0.000     3.974    affichage_o[7]
    U14                                                               r  affichage_o[7] (OUT)
  -------------------------------------------------------------------    -------------------





--------------------------------------------------------------------------------------
Path Group:  (none)
From Clock:  clk_out1_clk_wiz_0
  To Clock:  

Max Delay             8 Endpoints
Min Delay             8 Endpoints
--------------------------------------------------------------------------------------


Max Delay Paths
--------------------------------------------------------------------------------------
Slack:                    inf
  Source:                 DUT/U3/UTag/data_s_reg[15]/C
                            (rising edge-triggered cell FDCE clocked by clk_out1_clk_wiz_0  {rise@0.000ns fall@5.000ns period=10.000ns})
  Destination:            affichage_o[7]
                            (output port)
  Path Group:             (none)
  Path Type:              Max at Slow Process Corner
  Data Path Delay:        10.467ns  (logic 4.593ns (43.880%)  route 5.874ns (56.120%))
  Logic Levels:           4  (LUT6=2 MUXF7=1 OBUF=1)
  Clock Uncertainty:      0.169ns  ((TSJ^2 + DJ^2)^1/2) / 2 + PE
    Total System Jitter     (TSJ):    0.050ns
    Discrete Jitter          (DJ):    0.131ns
    Phase Error              (PE):    0.099ns

    Location             Delay type                Incr(ns)  Path(ns)    Netlist Resource(s)
  -------------------------------------------------------------------    -------------------
                         (clock clk_out1_clk_wiz_0 rise edge)
                                                      0.000     0.000 r  
    Y9                                                0.000     0.000 r  sys_clock_i (IN)
                         net (fo=0)                   0.000     0.000    clock_100MHz/inst/clk_in1
    Y9                   IBUF (Prop_ibuf_I_O)         1.490     1.490 r  clock_100MHz/inst/clkin1_ibufg/O
                         net (fo=1, routed)           1.285     2.775    clock_100MHz/inst/clk_in1_clk_wiz_0
    MMCME2_ADV_X0Y0      MMCME2_ADV (Prop_mmcme2_adv_CLKIN1_CLKOUT0)
                                                     -7.343    -4.568 r  clock_100MHz/inst/mmcm_adv_inst/CLKOUT0
                         net (fo=1, routed)           1.855    -2.713    clock_100MHz/inst/clk_out1_clk_wiz_0
    BUFGCTRL_X0Y0        BUFG (Prop_bufg_I_O)         0.101    -2.612 r  clock_100MHz/inst/clkout1_buf/O
                         net (fo=565, routed)         1.777    -0.835    DUT/U3/UTag/CLK
    SLICE_X101Y68        FDCE                                         r  DUT/U3/UTag/data_s_reg[15]/C
  -------------------------------------------------------------------    -------------------
    SLICE_X101Y68        FDCE (Prop_fdce_C_Q)         0.456    -0.379 r  DUT/U3/UTag/data_s_reg[15]/Q
                         net (fo=1, routed)           0.992     0.613    DUT/U3/UCipher/Q[15]
    SLICE_X101Y69        LUT6 (Prop_lut6_I1_O)        0.124     0.737 r  DUT/U3/UCipher/affichage_o_OBUF[7]_inst_i_10/O
                         net (fo=1, routed)           0.000     0.737    DUT/U3/UCipher/affichage_o_OBUF[7]_inst_i_10_n_0
    SLICE_X101Y69        MUXF7 (Prop_muxf7_I0_O)      0.212     0.949 r  DUT/U3/UCipher/affichage_o_OBUF[7]_inst_i_5/O
                         net (fo=1, routed)           0.985     1.934    DUT/U3/UTag/affichage_o[7]_0
    SLICE_X104Y69        LUT6 (Prop_lut6_I5_O)        0.299     2.233 r  DUT/U3/UTag/affichage_o_OBUF[7]_inst_i_1/O
                         net (fo=1, routed)           3.898     6.130    affichage_o_OBUF[7]
    U14                  OBUF (Prop_obuf_I_O)         3.502     9.632 r  affichage_o_OBUF[7]_inst/O
                         net (fo=0)                   0.000     9.632    affichage_o[7]
    U14                                                               r  affichage_o[7] (OUT)
  -------------------------------------------------------------------    -------------------

Slack:                    inf
  Source:                 DUT/U3/UCipher/data_s_reg[62]/C
                            (rising edge-triggered cell FDCE clocked by clk_out1_clk_wiz_0  {rise@0.000ns fall@5.000ns period=10.000ns})
  Destination:            affichage_o[6]
                            (output port)
  Path Group:             (none)
  Path Type:              Max at Slow Process Corner
  Data Path Delay:        9.530ns  (logic 4.665ns (48.956%)  route 4.864ns (51.044%))
  Logic Levels:           4  (LUT6=2 MUXF7=1 OBUF=1)
  Clock Uncertainty:      0.169ns  ((TSJ^2 + DJ^2)^1/2) / 2 + PE
    Total System Jitter     (TSJ):    0.050ns
    Discrete Jitter          (DJ):    0.131ns
    Phase Error              (PE):    0.099ns

    Location             Delay type                Incr(ns)  Path(ns)    Netlist Resource(s)
  -------------------------------------------------------------------    -------------------
                         (clock clk_out1_clk_wiz_0 rise edge)
                                                      0.000     0.000 r  
    Y9                                                0.000     0.000 r  sys_clock_i (IN)
                         net (fo=0)                   0.000     0.000    clock_100MHz/inst/clk_in1
    Y9                   IBUF (Prop_ibuf_I_O)         1.490     1.490 r  clock_100MHz/inst/clkin1_ibufg/O
                         net (fo=1, routed)           1.285     2.775    clock_100MHz/inst/clk_in1_clk_wiz_0
    MMCME2_ADV_X0Y0      MMCME2_ADV (Prop_mmcme2_adv_CLKIN1_CLKOUT0)
                                                     -7.343    -4.568 r  clock_100MHz/inst/mmcm_adv_inst/CLKOUT0
                         net (fo=1, routed)           1.855    -2.713    clock_100MHz/inst/clk_out1_clk_wiz_0
    BUFGCTRL_X0Y0        BUFG (Prop_bufg_I_O)         0.101    -2.612 r  clock_100MHz/inst/clkout1_buf/O
                         net (fo=565, routed)         1.784    -0.828    DUT/U3/UCipher/CLK
    SLICE_X96Y61         FDCE                                         r  DUT/U3/UCipher/data_s_reg[62]/C
  -------------------------------------------------------------------    -------------------
    SLICE_X96Y61         FDCE (Prop_fdce_C_Q)         0.518    -0.310 r  DUT/U3/UCipher/data_s_reg[62]/Q
                         net (fo=1, routed)           1.095     0.785    DUT/U3/UCipher/data_s[62]
    SLICE_X96Y60         LUT6 (Prop_lut6_I0_O)        0.124     0.909 r  DUT/U3/UCipher/affichage_o_OBUF[6]_inst_i_9/O
                         net (fo=1, routed)           0.000     0.909    DUT/U3/UCipher/affichage_o_OBUF[6]_inst_i_9_n_0
    SLICE_X96Y60         MUXF7 (Prop_muxf7_I1_O)      0.214     1.123 r  DUT/U3/UCipher/affichage_o_OBUF[6]_inst_i_4/O
                         net (fo=1, routed)           1.320     2.443    DUT/U3/UTag/affichage_o[6]
    SLICE_X106Y68        LUT6 (Prop_lut6_I3_O)        0.297     2.740 r  DUT/U3/UTag/affichage_o_OBUF[6]_inst_i_1/O
                         net (fo=1, routed)           2.450     5.190    affichage_o_OBUF[6]
    U19                  OBUF (Prop_obuf_I_O)         3.512     8.702 r  affichage_o_OBUF[6]_inst/O
                         net (fo=0)                   0.000     8.702    affichage_o[6]
    U19                                                               r  affichage_o[6] (OUT)
  -------------------------------------------------------------------    -------------------

Slack:                    inf
  Source:                 DUT/U3/UCipher/data_s_reg[13]/C
                            (rising edge-triggered cell FDCE clocked by clk_out1_clk_wiz_0  {rise@0.000ns fall@5.000ns period=10.000ns})
  Destination:            affichage_o[5]
                            (output port)
  Path Group:             (none)
  Path Type:              Max at Slow Process Corner
  Data Path Delay:        9.396ns  (logic 4.622ns (49.194%)  route 4.774ns (50.806%))
  Logic Levels:           4  (LUT6=2 MUXF7=1 OBUF=1)
  Clock Uncertainty:      0.169ns  ((TSJ^2 + DJ^2)^1/2) / 2 + PE
    Total System Jitter     (TSJ):    0.050ns
    Discrete Jitter          (DJ):    0.131ns
    Phase Error              (PE):    0.099ns

    Location             Delay type                Incr(ns)  Path(ns)    Netlist Resource(s)
  -------------------------------------------------------------------    -------------------
                         (clock clk_out1_clk_wiz_0 rise edge)
                                                      0.000     0.000 r  
    Y9                                                0.000     0.000 r  sys_clock_i (IN)
                         net (fo=0)                   0.000     0.000    clock_100MHz/inst/clk_in1
    Y9                   IBUF (Prop_ibuf_I_O)         1.490     1.490 r  clock_100MHz/inst/clkin1_ibufg/O
                         net (fo=1, routed)           1.285     2.775    clock_100MHz/inst/clk_in1_clk_wiz_0
    MMCME2_ADV_X0Y0      MMCME2_ADV (Prop_mmcme2_adv_CLKIN1_CLKOUT0)
                                                     -7.343    -4.568 r  clock_100MHz/inst/mmcm_adv_inst/CLKOUT0
                         net (fo=1, routed)           1.855    -2.713    clock_100MHz/inst/clk_out1_clk_wiz_0
    BUFGCTRL_X0Y0        BUFG (Prop_bufg_I_O)         0.101    -2.612 r  clock_100MHz/inst/clkout1_buf/O
                         net (fo=565, routed)         1.862    -0.750    DUT/U3/UCipher/CLK
    SLICE_X109Y62        FDCE                                         r  DUT/U3/UCipher/data_s_reg[13]/C
  -------------------------------------------------------------------    -------------------
    SLICE_X109Y62        FDCE (Prop_fdce_C_Q)         0.456    -0.294 r  DUT/U3/UCipher/data_s_reg[13]/Q
                         net (fo=1, routed)           1.108     0.815    DUT/U3/UCipher/data_s[13]
    SLICE_X110Y65        LUT6 (Prop_lut6_I0_O)        0.124     0.939 r  DUT/U3/UCipher/affichage_o_OBUF[5]_inst_i_10/O
                         net (fo=1, routed)           0.000     0.939    DUT/U3/UCipher/affichage_o_OBUF[5]_inst_i_10_n_0
    SLICE_X110Y65        MUXF7 (Prop_muxf7_I0_O)      0.212     1.151 r  DUT/U3/UCipher/affichage_o_OBUF[5]_inst_i_5/O
                         net (fo=1, routed)           1.013     2.164    DUT/U3/UTag/affichage_o[5]_0
    SLICE_X107Y68        LUT6 (Prop_lut6_I5_O)        0.299     2.463 r  DUT/U3/UTag/affichage_o_OBUF[5]_inst_i_1/O
                         net (fo=1, routed)           2.652     5.115    affichage_o_OBUF[5]
    W22                  OBUF (Prop_obuf_I_O)         3.531     8.646 r  affichage_o_OBUF[5]_inst/O
                         net (fo=0)                   0.000     8.646    affichage_o[5]
    W22                                                               r  affichage_o[5] (OUT)
  -------------------------------------------------------------------    -------------------

Slack:                    inf
  Source:                 DUT/U3/UTag/data_s_reg[52]/C
                            (rising edge-triggered cell FDCE clocked by clk_out1_clk_wiz_0  {rise@0.000ns fall@5.000ns period=10.000ns})
  Destination:            affichage_o[4]
                            (output port)
  Path Group:             (none)
  Path Type:              Max at Slow Process Corner
  Data Path Delay:        9.415ns  (logic 4.690ns (49.814%)  route 4.725ns (50.186%))
  Logic Levels:           4  (LUT6=2 MUXF7=1 OBUF=1)
  Clock Uncertainty:      0.169ns  ((TSJ^2 + DJ^2)^1/2) / 2 + PE
    Total System Jitter     (TSJ):    0.050ns
    Discrete Jitter          (DJ):    0.131ns
    Phase Error              (PE):    0.099ns

    Location             Delay type                Incr(ns)  Path(ns)    Netlist Resource(s)
  -------------------------------------------------------------------    -------------------
                         (clock clk_out1_clk_wiz_0 rise edge)
                                                      0.000     0.000 r  
    Y9                                                0.000     0.000 r  sys_clock_i (IN)
                         net (fo=0)                   0.000     0.000    clock_100MHz/inst/clk_in1
    Y9                   IBUF (Prop_ibuf_I_O)         1.490     1.490 r  clock_100MHz/inst/clkin1_ibufg/O
                         net (fo=1, routed)           1.285     2.775    clock_100MHz/inst/clk_in1_clk_wiz_0
    MMCME2_ADV_X0Y0      MMCME2_ADV (Prop_mmcme2_adv_CLKIN1_CLKOUT0)
                                                     -7.343    -4.568 r  clock_100MHz/inst/mmcm_adv_inst/CLKOUT0
                         net (fo=1, routed)           1.855    -2.713    clock_100MHz/inst/clk_out1_clk_wiz_0
    BUFGCTRL_X0Y0        BUFG (Prop_bufg_I_O)         0.101    -2.612 r  clock_100MHz/inst/clkout1_buf/O
                         net (fo=565, routed)         1.783    -0.829    DUT/U3/UTag/CLK
    SLICE_X98Y64         FDCE                                         r  DUT/U3/UTag/data_s_reg[52]/C
  -------------------------------------------------------------------    -------------------
    SLICE_X98Y64         FDCE (Prop_fdce_C_Q)         0.518    -0.311 r  DUT/U3/UTag/data_s_reg[52]/Q
                         net (fo=1, routed)           0.850     0.540    DUT/U3/UCipher/Q[52]
    SLICE_X98Y64         LUT6 (Prop_lut6_I4_O)        0.124     0.664 r  DUT/U3/UCipher/affichage_o_OBUF[4]_inst_i_9/O
                         net (fo=1, routed)           0.000     0.664    DUT/U3/UCipher/affichage_o_OBUF[4]_inst_i_9_n_0
    SLICE_X98Y64         MUXF7 (Prop_muxf7_I1_O)      0.214     0.878 r  DUT/U3/UCipher/affichage_o_OBUF[4]_inst_i_4/O
                         net (fo=1, routed)           1.423     2.300    DUT/U3/UTag/affichage_o[4]
    SLICE_X110Y64        LUT6 (Prop_lut6_I3_O)        0.297     2.597 r  DUT/U3/UTag/affichage_o_OBUF[4]_inst_i_1/O
                         net (fo=1, routed)           2.452     5.049    affichage_o_OBUF[4]
    V22                  OBUF (Prop_obuf_I_O)         3.537     8.586 r  affichage_o_OBUF[4]_inst/O
                         net (fo=0)                   0.000     8.586    affichage_o[4]
    V22                                                               r  affichage_o[4] (OUT)
  -------------------------------------------------------------------    -------------------

Slack:                    inf
  Source:                 DUT/U3/UTag/data_s_reg[35]/C
                            (rising edge-triggered cell FDCE clocked by clk_out1_clk_wiz_0  {rise@0.000ns fall@5.000ns period=10.000ns})
  Destination:            affichage_o[3]
                            (output port)
  Path Group:             (none)
  Path Type:              Max at Slow Process Corner
  Data Path Delay:        9.094ns  (logic 4.683ns (51.495%)  route 4.411ns (48.505%))
  Logic Levels:           4  (LUT6=2 MUXF7=1 OBUF=1)
  Clock Uncertainty:      0.169ns  ((TSJ^2 + DJ^2)^1/2) / 2 + PE
    Total System Jitter     (TSJ):    0.050ns
    Discrete Jitter          (DJ):    0.131ns
    Phase Error              (PE):    0.099ns

    Location             Delay type                Incr(ns)  Path(ns)    Netlist Resource(s)
  -------------------------------------------------------------------    -------------------
                         (clock clk_out1_clk_wiz_0 rise edge)
                                                      0.000     0.000 r  
    Y9                                                0.000     0.000 r  sys_clock_i (IN)
                         net (fo=0)                   0.000     0.000    clock_100MHz/inst/clk_in1
    Y9                   IBUF (Prop_ibuf_I_O)         1.490     1.490 r  clock_100MHz/inst/clkin1_ibufg/O
                         net (fo=1, routed)           1.285     2.775    clock_100MHz/inst/clk_in1_clk_wiz_0
    MMCME2_ADV_X0Y0      MMCME2_ADV (Prop_mmcme2_adv_CLKIN1_CLKOUT0)
                                                     -7.343    -4.568 r  clock_100MHz/inst/mmcm_adv_inst/CLKOUT0
                         net (fo=1, routed)           1.855    -2.713    clock_100MHz/inst/clk_out1_clk_wiz_0
    BUFGCTRL_X0Y0        BUFG (Prop_bufg_I_O)         0.101    -2.612 r  clock_100MHz/inst/clkout1_buf/O
                         net (fo=565, routed)         1.861    -0.751    DUT/U3/UTag/CLK
    SLICE_X108Y63        FDCE                                         r  DUT/U3/UTag/data_s_reg[35]/C
  -------------------------------------------------------------------    -------------------
    SLICE_X108Y63        FDCE (Prop_fdce_C_Q)         0.518    -0.233 r  DUT/U3/UTag/data_s_reg[35]/Q
                         net (fo=1, routed)           1.178     0.945    DUT/U3/UCipher/Q[35]
    SLICE_X111Y65        LUT6 (Prop_lut6_I4_O)        0.124     1.069 r  DUT/U3/UCipher/affichage_o_OBUF[3]_inst_i_8/O
                         net (fo=1, routed)           0.000     1.069    DUT/U3/UCipher/affichage_o_OBUF[3]_inst_i_8_n_0
    SLICE_X111Y65        MUXF7 (Prop_muxf7_I0_O)      0.212     1.281 r  DUT/U3/UCipher/affichage_o_OBUF[3]_inst_i_4/O
                         net (fo=1, routed)           0.957     2.238    DUT/U3/UTag/affichage_o[3]
    SLICE_X112Y65        LUT6 (Prop_lut6_I3_O)        0.299     2.537 r  DUT/U3/UTag/affichage_o_OBUF[3]_inst_i_1/O
                         net (fo=1, routed)           2.276     4.813    affichage_o_OBUF[3]
    U21                  OBUF (Prop_obuf_I_O)         3.530     8.343 r  affichage_o_OBUF[3]_inst/O
                         net (fo=0)                   0.000     8.343    affichage_o[3]
    U21                                                               r  affichage_o[3] (OUT)
  -------------------------------------------------------------------    -------------------

Slack:                    inf
  Source:                 DUT/U3/UTag/data_s_reg[104]/C
                            (rising edge-triggered cell FDCE clocked by clk_out1_clk_wiz_0  {rise@0.000ns fall@5.000ns period=10.000ns})
  Destination:            affichage_o[0]
                            (output port)
  Path Group:             (none)
  Path Type:              Max at Slow Process Corner
  Data Path Delay:        9.166ns  (logic 4.350ns (47.461%)  route 4.816ns (52.539%))
  Logic Levels:           4  (LUT4=1 LUT6=2 OBUF=1)
  Clock Uncertainty:      0.169ns  ((TSJ^2 + DJ^2)^1/2) / 2 + PE
    Total System Jitter     (TSJ):    0.050ns
    Discrete Jitter          (DJ):    0.131ns
    Phase Error              (PE):    0.099ns

    Location             Delay type                Incr(ns)  Path(ns)    Netlist Resource(s)
  -------------------------------------------------------------------    -------------------
                         (clock clk_out1_clk_wiz_0 rise edge)
                                                      0.000     0.000 r  
    Y9                                                0.000     0.000 r  sys_clock_i (IN)
                         net (fo=0)                   0.000     0.000    clock_100MHz/inst/clk_in1
    Y9                   IBUF (Prop_ibuf_I_O)         1.490     1.490 r  clock_100MHz/inst/clkin1_ibufg/O
                         net (fo=1, routed)           1.285     2.775    clock_100MHz/inst/clk_in1_clk_wiz_0
    MMCME2_ADV_X0Y0      MMCME2_ADV (Prop_mmcme2_adv_CLKIN1_CLKOUT0)
                                                     -7.343    -4.568 r  clock_100MHz/inst/mmcm_adv_inst/CLKOUT0
                         net (fo=1, routed)           1.855    -2.713    clock_100MHz/inst/clk_out1_clk_wiz_0
    BUFGCTRL_X0Y0        BUFG (Prop_bufg_I_O)         0.101    -2.612 r  clock_100MHz/inst/clkout1_buf/O
                         net (fo=565, routed)         1.785    -0.827    DUT/U3/UTag/CLK
    SLICE_X97Y59         FDCE                                         r  DUT/U3/UTag/data_s_reg[104]/C
  -------------------------------------------------------------------    -------------------
    SLICE_X97Y59         FDCE (Prop_fdce_C_Q)         0.456    -0.371 r  DUT/U3/UTag/data_s_reg[104]/Q
                         net (fo=1, routed)           1.124     0.754    DUT/U3/UTag/data_s_reg_n_0_[104]
    SLICE_X97Y59         LUT4 (Prop_lut4_I0_O)        0.124     0.878 r  DUT/U3/UTag/affichage_o_OBUF[0]_inst_i_6/O
                         net (fo=1, routed)           0.670     1.548    DUT/U3/UTag/affichage_o_OBUF[0]_inst_i_6_n_0
    SLICE_X98Y58         LUT6 (Prop_lut6_I5_O)        0.124     1.672 r  DUT/U3/UTag/affichage_o_OBUF[0]_inst_i_2/O
                         net (fo=1, routed)           0.821     2.493    DUT/U3/UTag/affichage_o_OBUF[0]_inst_i_2_n_0
    SLICE_X104Y58        LUT6 (Prop_lut6_I0_O)        0.124     2.617 r  DUT/U3/UTag/affichage_o_OBUF[0]_inst_i_1/O
                         net (fo=1, routed)           2.200     4.817    affichage_o_OBUF[0]
    T22                  OBUF (Prop_obuf_I_O)         3.522     8.340 r  affichage_o_OBUF[0]_inst/O
                         net (fo=0)                   0.000     8.340    affichage_o[0]
    T22                                                               r  affichage_o[0] (OUT)
  -------------------------------------------------------------------    -------------------

Slack:                    inf
  Source:                 DUT/U3/UTag/data_s_reg[105]/C
                            (rising edge-triggered cell FDCE clocked by clk_out1_clk_wiz_0  {rise@0.000ns fall@5.000ns period=10.000ns})
  Destination:            affichage_o[1]
                            (output port)
  Path Group:             (none)
  Path Type:              Max at Slow Process Corner
  Data Path Delay:        9.025ns  (logic 4.342ns (48.110%)  route 4.683ns (51.890%))
  Logic Levels:           4  (LUT4=1 LUT6=2 OBUF=1)
  Clock Uncertainty:      0.169ns  ((TSJ^2 + DJ^2)^1/2) / 2 + PE
    Total System Jitter     (TSJ):    0.050ns
    Discrete Jitter          (DJ):    0.131ns
    Phase Error              (PE):    0.099ns

    Location             Delay type                Incr(ns)  Path(ns)    Netlist Resource(s)
  -------------------------------------------------------------------    -------------------
                         (clock clk_out1_clk_wiz_0 rise edge)
                                                      0.000     0.000 r  
    Y9                                                0.000     0.000 r  sys_clock_i (IN)
                         net (fo=0)                   0.000     0.000    clock_100MHz/inst/clk_in1
    Y9                   IBUF (Prop_ibuf_I_O)         1.490     1.490 r  clock_100MHz/inst/clkin1_ibufg/O
                         net (fo=1, routed)           1.285     2.775    clock_100MHz/inst/clk_in1_clk_wiz_0
    MMCME2_ADV_X0Y0      MMCME2_ADV (Prop_mmcme2_adv_CLKIN1_CLKOUT0)
                                                     -7.343    -4.568 r  clock_100MHz/inst/mmcm_adv_inst/CLKOUT0
                         net (fo=1, routed)           1.855    -2.713    clock_100MHz/inst/clk_out1_clk_wiz_0
    BUFGCTRL_X0Y0        BUFG (Prop_bufg_I_O)         0.101    -2.612 r  clock_100MHz/inst/clkout1_buf/O
                         net (fo=565, routed)         1.857    -0.755    DUT/U3/UTag/CLK
    SLICE_X106Y67        FDCE                                         r  DUT/U3/UTag/data_s_reg[105]/C
  -------------------------------------------------------------------    -------------------
    SLICE_X106Y67        FDCE (Prop_fdce_C_Q)         0.456    -0.299 r  DUT/U3/UTag/data_s_reg[105]/Q
                         net (fo=1, routed)           1.039     0.741    DUT/U3/UTag/data_s_reg_n_0_[105]
    SLICE_X106Y67        LUT4 (Prop_lut4_I0_O)        0.124     0.865 r  DUT/U3/UTag/affichage_o_OBUF[1]_inst_i_6/O
                         net (fo=1, routed)           0.508     1.372    DUT/U3/UTag/affichage_o_OBUF[1]_inst_i_6_n_0
    SLICE_X108Y67        LUT6 (Prop_lut6_I5_O)        0.124     1.496 r  DUT/U3/UTag/affichage_o_OBUF[1]_inst_i_2/O
                         net (fo=1, routed)           1.022     2.519    DUT/U3/UTag/affichage_o_OBUF[1]_inst_i_2_n_0
    SLICE_X108Y63        LUT6 (Prop_lut6_I0_O)        0.124     2.643 r  DUT/U3/UTag/affichage_o_OBUF[1]_inst_i_1/O
                         net (fo=1, routed)           2.114     4.756    affichage_o_OBUF[1]
    T21                  OBUF (Prop_obuf_I_O)         3.514     8.270 r  affichage_o_OBUF[1]_inst/O
                         net (fo=0)                   0.000     8.270    affichage_o[1]
    T21                                                               r  affichage_o[1] (OUT)
  -------------------------------------------------------------------    -------------------

Slack:                    inf
  Source:                 DUT/U3/UCipher/data_s_reg[50]/C
                            (rising edge-triggered cell FDCE clocked by clk_out1_clk_wiz_0  {rise@0.000ns fall@5.000ns period=10.000ns})
  Destination:            affichage_o[2]
                            (output port)
  Path Group:             (none)
  Path Type:              Max at Slow Process Corner
  Data Path Delay:        8.898ns  (logic 4.622ns (51.945%)  route 4.276ns (48.055%))
  Logic Levels:           4  (LUT6=2 MUXF7=1 OBUF=1)
  Clock Uncertainty:      0.169ns  ((TSJ^2 + DJ^2)^1/2) / 2 + PE
    Total System Jitter     (TSJ):    0.050ns
    Discrete Jitter          (DJ):    0.131ns
    Phase Error              (PE):    0.099ns

    Location             Delay type                Incr(ns)  Path(ns)    Netlist Resource(s)
  -------------------------------------------------------------------    -------------------
                         (clock clk_out1_clk_wiz_0 rise edge)
                                                      0.000     0.000 r  
    Y9                                                0.000     0.000 r  sys_clock_i (IN)
                         net (fo=0)                   0.000     0.000    clock_100MHz/inst/clk_in1
    Y9                   IBUF (Prop_ibuf_I_O)         1.490     1.490 r  clock_100MHz/inst/clkin1_ibufg/O
                         net (fo=1, routed)           1.285     2.775    clock_100MHz/inst/clk_in1_clk_wiz_0
    MMCME2_ADV_X0Y0      MMCME2_ADV (Prop_mmcme2_adv_CLKIN1_CLKOUT0)
                                                     -7.343    -4.568 r  clock_100MHz/inst/mmcm_adv_inst/CLKOUT0
                         net (fo=1, routed)           1.855    -2.713    clock_100MHz/inst/clk_out1_clk_wiz_0
    BUFGCTRL_X0Y0        BUFG (Prop_bufg_I_O)         0.101    -2.612 r  clock_100MHz/inst/clkout1_buf/O
                         net (fo=565, routed)         1.787    -0.825    DUT/U3/UCipher/CLK
    SLICE_X99Y58         FDCE                                         r  DUT/U3/UCipher/data_s_reg[50]/C
  -------------------------------------------------------------------    -------------------
    SLICE_X99Y58         FDCE (Prop_fdce_C_Q)         0.456    -0.369 r  DUT/U3/UCipher/data_s_reg[50]/Q
                         net (fo=1, routed)           0.970     0.602    DUT/U3/UCipher/data_s[50]
    SLICE_X100Y58        LUT6 (Prop_lut6_I3_O)        0.124     0.726 r  DUT/U3/UCipher/affichage_o_OBUF[2]_inst_i_9/O
                         net (fo=1, routed)           0.000     0.726    DUT/U3/UCipher/affichage_o_OBUF[2]_inst_i_9_n_0
    SLICE_X100Y58        MUXF7 (Prop_muxf7_I1_O)      0.214     0.940 r  DUT/U3/UCipher/affichage_o_OBUF[2]_inst_i_4/O
                         net (fo=1, routed)           1.039     1.979    DUT/U3/UTag/affichage_o[2]
    SLICE_X106Y58        LUT6 (Prop_lut6_I3_O)        0.297     2.276 r  DUT/U3/UTag/affichage_o_OBUF[2]_inst_i_1/O
                         net (fo=1, routed)           2.266     4.542    affichage_o_OBUF[2]
    U22                  OBUF (Prop_obuf_I_O)         3.531     8.073 r  affichage_o_OBUF[2]_inst/O
                         net (fo=0)                   0.000     8.073    affichage_o[2]
    U22                                                               r  affichage_o[2] (OUT)
  -------------------------------------------------------------------    -------------------





Min Delay Paths
--------------------------------------------------------------------------------------
Slack:                    inf
  Source:                 DUT/U3/UTag/data_s_reg[81]/C
                            (rising edge-triggered cell FDCE clocked by clk_out1_clk_wiz_0  {rise@0.000ns fall@5.000ns period=10.000ns})
  Destination:            affichage_o[1]
                            (output port)
  Path Group:             (none)
  Path Type:              Min at Fast Process Corner
  Data Path Delay:        2.208ns  (logic 1.469ns (66.508%)  route 0.740ns (33.492%))
  Logic Levels:           3  (LUT6=2 OBUF=1)
  Clock Uncertainty:      0.169ns  ((TSJ^2 + DJ^2)^1/2) / 2 + PE
    Total System Jitter     (TSJ):    0.050ns
    Discrete Jitter          (DJ):    0.131ns
    Phase Error              (PE):    0.099ns

    Location             Delay type                Incr(ns)  Path(ns)    Netlist Resource(s)
  -------------------------------------------------------------------    -------------------
                         (clock clk_out1_clk_wiz_0 rise edge)
                                                      0.000     0.000 r  
    Y9                                                0.000     0.000 r  sys_clock_i (IN)
                         net (fo=0)                   0.000     0.000    clock_100MHz/inst/clk_in1
    Y9                   IBUF (Prop_ibuf_I_O)         0.258     0.258 r  clock_100MHz/inst/clkin1_ibufg/O
                         net (fo=1, routed)           0.440     0.698    clock_100MHz/inst/clk_in1_clk_wiz_0
    MMCME2_ADV_X0Y0      MMCME2_ADV (Prop_mmcme2_adv_CLKIN1_CLKOUT0)
                                                     -2.421    -1.722 r  clock_100MHz/inst/mmcm_adv_inst/CLKOUT0
                         net (fo=1, routed)           0.518    -1.204    clock_100MHz/inst/clk_out1_clk_wiz_0
    BUFGCTRL_X0Y0        BUFG (Prop_bufg_I_O)         0.026    -1.178 r  clock_100MHz/inst/clkout1_buf/O
                         net (fo=565, routed)         0.633    -0.546    DUT/U3/UTag/CLK
    SLICE_X108Y63        FDCE                                         r  DUT/U3/UTag/data_s_reg[81]/C
  -------------------------------------------------------------------    -------------------
    SLICE_X108Y63        FDCE (Prop_fdce_C_Q)         0.164    -0.382 r  DUT/U3/UTag/data_s_reg[81]/Q
                         net (fo=1, routed)           0.162    -0.219    DUT/U3/UTag/data_s_reg_n_0_[81]
    SLICE_X108Y63        LUT6 (Prop_lut6_I2_O)        0.045    -0.174 r  DUT/U3/UTag/affichage_o_OBUF[1]_inst_i_3/O
                         net (fo=1, routed)           0.054    -0.121    DUT/U3/UTag/affichage_o_OBUF[1]_inst_i_3_n_0
    SLICE_X108Y63        LUT6 (Prop_lut6_I1_O)        0.045    -0.076 r  DUT/U3/UTag/affichage_o_OBUF[1]_inst_i_1/O
                         net (fo=1, routed)           0.524     0.448    affichage_o_OBUF[1]
    T21                  OBUF (Prop_obuf_I_O)         1.215     1.663 r  affichage_o_OBUF[1]_inst/O
                         net (fo=0)                   0.000     1.663    affichage_o[1]
    T21                                                               r  affichage_o[1] (OUT)
  -------------------------------------------------------------------    -------------------

Slack:                    inf
  Source:                 DUT/U3/UTag/data_s_reg[88]/C
                            (rising edge-triggered cell FDCE clocked by clk_out1_clk_wiz_0  {rise@0.000ns fall@5.000ns period=10.000ns})
  Destination:            affichage_o[0]
                            (output port)
  Path Group:             (none)
  Path Type:              Min at Fast Process Corner
  Data Path Delay:        2.314ns  (logic 1.477ns (63.852%)  route 0.836ns (36.148%))
  Logic Levels:           3  (LUT6=2 OBUF=1)
  Clock Uncertainty:      0.169ns  ((TSJ^2 + DJ^2)^1/2) / 2 + PE
    Total System Jitter     (TSJ):    0.050ns
    Discrete Jitter          (DJ):    0.131ns
    Phase Error              (PE):    0.099ns

    Location             Delay type                Incr(ns)  Path(ns)    Netlist Resource(s)
  -------------------------------------------------------------------    -------------------
                         (clock clk_out1_clk_wiz_0 rise edge)
                                                      0.000     0.000 r  
    Y9                                                0.000     0.000 r  sys_clock_i (IN)
                         net (fo=0)                   0.000     0.000    clock_100MHz/inst/clk_in1
    Y9                   IBUF (Prop_ibuf_I_O)         0.258     0.258 r  clock_100MHz/inst/clkin1_ibufg/O
                         net (fo=1, routed)           0.440     0.698    clock_100MHz/inst/clk_in1_clk_wiz_0
    MMCME2_ADV_X0Y0      MMCME2_ADV (Prop_mmcme2_adv_CLKIN1_CLKOUT0)
                                                     -2.421    -1.722 r  clock_100MHz/inst/mmcm_adv_inst/CLKOUT0
                         net (fo=1, routed)           0.518    -1.204    clock_100MHz/inst/clk_out1_clk_wiz_0
    BUFGCTRL_X0Y0        BUFG (Prop_bufg_I_O)         0.026    -1.178 r  clock_100MHz/inst/clkout1_buf/O
                         net (fo=565, routed)         0.609    -0.570    DUT/U3/UTag/CLK
    SLICE_X104Y58        FDCE                                         r  DUT/U3/UTag/data_s_reg[88]/C
  -------------------------------------------------------------------    -------------------
    SLICE_X104Y58        FDCE (Prop_fdce_C_Q)         0.164    -0.406 r  DUT/U3/UTag/data_s_reg[88]/Q
                         net (fo=1, routed)           0.137    -0.268    DUT/U3/UTag/data_s_reg_n_0_[88]
    SLICE_X104Y58        LUT6 (Prop_lut6_I0_O)        0.045    -0.223 r  DUT/U3/UTag/affichage_o_OBUF[0]_inst_i_3/O
                         net (fo=1, routed)           0.089    -0.134    DUT/U3/UTag/affichage_o_OBUF[0]_inst_i_3_n_0
    SLICE_X104Y58        LUT6 (Prop_lut6_I1_O)        0.045    -0.089 r  DUT/U3/UTag/affichage_o_OBUF[0]_inst_i_1/O
                         net (fo=1, routed)           0.610     0.521    affichage_o_OBUF[0]
    T22                  OBUF (Prop_obuf_I_O)         1.223     1.744 r  affichage_o_OBUF[0]_inst/O
                         net (fo=0)                   0.000     1.744    affichage_o[0]
    T22                                                               r  affichage_o[0] (OUT)
  -------------------------------------------------------------------    -------------------

Slack:                    inf
  Source:                 DUT/U3/UTag/data_s_reg[123]/C
                            (rising edge-triggered cell FDCE clocked by clk_out1_clk_wiz_0  {rise@0.000ns fall@5.000ns period=10.000ns})
  Destination:            affichage_o[3]
                            (output port)
  Path Group:             (none)
  Path Type:              Min at Fast Process Corner
  Data Path Delay:        2.301ns  (logic 1.485ns (64.520%)  route 0.816ns (35.480%))
  Logic Levels:           3  (LUT6=2 OBUF=1)
  Clock Uncertainty:      0.169ns  ((TSJ^2 + DJ^2)^1/2) / 2 + PE
    Total System Jitter     (TSJ):    0.050ns
    Discrete Jitter          (DJ):    0.131ns
    Phase Error              (PE):    0.099ns

    Location             Delay type                Incr(ns)  Path(ns)    Netlist Resource(s)
  -------------------------------------------------------------------    -------------------
                         (clock clk_out1_clk_wiz_0 rise edge)
                                                      0.000     0.000 r  
    Y9                                                0.000     0.000 r  sys_clock_i (IN)
                         net (fo=0)                   0.000     0.000    clock_100MHz/inst/clk_in1
    Y9                   IBUF (Prop_ibuf_I_O)         0.258     0.258 r  clock_100MHz/inst/clkin1_ibufg/O
                         net (fo=1, routed)           0.440     0.698    clock_100MHz/inst/clk_in1_clk_wiz_0
    MMCME2_ADV_X0Y0      MMCME2_ADV (Prop_mmcme2_adv_CLKIN1_CLKOUT0)
                                                     -2.421    -1.722 r  clock_100MHz/inst/mmcm_adv_inst/CLKOUT0
                         net (fo=1, routed)           0.518    -1.204    clock_100MHz/inst/clk_out1_clk_wiz_0
    BUFGCTRL_X0Y0        BUFG (Prop_bufg_I_O)         0.026    -1.178 r  clock_100MHz/inst/clkout1_buf/O
                         net (fo=565, routed)         0.634    -0.545    DUT/U3/UTag/CLK
    SLICE_X112Y65        FDCE                                         r  DUT/U3/UTag/data_s_reg[123]/C
  -------------------------------------------------------------------    -------------------
    SLICE_X112Y65        FDCE (Prop_fdce_C_Q)         0.164    -0.381 r  DUT/U3/UTag/data_s_reg[123]/Q
                         net (fo=1, routed)           0.134    -0.246    DUT/U3/UTag/data_s_reg_n_0_[123]
    SLICE_X112Y65        LUT6 (Prop_lut6_I0_O)        0.045    -0.201 r  DUT/U3/UTag/affichage_o_OBUF[3]_inst_i_2/O
                         net (fo=1, routed)           0.089    -0.112    DUT/U3/UTag/affichage_o_OBUF[3]_inst_i_2_n_0
    SLICE_X112Y65        LUT6 (Prop_lut6_I0_O)        0.045    -0.067 r  DUT/U3/UTag/affichage_o_OBUF[3]_inst_i_1/O
                         net (fo=1, routed)           0.593     0.526    affichage_o_OBUF[3]
    U21                  OBUF (Prop_obuf_I_O)         1.231     1.757 r  affichage_o_OBUF[3]_inst/O
                         net (fo=0)                   0.000     1.757    affichage_o[3]
    U21                                                               r  affichage_o[3] (OUT)
  -------------------------------------------------------------------    -------------------

Slack:                    inf
  Source:                 DUT/U3/UTag/data_s_reg[116]/C
                            (rising edge-triggered cell FDCE clocked by clk_out1_clk_wiz_0  {rise@0.000ns fall@5.000ns period=10.000ns})
  Destination:            affichage_o[4]
                            (output port)
  Path Group:             (none)
  Path Type:              Min at Fast Process Corner
  Data Path Delay:        2.304ns  (logic 1.469ns (63.735%)  route 0.836ns (36.265%))
  Logic Levels:           3  (LUT6=2 OBUF=1)
  Clock Uncertainty:      0.169ns  ((TSJ^2 + DJ^2)^1/2) / 2 + PE
    Total System Jitter     (TSJ):    0.050ns
    Discrete Jitter          (DJ):    0.131ns
    Phase Error              (PE):    0.099ns

    Location             Delay type                Incr(ns)  Path(ns)    Netlist Resource(s)
  -------------------------------------------------------------------    -------------------
                         (clock clk_out1_clk_wiz_0 rise edge)
                                                      0.000     0.000 r  
    Y9                                                0.000     0.000 r  sys_clock_i (IN)
                         net (fo=0)                   0.000     0.000    clock_100MHz/inst/clk_in1
    Y9                   IBUF (Prop_ibuf_I_O)         0.258     0.258 r  clock_100MHz/inst/clkin1_ibufg/O
                         net (fo=1, routed)           0.440     0.698    clock_100MHz/inst/clk_in1_clk_wiz_0
    MMCME2_ADV_X0Y0      MMCME2_ADV (Prop_mmcme2_adv_CLKIN1_CLKOUT0)
                                                     -2.421    -1.722 r  clock_100MHz/inst/mmcm_adv_inst/CLKOUT0
                         net (fo=1, routed)           0.518    -1.204    clock_100MHz/inst/clk_out1_clk_wiz_0
    BUFGCTRL_X0Y0        BUFG (Prop_bufg_I_O)         0.026    -1.178 r  clock_100MHz/inst/clkout1_buf/O
                         net (fo=565, routed)         0.633    -0.546    DUT/U3/UTag/CLK
    SLICE_X109Y64        FDCE                                         r  DUT/U3/UTag/data_s_reg[116]/C
  -------------------------------------------------------------------    -------------------
    SLICE_X109Y64        FDCE (Prop_fdce_C_Q)         0.141    -0.405 r  DUT/U3/UTag/data_s_reg[116]/Q
                         net (fo=1, routed)           0.119    -0.285    DUT/U3/UTag/data_s_reg_n_0_[116]
    SLICE_X110Y64        LUT6 (Prop_lut6_I2_O)        0.045    -0.240 r  DUT/U3/UTag/affichage_o_OBUF[4]_inst_i_2/O
                         net (fo=1, routed)           0.058    -0.183    DUT/U3/UTag/affichage_o_OBUF[4]_inst_i_2_n_0
    SLICE_X110Y64        LUT6 (Prop_lut6_I0_O)        0.045    -0.138 r  DUT/U3/UTag/affichage_o_OBUF[4]_inst_i_1/O
                         net (fo=1, routed)           0.659     0.521    affichage_o_OBUF[4]
    V22                  OBUF (Prop_obuf_I_O)         1.238     1.759 r  affichage_o_OBUF[4]_inst/O
                         net (fo=0)                   0.000     1.759    affichage_o[4]
    V22                                                               r  affichage_o[4] (OUT)
  -------------------------------------------------------------------    -------------------

Slack:                    inf
  Source:                 DUT/U3/UTag/data_s_reg[122]/C
                            (rising edge-triggered cell FDCE clocked by clk_out1_clk_wiz_0  {rise@0.000ns fall@5.000ns period=10.000ns})
  Destination:            affichage_o[2]
                            (output port)
  Path Group:             (none)
  Path Type:              Min at Fast Process Corner
  Data Path Delay:        2.450ns  (logic 1.486ns (60.642%)  route 0.964ns (39.358%))
  Logic Levels:           3  (LUT6=2 OBUF=1)
  Clock Uncertainty:      0.169ns  ((TSJ^2 + DJ^2)^1/2) / 2 + PE
    Total System Jitter     (TSJ):    0.050ns
    Discrete Jitter          (DJ):    0.131ns
    Phase Error              (PE):    0.099ns

    Location             Delay type                Incr(ns)  Path(ns)    Netlist Resource(s)
  -------------------------------------------------------------------    -------------------
                         (clock clk_out1_clk_wiz_0 rise edge)
                                                      0.000     0.000 r  
    Y9                                                0.000     0.000 r  sys_clock_i (IN)
                         net (fo=0)                   0.000     0.000    clock_100MHz/inst/clk_in1
    Y9                   IBUF (Prop_ibuf_I_O)         0.258     0.258 r  clock_100MHz/inst/clkin1_ibufg/O
                         net (fo=1, routed)           0.440     0.698    clock_100MHz/inst/clk_in1_clk_wiz_0
    MMCME2_ADV_X0Y0      MMCME2_ADV (Prop_mmcme2_adv_CLKIN1_CLKOUT0)
                                                     -2.421    -1.722 r  clock_100MHz/inst/mmcm_adv_inst/CLKOUT0
                         net (fo=1, routed)           0.518    -1.204    clock_100MHz/inst/clk_out1_clk_wiz_0
    BUFGCTRL_X0Y0        BUFG (Prop_bufg_I_O)         0.026    -1.178 r  clock_100MHz/inst/clkout1_buf/O
                         net (fo=565, routed)         0.609    -0.570    DUT/U3/UTag/CLK
    SLICE_X104Y59        FDCE                                         r  DUT/U3/UTag/data_s_reg[122]/C
  -------------------------------------------------------------------    -------------------
    SLICE_X104Y59        FDCE (Prop_fdce_C_Q)         0.164    -0.406 r  DUT/U3/UTag/data_s_reg[122]/Q
                         net (fo=1, routed)           0.137    -0.268    DUT/U3/UTag/data_s_reg_n_0_[122]
    SLICE_X104Y59        LUT6 (Prop_lut6_I0_O)        0.045    -0.223 r  DUT/U3/UTag/affichage_o_OBUF[2]_inst_i_2/O
                         net (fo=1, routed)           0.241     0.017    DUT/U3/UTag/affichage_o_OBUF[2]_inst_i_2_n_0
    SLICE_X106Y58        LUT6 (Prop_lut6_I0_O)        0.045     0.062 r  DUT/U3/UTag/affichage_o_OBUF[2]_inst_i_1/O
                         net (fo=1, routed)           0.586     0.649    affichage_o_OBUF[2]
    U22                  OBUF (Prop_obuf_I_O)         1.232     1.881 r  affichage_o_OBUF[2]_inst/O
                         net (fo=0)                   0.000     1.881    affichage_o[2]
    U22                                                               r  affichage_o[2] (OUT)
  -------------------------------------------------------------------    -------------------

Slack:                    inf
  Source:                 DUT/U3/UTag/data_s_reg[117]/C
                            (rising edge-triggered cell FDCE clocked by clk_out1_clk_wiz_0  {rise@0.000ns fall@5.000ns period=10.000ns})
  Destination:            affichage_o[5]
                            (output port)
  Path Group:             (none)
  Path Type:              Min at Fast Process Corner
  Data Path Delay:        2.475ns  (logic 1.463ns (59.112%)  route 1.012ns (40.888%))
  Logic Levels:           3  (LUT6=2 OBUF=1)
  Clock Uncertainty:      0.169ns  ((TSJ^2 + DJ^2)^1/2) / 2 + PE
    Total System Jitter     (TSJ):    0.050ns
    Discrete Jitter          (DJ):    0.131ns
    Phase Error              (PE):    0.099ns

    Location             Delay type                Incr(ns)  Path(ns)    Netlist Resource(s)
  -------------------------------------------------------------------    -------------------
                         (clock clk_out1_clk_wiz_0 rise edge)
                                                      0.000     0.000 r  
    Y9                                                0.000     0.000 r  sys_clock_i (IN)
                         net (fo=0)                   0.000     0.000    clock_100MHz/inst/clk_in1
    Y9                   IBUF (Prop_ibuf_I_O)         0.258     0.258 r  clock_100MHz/inst/clkin1_ibufg/O
                         net (fo=1, routed)           0.440     0.698    clock_100MHz/inst/clk_in1_clk_wiz_0
    MMCME2_ADV_X0Y0      MMCME2_ADV (Prop_mmcme2_adv_CLKIN1_CLKOUT0)
                                                     -2.421    -1.722 r  clock_100MHz/inst/mmcm_adv_inst/CLKOUT0
                         net (fo=1, routed)           0.518    -1.204    clock_100MHz/inst/clk_out1_clk_wiz_0
    BUFGCTRL_X0Y0        BUFG (Prop_bufg_I_O)         0.026    -1.178 r  clock_100MHz/inst/clkout1_buf/O
                         net (fo=565, routed)         0.630    -0.549    DUT/U3/UTag/CLK
    SLICE_X107Y68        FDCE                                         r  DUT/U3/UTag/data_s_reg[117]/C
  -------------------------------------------------------------------    -------------------
    SLICE_X107Y68        FDCE (Prop_fdce_C_Q)         0.141    -0.408 r  DUT/U3/UTag/data_s_reg[117]/Q
                         net (fo=1, routed)           0.158    -0.249    DUT/U3/UTag/data_s_reg_n_0_[117]
    SLICE_X107Y68        LUT6 (Prop_lut6_I2_O)        0.045    -0.204 r  DUT/U3/UTag/affichage_o_OBUF[5]_inst_i_2/O
                         net (fo=1, routed)           0.135    -0.070    DUT/U3/UTag/affichage_o_OBUF[5]_inst_i_2_n_0
    SLICE_X107Y68        LUT6 (Prop_lut6_I0_O)        0.045    -0.025 r  DUT/U3/UTag/affichage_o_OBUF[5]_inst_i_1/O
                         net (fo=1, routed)           0.719     0.694    affichage_o_OBUF[5]
    W22                  OBUF (Prop_obuf_I_O)         1.232     1.926 r  affichage_o_OBUF[5]_inst/O
                         net (fo=0)                   0.000     1.926    affichage_o[5]
    W22                                                               r  affichage_o[5] (OUT)
  -------------------------------------------------------------------    -------------------

Slack:                    inf
  Source:                 DUT/U3/UCipher/data_s_reg[6]/C
                            (rising edge-triggered cell FDCE clocked by clk_out1_clk_wiz_0  {rise@0.000ns fall@5.000ns period=10.000ns})
  Destination:            affichage_o[6]
                            (output port)
  Path Group:             (none)
  Path Type:              Min at Fast Process Corner
  Data Path Delay:        2.507ns  (logic 1.569ns (62.603%)  route 0.937ns (37.397%))
  Logic Levels:           4  (LUT6=2 MUXF7=1 OBUF=1)
  Clock Uncertainty:      0.169ns  ((TSJ^2 + DJ^2)^1/2) / 2 + PE
    Total System Jitter     (TSJ):    0.050ns
    Discrete Jitter          (DJ):    0.131ns
    Phase Error              (PE):    0.099ns

    Location             Delay type                Incr(ns)  Path(ns)    Netlist Resource(s)
  -------------------------------------------------------------------    -------------------
                         (clock clk_out1_clk_wiz_0 rise edge)
                                                      0.000     0.000 r  
    Y9                                                0.000     0.000 r  sys_clock_i (IN)
                         net (fo=0)                   0.000     0.000    clock_100MHz/inst/clk_in1
    Y9                   IBUF (Prop_ibuf_I_O)         0.258     0.258 r  clock_100MHz/inst/clkin1_ibufg/O
                         net (fo=1, routed)           0.440     0.698    clock_100MHz/inst/clk_in1_clk_wiz_0
    MMCME2_ADV_X0Y0      MMCME2_ADV (Prop_mmcme2_adv_CLKIN1_CLKOUT0)
                                                     -2.421    -1.722 r  clock_100MHz/inst/mmcm_adv_inst/CLKOUT0
                         net (fo=1, routed)           0.518    -1.204    clock_100MHz/inst/clk_out1_clk_wiz_0
    BUFGCTRL_X0Y0        BUFG (Prop_bufg_I_O)         0.026    -1.178 r  clock_100MHz/inst/clkout1_buf/O
                         net (fo=565, routed)         0.631    -0.548    DUT/U3/UCipher/CLK
    SLICE_X107Y67        FDCE                                         r  DUT/U3/UCipher/data_s_reg[6]/C
  -------------------------------------------------------------------    -------------------
    SLICE_X107Y67        FDCE (Prop_fdce_C_Q)         0.141    -0.407 r  DUT/U3/UCipher/data_s_reg[6]/Q
                         net (fo=1, routed)           0.152    -0.255    DUT/U3/UCipher/data_s[6]
    SLICE_X106Y68        LUT6 (Prop_lut6_I3_O)        0.045    -0.210 r  DUT/U3/UCipher/affichage_o_OBUF[6]_inst_i_10/O
                         net (fo=1, routed)           0.000    -0.210    DUT/U3/UCipher/affichage_o_OBUF[6]_inst_i_10_n_0
    SLICE_X106Y68        MUXF7 (Prop_muxf7_I0_O)      0.062    -0.148 r  DUT/U3/UCipher/affichage_o_OBUF[6]_inst_i_5/O
                         net (fo=1, routed)           0.147    -0.001    DUT/U3/UTag/affichage_o[6]_0
    SLICE_X106Y68        LUT6 (Prop_lut6_I5_O)        0.108     0.107 r  DUT/U3/UTag/affichage_o_OBUF[6]_inst_i_1/O
                         net (fo=1, routed)           0.639     0.746    affichage_o_OBUF[6]
    U19                  OBUF (Prop_obuf_I_O)         1.213     1.959 r  affichage_o_OBUF[6]_inst/O
                         net (fo=0)                   0.000     1.959    affichage_o[6]
    U19                                                               r  affichage_o[6] (OUT)
  -------------------------------------------------------------------    -------------------

Slack:                    inf
  Source:                 DUT/U3/UTag/data_s_reg[87]/C
                            (rising edge-triggered cell FDCE clocked by clk_out1_clk_wiz_0  {rise@0.000ns fall@5.000ns period=10.000ns})
  Destination:            affichage_o[7]
                            (output port)
  Path Group:             (none)
  Path Type:              Min at Fast Process Corner
  Data Path Delay:        3.069ns  (logic 1.457ns (47.475%)  route 1.612ns (52.525%))
  Logic Levels:           3  (LUT6=2 OBUF=1)
  Clock Uncertainty:      0.169ns  ((TSJ^2 + DJ^2)^1/2) / 2 + PE
    Total System Jitter     (TSJ):    0.050ns
    Discrete Jitter          (DJ):    0.131ns
    Phase Error              (PE):    0.099ns

    Location             Delay type                Incr(ns)  Path(ns)    Netlist Resource(s)
  -------------------------------------------------------------------    -------------------
                         (clock clk_out1_clk_wiz_0 rise edge)
                                                      0.000     0.000 r  
    Y9                                                0.000     0.000 r  sys_clock_i (IN)
                         net (fo=0)                   0.000     0.000    clock_100MHz/inst/clk_in1
    Y9                   IBUF (Prop_ibuf_I_O)         0.258     0.258 r  clock_100MHz/inst/clkin1_ibufg/O
                         net (fo=1, routed)           0.440     0.698    clock_100MHz/inst/clk_in1_clk_wiz_0
    MMCME2_ADV_X0Y0      MMCME2_ADV (Prop_mmcme2_adv_CLKIN1_CLKOUT0)
                                                     -2.421    -1.722 r  clock_100MHz/inst/mmcm_adv_inst/CLKOUT0
                         net (fo=1, routed)           0.518    -1.204    clock_100MHz/inst/clk_out1_clk_wiz_0
    BUFGCTRL_X0Y0        BUFG (Prop_bufg_I_O)         0.026    -1.178 r  clock_100MHz/inst/clkout1_buf/O
                         net (fo=565, routed)         0.602    -0.577    DUT/U3/UTag/CLK
    SLICE_X104Y69        FDCE                                         r  DUT/U3/UTag/data_s_reg[87]/C
  -------------------------------------------------------------------    -------------------
    SLICE_X104Y69        FDCE (Prop_fdce_C_Q)         0.164    -0.413 r  DUT/U3/UTag/data_s_reg[87]/Q
                         net (fo=1, routed)           0.199    -0.213    DUT/U3/UTag/data_s_reg_n_0_[87]
    SLICE_X104Y69        LUT6 (Prop_lut6_I2_O)        0.045    -0.168 r  DUT/U3/UTag/affichage_o_OBUF[7]_inst_i_3/O
                         net (fo=1, routed)           0.140    -0.028    DUT/U3/UTag/affichage_o_OBUF[7]_inst_i_3_n_0
    SLICE_X104Y69        LUT6 (Prop_lut6_I1_O)        0.045     0.017 r  DUT/U3/UTag/affichage_o_OBUF[7]_inst_i_1/O
                         net (fo=1, routed)           1.273     1.290    affichage_o_OBUF[7]
    U14                  OBUF (Prop_obuf_I_O)         1.203     2.493 r  affichage_o_OBUF[7]_inst/O
                         net (fo=0)                   0.000     2.493    affichage_o[7]
    U14                                                               r  affichage_o[7] (OUT)
  -------------------------------------------------------------------    -------------------





--------------------------------------------------------------------------------------
Path Group:  (none)
From Clock:  
  To Clock:  clk_out1_clk_wiz_0

Max Delay           571 Endpoints
Min Delay           571 Endpoints
--------------------------------------------------------------------------------------


Max Delay Paths
--------------------------------------------------------------------------------------
Slack:                    inf
  Source:                 reset_i
                            (input port)
  Destination:            DUT/U3/UCipher/data_s_reg[33]/CLR
                            (recovery check against rising-edge clock clk_out1_clk_wiz_0  {rise@0.000ns fall@5.000ns period=10.000ns})
  Path Group:             (none)
  Path Type:              Recovery (Max at Slow Process Corner)
  Data Path Delay:        4.697ns  (logic 1.448ns (30.831%)  route 3.249ns (69.169%))
  Logic Levels:           1  (IBUF=1)
  Clock Path Skew:        -1.471ns (DCD - SCD + CPR)
    Destination Clock Delay (DCD):    -1.471ns
    Source Clock Delay      (SCD):    0.000ns
    Clock Pessimism Removal (CPR):    0.000ns
  Clock Uncertainty:      0.169ns  ((TSJ^2 + DJ^2)^1/2) / 2 + PE
    Total System Jitter     (TSJ):    0.050ns
    Discrete Jitter          (DJ):    0.131ns
    Phase Error              (PE):    0.099ns

    Location             Delay type                Incr(ns)  Path(ns)    Netlist Resource(s)
  -------------------------------------------------------------------    -------------------
    P16                                               0.000     0.000 f  reset_i (IN)
                         net (fo=0)                   0.000     0.000    reset_i
    P16                  IBUF (Prop_ibuf_I_O)         1.448     1.448 f  reset_i_IBUF_inst/O
                         net (fo=564, routed)         3.249     4.697    DUT/U3/UCipher/reset_i_IBUF
    SLICE_X99Y67         FDCE                                         f  DUT/U3/UCipher/data_s_reg[33]/CLR
  -------------------------------------------------------------------    -------------------

                         (clock clk_out1_clk_wiz_0 rise edge)
                                                      0.000     0.000 r  
    Y9                                                0.000     0.000 r  sys_clock_i (IN)
                         net (fo=0)                   0.000     0.000    clock_100MHz/inst/clk_in1
    Y9                   IBUF (Prop_ibuf_I_O)         1.420     1.420 r  clock_100MHz/inst/clkin1_ibufg/O
                         net (fo=1, routed)           1.162     2.582    clock_100MHz/inst/clk_in1_clk_wiz_0
    MMCME2_ADV_X0Y0      MMCME2_ADV (Prop_mmcme2_adv_CLKIN1_CLKOUT0)
                                                     -7.438    -4.856 r  clock_100MHz/inst/mmcm_adv_inst/CLKOUT0
                         net (fo=1, routed)           1.691    -3.165    clock_100MHz/inst/clk_out1_clk_wiz_0
    BUFGCTRL_X0Y0        BUFG (Prop_bufg_I_O)         0.091    -3.074 r  clock_100MHz/inst/clkout1_buf/O
                         net (fo=565, routed)         1.603    -1.471    DUT/U3/UCipher/CLK
    SLICE_X99Y67         FDCE                                         r  DUT/U3/UCipher/data_s_reg[33]/C

Slack:                    inf
  Source:                 reset_i
                            (input port)
  Destination:            DUT/U3/state_register_instance/data_s_reg[1][21]/CLR
                            (recovery check against rising-edge clock clk_out1_clk_wiz_0  {rise@0.000ns fall@5.000ns period=10.000ns})
  Path Group:             (none)
  Path Type:              Recovery (Max at Slow Process Corner)
  Data Path Delay:        4.697ns  (logic 1.448ns (30.831%)  route 3.249ns (69.169%))
  Logic Levels:           1  (IBUF=1)
  Clock Path Skew:        -1.471ns (DCD - SCD + CPR)
    Destination Clock Delay (DCD):    -1.471ns
    Source Clock Delay      (SCD):    0.000ns
    Clock Pessimism Removal (CPR):    0.000ns
  Clock Uncertainty:      0.169ns  ((TSJ^2 + DJ^2)^1/2) / 2 + PE
    Total System Jitter     (TSJ):    0.050ns
    Discrete Jitter          (DJ):    0.131ns
    Phase Error              (PE):    0.099ns

    Location             Delay type                Incr(ns)  Path(ns)    Netlist Resource(s)
  -------------------------------------------------------------------    -------------------
    P16                                               0.000     0.000 f  reset_i (IN)
                         net (fo=0)                   0.000     0.000    reset_i
    P16                  IBUF (Prop_ibuf_I_O)         1.448     1.448 f  reset_i_IBUF_inst/O
                         net (fo=564, routed)         3.249     4.697    DUT/U3/state_register_instance/reset_i_IBUF
    SLICE_X98Y67         FDCE                                         f  DUT/U3/state_register_instance/data_s_reg[1][21]/CLR
  -------------------------------------------------------------------    -------------------

                         (clock clk_out1_clk_wiz_0 rise edge)
                                                      0.000     0.000 r  
    Y9                                                0.000     0.000 r  sys_clock_i (IN)
                         net (fo=0)                   0.000     0.000    clock_100MHz/inst/clk_in1
    Y9                   IBUF (Prop_ibuf_I_O)         1.420     1.420 r  clock_100MHz/inst/clkin1_ibufg/O
                         net (fo=1, routed)           1.162     2.582    clock_100MHz/inst/clk_in1_clk_wiz_0
    MMCME2_ADV_X0Y0      MMCME2_ADV (Prop_mmcme2_adv_CLKIN1_CLKOUT0)
                                                     -7.438    -4.856 r  clock_100MHz/inst/mmcm_adv_inst/CLKOUT0
                         net (fo=1, routed)           1.691    -3.165    clock_100MHz/inst/clk_out1_clk_wiz_0
    BUFGCTRL_X0Y0        BUFG (Prop_bufg_I_O)         0.091    -3.074 r  clock_100MHz/inst/clkout1_buf/O
                         net (fo=565, routed)         1.603    -1.471    DUT/U3/state_register_instance/CLK
    SLICE_X98Y67         FDCE                                         r  DUT/U3/state_register_instance/data_s_reg[1][21]/C

Slack:                    inf
  Source:                 reset_i
                            (input port)
  Destination:            DUT/U3/state_register_instance/data_s_reg[1][63]/CLR
                            (recovery check against rising-edge clock clk_out1_clk_wiz_0  {rise@0.000ns fall@5.000ns period=10.000ns})
  Path Group:             (none)
  Path Type:              Recovery (Max at Slow Process Corner)
  Data Path Delay:        4.697ns  (logic 1.448ns (30.831%)  route 3.249ns (69.169%))
  Logic Levels:           1  (IBUF=1)
  Clock Path Skew:        -1.471ns (DCD - SCD + CPR)
    Destination Clock Delay (DCD):    -1.471ns
    Source Clock Delay      (SCD):    0.000ns
    Clock Pessimism Removal (CPR):    0.000ns
  Clock Uncertainty:      0.169ns  ((TSJ^2 + DJ^2)^1/2) / 2 + PE
    Total System Jitter     (TSJ):    0.050ns
    Discrete Jitter          (DJ):    0.131ns
    Phase Error              (PE):    0.099ns

    Location             Delay type                Incr(ns)  Path(ns)    Netlist Resource(s)
  -------------------------------------------------------------------    -------------------
    P16                                               0.000     0.000 f  reset_i (IN)
                         net (fo=0)                   0.000     0.000    reset_i
    P16                  IBUF (Prop_ibuf_I_O)         1.448     1.448 f  reset_i_IBUF_inst/O
                         net (fo=564, routed)         3.249     4.697    DUT/U3/state_register_instance/reset_i_IBUF
    SLICE_X98Y67         FDCE                                         f  DUT/U3/state_register_instance/data_s_reg[1][63]/CLR
  -------------------------------------------------------------------    -------------------

                         (clock clk_out1_clk_wiz_0 rise edge)
                                                      0.000     0.000 r  
    Y9                                                0.000     0.000 r  sys_clock_i (IN)
                         net (fo=0)                   0.000     0.000    clock_100MHz/inst/clk_in1
    Y9                   IBUF (Prop_ibuf_I_O)         1.420     1.420 r  clock_100MHz/inst/clkin1_ibufg/O
                         net (fo=1, routed)           1.162     2.582    clock_100MHz/inst/clk_in1_clk_wiz_0
    MMCME2_ADV_X0Y0      MMCME2_ADV (Prop_mmcme2_adv_CLKIN1_CLKOUT0)
                                                     -7.438    -4.856 r  clock_100MHz/inst/mmcm_adv_inst/CLKOUT0
                         net (fo=1, routed)           1.691    -3.165    clock_100MHz/inst/clk_out1_clk_wiz_0
    BUFGCTRL_X0Y0        BUFG (Prop_bufg_I_O)         0.091    -3.074 r  clock_100MHz/inst/clkout1_buf/O
                         net (fo=565, routed)         1.603    -1.471    DUT/U3/state_register_instance/CLK
    SLICE_X98Y67         FDCE                                         r  DUT/U3/state_register_instance/data_s_reg[1][63]/C

Slack:                    inf
  Source:                 reset_i
                            (input port)
  Destination:            DUT/U3/state_register_instance/data_s_reg[2][31]/CLR
                            (recovery check against rising-edge clock clk_out1_clk_wiz_0  {rise@0.000ns fall@5.000ns period=10.000ns})
  Path Group:             (none)
  Path Type:              Recovery (Max at Slow Process Corner)
  Data Path Delay:        4.697ns  (logic 1.448ns (30.831%)  route 3.249ns (69.169%))
  Logic Levels:           1  (IBUF=1)
  Clock Path Skew:        -1.471ns (DCD - SCD + CPR)
    Destination Clock Delay (DCD):    -1.471ns
    Source Clock Delay      (SCD):    0.000ns
    Clock Pessimism Removal (CPR):    0.000ns
  Clock Uncertainty:      0.169ns  ((TSJ^2 + DJ^2)^1/2) / 2 + PE
    Total System Jitter     (TSJ):    0.050ns
    Discrete Jitter          (DJ):    0.131ns
    Phase Error              (PE):    0.099ns

    Location             Delay type                Incr(ns)  Path(ns)    Netlist Resource(s)
  -------------------------------------------------------------------    -------------------
    P16                                               0.000     0.000 f  reset_i (IN)
                         net (fo=0)                   0.000     0.000    reset_i
    P16                  IBUF (Prop_ibuf_I_O)         1.448     1.448 f  reset_i_IBUF_inst/O
                         net (fo=564, routed)         3.249     4.697    DUT/U3/state_register_instance/reset_i_IBUF
    SLICE_X98Y67         FDCE                                         f  DUT/U3/state_register_instance/data_s_reg[2][31]/CLR
  -------------------------------------------------------------------    -------------------

                         (clock clk_out1_clk_wiz_0 rise edge)
                                                      0.000     0.000 r  
    Y9                                                0.000     0.000 r  sys_clock_i (IN)
                         net (fo=0)                   0.000     0.000    clock_100MHz/inst/clk_in1
    Y9                   IBUF (Prop_ibuf_I_O)         1.420     1.420 r  clock_100MHz/inst/clkin1_ibufg/O
                         net (fo=1, routed)           1.162     2.582    clock_100MHz/inst/clk_in1_clk_wiz_0
    MMCME2_ADV_X0Y0      MMCME2_ADV (Prop_mmcme2_adv_CLKIN1_CLKOUT0)
                                                     -7.438    -4.856 r  clock_100MHz/inst/mmcm_adv_inst/CLKOUT0
                         net (fo=1, routed)           1.691    -3.165    clock_100MHz/inst/clk_out1_clk_wiz_0
    BUFGCTRL_X0Y0        BUFG (Prop_bufg_I_O)         0.091    -3.074 r  clock_100MHz/inst/clkout1_buf/O
                         net (fo=565, routed)         1.603    -1.471    DUT/U3/state_register_instance/CLK
    SLICE_X98Y67         FDCE                                         r  DUT/U3/state_register_instance/data_s_reg[2][31]/C

Slack:                    inf
  Source:                 reset_i
                            (input port)
  Destination:            DUT/U3/state_register_instance/data_s_reg[2][36]/CLR
                            (recovery check against rising-edge clock clk_out1_clk_wiz_0  {rise@0.000ns fall@5.000ns period=10.000ns})
  Path Group:             (none)
  Path Type:              Recovery (Max at Slow Process Corner)
  Data Path Delay:        4.697ns  (logic 1.448ns (30.831%)  route 3.249ns (69.169%))
  Logic Levels:           1  (IBUF=1)
  Clock Path Skew:        -1.471ns (DCD - SCD + CPR)
    Destination Clock Delay (DCD):    -1.471ns
    Source Clock Delay      (SCD):    0.000ns
    Clock Pessimism Removal (CPR):    0.000ns
  Clock Uncertainty:      0.169ns  ((TSJ^2 + DJ^2)^1/2) / 2 + PE
    Total System Jitter     (TSJ):    0.050ns
    Discrete Jitter          (DJ):    0.131ns
    Phase Error              (PE):    0.099ns

    Location             Delay type                Incr(ns)  Path(ns)    Netlist Resource(s)
  -------------------------------------------------------------------    -------------------
    P16                                               0.000     0.000 f  reset_i (IN)
                         net (fo=0)                   0.000     0.000    reset_i
    P16                  IBUF (Prop_ibuf_I_O)         1.448     1.448 f  reset_i_IBUF_inst/O
                         net (fo=564, routed)         3.249     4.697    DUT/U3/state_register_instance/reset_i_IBUF
    SLICE_X98Y67         FDCE                                         f  DUT/U3/state_register_instance/data_s_reg[2][36]/CLR
  -------------------------------------------------------------------    -------------------

                         (clock clk_out1_clk_wiz_0 rise edge)
                                                      0.000     0.000 r  
    Y9                                                0.000     0.000 r  sys_clock_i (IN)
                         net (fo=0)                   0.000     0.000    clock_100MHz/inst/clk_in1
    Y9                   IBUF (Prop_ibuf_I_O)         1.420     1.420 r  clock_100MHz/inst/clkin1_ibufg/O
                         net (fo=1, routed)           1.162     2.582    clock_100MHz/inst/clk_in1_clk_wiz_0
    MMCME2_ADV_X0Y0      MMCME2_ADV (Prop_mmcme2_adv_CLKIN1_CLKOUT0)
                                                     -7.438    -4.856 r  clock_100MHz/inst/mmcm_adv_inst/CLKOUT0
                         net (fo=1, routed)           1.691    -3.165    clock_100MHz/inst/clk_out1_clk_wiz_0
    BUFGCTRL_X0Y0        BUFG (Prop_bufg_I_O)         0.091    -3.074 r  clock_100MHz/inst/clkout1_buf/O
                         net (fo=565, routed)         1.603    -1.471    DUT/U3/state_register_instance/CLK
    SLICE_X98Y67         FDCE                                         r  DUT/U3/state_register_instance/data_s_reg[2][36]/C

Slack:                    inf
  Source:                 reset_i
                            (input port)
  Destination:            DUT/U2/cpt_s_reg[0]/CLR
                            (recovery check against rising-edge clock clk_out1_clk_wiz_0  {rise@0.000ns fall@5.000ns period=10.000ns})
  Path Group:             (none)
  Path Type:              Recovery (Max at Slow Process Corner)
  Data Path Delay:        4.673ns  (logic 1.448ns (30.990%)  route 3.225ns (69.010%))
  Logic Levels:           1  (IBUF=1)
  Clock Path Skew:        -1.388ns (DCD - SCD + CPR)
    Destination Clock Delay (DCD):    -1.388ns
    Source Clock Delay      (SCD):    0.000ns
    Clock Pessimism Removal (CPR):    0.000ns
  Clock Uncertainty:      0.169ns  ((TSJ^2 + DJ^2)^1/2) / 2 + PE
    Total System Jitter     (TSJ):    0.050ns
    Discrete Jitter          (DJ):    0.131ns
    Phase Error              (PE):    0.099ns

    Location             Delay type                Incr(ns)  Path(ns)    Netlist Resource(s)
  -------------------------------------------------------------------    -------------------
    P16                                               0.000     0.000 f  reset_i (IN)
                         net (fo=0)                   0.000     0.000    reset_i
    P16                  IBUF (Prop_ibuf_I_O)         1.448     1.448 f  reset_i_IBUF_inst/O
                         net (fo=564, routed)         3.225     4.673    DUT/U2/reset_i_IBUF
    SLICE_X106Y55        FDCE                                         f  DUT/U2/cpt_s_reg[0]/CLR
  -------------------------------------------------------------------    -------------------

                         (clock clk_out1_clk_wiz_0 rise edge)
                                                      0.000     0.000 r  
    Y9                                                0.000     0.000 r  sys_clock_i (IN)
                         net (fo=0)                   0.000     0.000    clock_100MHz/inst/clk_in1
    Y9                   IBUF (Prop_ibuf_I_O)         1.420     1.420 r  clock_100MHz/inst/clkin1_ibufg/O
                         net (fo=1, routed)           1.162     2.582    clock_100MHz/inst/clk_in1_clk_wiz_0
    MMCME2_ADV_X0Y0      MMCME2_ADV (Prop_mmcme2_adv_CLKIN1_CLKOUT0)
                                                     -7.438    -4.856 r  clock_100MHz/inst/mmcm_adv_inst/CLKOUT0
                         net (fo=1, routed)           1.691    -3.165    clock_100MHz/inst/clk_out1_clk_wiz_0
    BUFGCTRL_X0Y0        BUFG (Prop_bufg_I_O)         0.091    -3.074 r  clock_100MHz/inst/clkout1_buf/O
                         net (fo=565, routed)         1.686    -1.388    DUT/U2/CLK
    SLICE_X106Y55        FDCE                                         r  DUT/U2/cpt_s_reg[0]/C

Slack:                    inf
  Source:                 reset_i
                            (input port)
  Destination:            DUT/U2/cpt_s_reg[1]/CLR
                            (recovery check against rising-edge clock clk_out1_clk_wiz_0  {rise@0.000ns fall@5.000ns period=10.000ns})
  Path Group:             (none)
  Path Type:              Recovery (Max at Slow Process Corner)
  Data Path Delay:        4.673ns  (logic 1.448ns (30.990%)  route 3.225ns (69.010%))
  Logic Levels:           1  (IBUF=1)
  Clock Path Skew:        -1.388ns (DCD - SCD + CPR)
    Destination Clock Delay (DCD):    -1.388ns
    Source Clock Delay      (SCD):    0.000ns
    Clock Pessimism Removal (CPR):    0.000ns
  Clock Uncertainty:      0.169ns  ((TSJ^2 + DJ^2)^1/2) / 2 + PE
    Total System Jitter     (TSJ):    0.050ns
    Discrete Jitter          (DJ):    0.131ns
    Phase Error              (PE):    0.099ns

    Location             Delay type                Incr(ns)  Path(ns)    Netlist Resource(s)
  -------------------------------------------------------------------    -------------------
    P16                                               0.000     0.000 f  reset_i (IN)
                         net (fo=0)                   0.000     0.000    reset_i
    P16                  IBUF (Prop_ibuf_I_O)         1.448     1.448 f  reset_i_IBUF_inst/O
                         net (fo=564, routed)         3.225     4.673    DUT/U2/reset_i_IBUF
    SLICE_X106Y55        FDCE                                         f  DUT/U2/cpt_s_reg[1]/CLR
  -------------------------------------------------------------------    -------------------

                         (clock clk_out1_clk_wiz_0 rise edge)
                                                      0.000     0.000 r  
    Y9                                                0.000     0.000 r  sys_clock_i (IN)
                         net (fo=0)                   0.000     0.000    clock_100MHz/inst/clk_in1
    Y9                   IBUF (Prop_ibuf_I_O)         1.420     1.420 r  clock_100MHz/inst/clkin1_ibufg/O
                         net (fo=1, routed)           1.162     2.582    clock_100MHz/inst/clk_in1_clk_wiz_0
    MMCME2_ADV_X0Y0      MMCME2_ADV (Prop_mmcme2_adv_CLKIN1_CLKOUT0)
                                                     -7.438    -4.856 r  clock_100MHz/inst/mmcm_adv_inst/CLKOUT0
                         net (fo=1, routed)           1.691    -3.165    clock_100MHz/inst/clk_out1_clk_wiz_0
    BUFGCTRL_X0Y0        BUFG (Prop_bufg_I_O)         0.091    -3.074 r  clock_100MHz/inst/clkout1_buf/O
                         net (fo=565, routed)         1.686    -1.388    DUT/U2/CLK
    SLICE_X106Y55        FDCE                                         r  DUT/U2/cpt_s_reg[1]/C

Slack:                    inf
  Source:                 reset_i
                            (input port)
  Destination:            DUT/U2/cpt_s_reg[2]/CLR
                            (recovery check against rising-edge clock clk_out1_clk_wiz_0  {rise@0.000ns fall@5.000ns period=10.000ns})
  Path Group:             (none)
  Path Type:              Recovery (Max at Slow Process Corner)
  Data Path Delay:        4.673ns  (logic 1.448ns (30.990%)  route 3.225ns (69.010%))
  Logic Levels:           1  (IBUF=1)
  Clock Path Skew:        -1.388ns (DCD - SCD + CPR)
    Destination Clock Delay (DCD):    -1.388ns
    Source Clock Delay      (SCD):    0.000ns
    Clock Pessimism Removal (CPR):    0.000ns
  Clock Uncertainty:      0.169ns  ((TSJ^2 + DJ^2)^1/2) / 2 + PE
    Total System Jitter     (TSJ):    0.050ns
    Discrete Jitter          (DJ):    0.131ns
    Phase Error              (PE):    0.099ns

    Location             Delay type                Incr(ns)  Path(ns)    Netlist Resource(s)
  -------------------------------------------------------------------    -------------------
    P16                                               0.000     0.000 f  reset_i (IN)
                         net (fo=0)                   0.000     0.000    reset_i
    P16                  IBUF (Prop_ibuf_I_O)         1.448     1.448 f  reset_i_IBUF_inst/O
                         net (fo=564, routed)         3.225     4.673    DUT/U2/reset_i_IBUF
    SLICE_X106Y55        FDCE                                         f  DUT/U2/cpt_s_reg[2]/CLR
  -------------------------------------------------------------------    -------------------

                         (clock clk_out1_clk_wiz_0 rise edge)
                                                      0.000     0.000 r  
    Y9                                                0.000     0.000 r  sys_clock_i (IN)
                         net (fo=0)                   0.000     0.000    clock_100MHz/inst/clk_in1
    Y9                   IBUF (Prop_ibuf_I_O)         1.420     1.420 r  clock_100MHz/inst/clkin1_ibufg/O
                         net (fo=1, routed)           1.162     2.582    clock_100MHz/inst/clk_in1_clk_wiz_0
    MMCME2_ADV_X0Y0      MMCME2_ADV (Prop_mmcme2_adv_CLKIN1_CLKOUT0)
                                                     -7.438    -4.856 r  clock_100MHz/inst/mmcm_adv_inst/CLKOUT0
                         net (fo=1, routed)           1.691    -3.165    clock_100MHz/inst/clk_out1_clk_wiz_0
    BUFGCTRL_X0Y0        BUFG (Prop_bufg_I_O)         0.091    -3.074 r  clock_100MHz/inst/clkout1_buf/O
                         net (fo=565, routed)         1.686    -1.388    DUT/U2/CLK
    SLICE_X106Y55        FDCE                                         r  DUT/U2/cpt_s_reg[2]/C

Slack:                    inf
  Source:                 reset_i
                            (input port)
  Destination:            DUT/U2/cpt_s_reg[3]/CLR
                            (recovery check against rising-edge clock clk_out1_clk_wiz_0  {rise@0.000ns fall@5.000ns period=10.000ns})
  Path Group:             (none)
  Path Type:              Recovery (Max at Slow Process Corner)
  Data Path Delay:        4.673ns  (logic 1.448ns (30.990%)  route 3.225ns (69.010%))
  Logic Levels:           1  (IBUF=1)
  Clock Path Skew:        -1.388ns (DCD - SCD + CPR)
    Destination Clock Delay (DCD):    -1.388ns
    Source Clock Delay      (SCD):    0.000ns
    Clock Pessimism Removal (CPR):    0.000ns
  Clock Uncertainty:      0.169ns  ((TSJ^2 + DJ^2)^1/2) / 2 + PE
    Total System Jitter     (TSJ):    0.050ns
    Discrete Jitter          (DJ):    0.131ns
    Phase Error              (PE):    0.099ns

    Location             Delay type                Incr(ns)  Path(ns)    Netlist Resource(s)
  -------------------------------------------------------------------    -------------------
    P16                                               0.000     0.000 f  reset_i (IN)
                         net (fo=0)                   0.000     0.000    reset_i
    P16                  IBUF (Prop_ibuf_I_O)         1.448     1.448 f  reset_i_IBUF_inst/O
                         net (fo=564, routed)         3.225     4.673    DUT/U2/reset_i_IBUF
    SLICE_X106Y55        FDCE                                         f  DUT/U2/cpt_s_reg[3]/CLR
  -------------------------------------------------------------------    -------------------

                         (clock clk_out1_clk_wiz_0 rise edge)
                                                      0.000     0.000 r  
    Y9                                                0.000     0.000 r  sys_clock_i (IN)
                         net (fo=0)                   0.000     0.000    clock_100MHz/inst/clk_in1
    Y9                   IBUF (Prop_ibuf_I_O)         1.420     1.420 r  clock_100MHz/inst/clkin1_ibufg/O
                         net (fo=1, routed)           1.162     2.582    clock_100MHz/inst/clk_in1_clk_wiz_0
    MMCME2_ADV_X0Y0      MMCME2_ADV (Prop_mmcme2_adv_CLKIN1_CLKOUT0)
                                                     -7.438    -4.856 r  clock_100MHz/inst/mmcm_adv_inst/CLKOUT0
                         net (fo=1, routed)           1.691    -3.165    clock_100MHz/inst/clk_out1_clk_wiz_0
    BUFGCTRL_X0Y0        BUFG (Prop_bufg_I_O)         0.091    -3.074 r  clock_100MHz/inst/clkout1_buf/O
                         net (fo=565, routed)         1.686    -1.388    DUT/U2/CLK
    SLICE_X106Y55        FDCE                                         r  DUT/U2/cpt_s_reg[3]/C

Slack:                    inf
  Source:                 reset_i
                            (input port)
  Destination:            DUT/U0/FSM_onehot_Ep_reg[12]/CLR
                            (recovery check against rising-edge clock clk_out1_clk_wiz_0  {rise@0.000ns fall@5.000ns period=10.000ns})
  Path Group:             (none)
  Path Type:              Recovery (Max at Slow Process Corner)
  Data Path Delay:        4.668ns  (logic 1.448ns (31.019%)  route 3.220ns (68.981%))
  Logic Levels:           1  (IBUF=1)
  Clock Path Skew:        -1.388ns (DCD - SCD + CPR)
    Destination Clock Delay (DCD):    -1.388ns
    Source Clock Delay      (SCD):    0.000ns
    Clock Pessimism Removal (CPR):    0.000ns
  Clock Uncertainty:      0.169ns  ((TSJ^2 + DJ^2)^1/2) / 2 + PE
    Total System Jitter     (TSJ):    0.050ns
    Discrete Jitter          (DJ):    0.131ns
    Phase Error              (PE):    0.099ns

    Location             Delay type                Incr(ns)  Path(ns)    Netlist Resource(s)
  -------------------------------------------------------------------    -------------------
    P16                                               0.000     0.000 f  reset_i (IN)
                         net (fo=0)                   0.000     0.000    reset_i
    P16                  IBUF (Prop_ibuf_I_O)         1.448     1.448 f  reset_i_IBUF_inst/O
                         net (fo=564, routed)         3.220     4.668    DUT/U0/reset_i_IBUF
    SLICE_X107Y55        FDCE                                         f  DUT/U0/FSM_onehot_Ep_reg[12]/CLR
  -------------------------------------------------------------------    -------------------

                         (clock clk_out1_clk_wiz_0 rise edge)
                                                      0.000     0.000 r  
    Y9                                                0.000     0.000 r  sys_clock_i (IN)
                         net (fo=0)                   0.000     0.000    clock_100MHz/inst/clk_in1
    Y9                   IBUF (Prop_ibuf_I_O)         1.420     1.420 r  clock_100MHz/inst/clkin1_ibufg/O
                         net (fo=1, routed)           1.162     2.582    clock_100MHz/inst/clk_in1_clk_wiz_0
    MMCME2_ADV_X0Y0      MMCME2_ADV (Prop_mmcme2_adv_CLKIN1_CLKOUT0)
                                                     -7.438    -4.856 r  clock_100MHz/inst/mmcm_adv_inst/CLKOUT0
                         net (fo=1, routed)           1.691    -3.165    clock_100MHz/inst/clk_out1_clk_wiz_0
    BUFGCTRL_X0Y0        BUFG (Prop_bufg_I_O)         0.091    -3.074 r  clock_100MHz/inst/clkout1_buf/O
                         net (fo=565, routed)         1.686    -1.388    DUT/U0/CLK
    SLICE_X107Y55        FDCE                                         r  DUT/U0/FSM_onehot_Ep_reg[12]/C





Min Delay Paths
--------------------------------------------------------------------------------------
Slack:                    inf
  Source:                 reset_i
                            (input port)
  Destination:            FSM_DUT/FSM_onehot_Ep_reg[13]/CLR
                            (removal check against rising-edge clock clk_out1_clk_wiz_0  {rise@0.000ns fall@5.000ns period=10.000ns})
  Path Group:             (none)
  Path Type:              Removal (Min at Fast Process Corner)
  Data Path Delay:        0.644ns  (logic 0.216ns (33.584%)  route 0.428ns (66.416%))
  Logic Levels:           1  (IBUF=1)
  Clock Path Skew:        -0.777ns (DCD - SCD - CPR)
    Destination Clock Delay (DCD):    -0.777ns
    Source Clock Delay      (SCD):    0.000ns
    Clock Pessimism Removal (CPR):    -0.000ns

    Location             Delay type                Incr(ns)  Path(ns)    Netlist Resource(s)
  -------------------------------------------------------------------    -------------------
    P16                                               0.000     0.000 f  reset_i (IN)
                         net (fo=0)                   0.000     0.000    reset_i
    P16                  IBUF (Prop_ibuf_I_O)         0.216     0.216 f  reset_i_IBUF_inst/O
                         net (fo=564, routed)         0.428     0.644    FSM_DUT/AR[0]
    SLICE_X107Y52        FDCE                                         f  FSM_DUT/FSM_onehot_Ep_reg[13]/CLR
  -------------------------------------------------------------------    -------------------

                         (clock clk_out1_clk_wiz_0 rise edge)
                                                      0.000     0.000 r  
    Y9                                                0.000     0.000 r  sys_clock_i (IN)
                         net (fo=0)                   0.000     0.000    clock_100MHz/inst/clk_in1
    Y9                   IBUF (Prop_ibuf_I_O)         0.446     0.446 r  clock_100MHz/inst/clkin1_ibufg/O
                         net (fo=1, routed)           0.480     0.926    clock_100MHz/inst/clk_in1_clk_wiz_0
    MMCME2_ADV_X0Y0      MMCME2_ADV (Prop_mmcme2_adv_CLKIN1_CLKOUT0)
                                                     -3.204    -2.278 r  clock_100MHz/inst/mmcm_adv_inst/CLKOUT0
                         net (fo=1, routed)           0.564    -1.714    clock_100MHz/inst/clk_out1_clk_wiz_0
    BUFGCTRL_X0Y0        BUFG (Prop_bufg_I_O)         0.029    -1.685 r  clock_100MHz/inst/clkout1_buf/O
                         net (fo=565, routed)         0.908    -0.777    FSM_DUT/CLK
    SLICE_X107Y52        FDCE                                         r  FSM_DUT/FSM_onehot_Ep_reg[13]/C

Slack:                    inf
  Source:                 reset_i
                            (input port)
  Destination:            FSM_DUT/FSM_onehot_Ep_reg[18]/CLR
                            (removal check against rising-edge clock clk_out1_clk_wiz_0  {rise@0.000ns fall@5.000ns period=10.000ns})
  Path Group:             (none)
  Path Type:              Removal (Min at Fast Process Corner)
  Data Path Delay:        0.644ns  (logic 0.216ns (33.584%)  route 0.428ns (66.416%))
  Logic Levels:           1  (IBUF=1)
  Clock Path Skew:        -0.777ns (DCD - SCD - CPR)
    Destination Clock Delay (DCD):    -0.777ns
    Source Clock Delay      (SCD):    0.000ns
    Clock Pessimism Removal (CPR):    -0.000ns

    Location             Delay type                Incr(ns)  Path(ns)    Netlist Resource(s)
  -------------------------------------------------------------------    -------------------
    P16                                               0.000     0.000 f  reset_i (IN)
                         net (fo=0)                   0.000     0.000    reset_i
    P16                  IBUF (Prop_ibuf_I_O)         0.216     0.216 f  reset_i_IBUF_inst/O
                         net (fo=564, routed)         0.428     0.644    FSM_DUT/AR[0]
    SLICE_X107Y52        FDCE                                         f  FSM_DUT/FSM_onehot_Ep_reg[18]/CLR
  -------------------------------------------------------------------    -------------------

                         (clock clk_out1_clk_wiz_0 rise edge)
                                                      0.000     0.000 r  
    Y9                                                0.000     0.000 r  sys_clock_i (IN)
                         net (fo=0)                   0.000     0.000    clock_100MHz/inst/clk_in1
    Y9                   IBUF (Prop_ibuf_I_O)         0.446     0.446 r  clock_100MHz/inst/clkin1_ibufg/O
                         net (fo=1, routed)           0.480     0.926    clock_100MHz/inst/clk_in1_clk_wiz_0
    MMCME2_ADV_X0Y0      MMCME2_ADV (Prop_mmcme2_adv_CLKIN1_CLKOUT0)
                                                     -3.204    -2.278 r  clock_100MHz/inst/mmcm_adv_inst/CLKOUT0
                         net (fo=1, routed)           0.564    -1.714    clock_100MHz/inst/clk_out1_clk_wiz_0
    BUFGCTRL_X0Y0        BUFG (Prop_bufg_I_O)         0.029    -1.685 r  clock_100MHz/inst/clkout1_buf/O
                         net (fo=565, routed)         0.908    -0.777    FSM_DUT/CLK
    SLICE_X107Y52        FDCE                                         r  FSM_DUT/FSM_onehot_Ep_reg[18]/C

Slack:                    inf
  Source:                 reset_i
                            (input port)
  Destination:            FSM_DUT/FSM_onehot_Ep_reg[14]/CLR
                            (removal check against rising-edge clock clk_out1_clk_wiz_0  {rise@0.000ns fall@5.000ns period=10.000ns})
  Path Group:             (none)
  Path Type:              Removal (Min at Fast Process Corner)
  Data Path Delay:        0.648ns  (logic 0.216ns (33.359%)  route 0.432ns (66.641%))
  Logic Levels:           1  (IBUF=1)
  Clock Path Skew:        -0.777ns (DCD - SCD - CPR)
    Destination Clock Delay (DCD):    -0.777ns
    Source Clock Delay      (SCD):    0.000ns
    Clock Pessimism Removal (CPR):    -0.000ns

    Location             Delay type                Incr(ns)  Path(ns)    Netlist Resource(s)
  -------------------------------------------------------------------    -------------------
    P16                                               0.000     0.000 f  reset_i (IN)
                         net (fo=0)                   0.000     0.000    reset_i
    P16                  IBUF (Prop_ibuf_I_O)         0.216     0.216 f  reset_i_IBUF_inst/O
                         net (fo=564, routed)         0.432     0.648    FSM_DUT/AR[0]
    SLICE_X106Y52        FDCE                                         f  FSM_DUT/FSM_onehot_Ep_reg[14]/CLR
  -------------------------------------------------------------------    -------------------

                         (clock clk_out1_clk_wiz_0 rise edge)
                                                      0.000     0.000 r  
    Y9                                                0.000     0.000 r  sys_clock_i (IN)
                         net (fo=0)                   0.000     0.000    clock_100MHz/inst/clk_in1
    Y9                   IBUF (Prop_ibuf_I_O)         0.446     0.446 r  clock_100MHz/inst/clkin1_ibufg/O
                         net (fo=1, routed)           0.480     0.926    clock_100MHz/inst/clk_in1_clk_wiz_0
    MMCME2_ADV_X0Y0      MMCME2_ADV (Prop_mmcme2_adv_CLKIN1_CLKOUT0)
                                                     -3.204    -2.278 r  clock_100MHz/inst/mmcm_adv_inst/CLKOUT0
                         net (fo=1, routed)           0.564    -1.714    clock_100MHz/inst/clk_out1_clk_wiz_0
    BUFGCTRL_X0Y0        BUFG (Prop_bufg_I_O)         0.029    -1.685 r  clock_100MHz/inst/clkout1_buf/O
                         net (fo=565, routed)         0.908    -0.777    FSM_DUT/CLK
    SLICE_X106Y52        FDCE                                         r  FSM_DUT/FSM_onehot_Ep_reg[14]/C

Slack:                    inf
  Source:                 reset_i
                            (input port)
  Destination:            FSM_DUT/FSM_onehot_Ep_reg[15]/CLR
                            (removal check against rising-edge clock clk_out1_clk_wiz_0  {rise@0.000ns fall@5.000ns period=10.000ns})
  Path Group:             (none)
  Path Type:              Removal (Min at Fast Process Corner)
  Data Path Delay:        0.648ns  (logic 0.216ns (33.359%)  route 0.432ns (66.641%))
  Logic Levels:           1  (IBUF=1)
  Clock Path Skew:        -0.777ns (DCD - SCD - CPR)
    Destination Clock Delay (DCD):    -0.777ns
    Source Clock Delay      (SCD):    0.000ns
    Clock Pessimism Removal (CPR):    -0.000ns

    Location             Delay type                Incr(ns)  Path(ns)    Netlist Resource(s)
  -------------------------------------------------------------------    -------------------
    P16                                               0.000     0.000 f  reset_i (IN)
                         net (fo=0)                   0.000     0.000    reset_i
    P16                  IBUF (Prop_ibuf_I_O)         0.216     0.216 f  reset_i_IBUF_inst/O
                         net (fo=564, routed)         0.432     0.648    FSM_DUT/AR[0]
    SLICE_X106Y52        FDCE                                         f  FSM_DUT/FSM_onehot_Ep_reg[15]/CLR
  -------------------------------------------------------------------    -------------------

                         (clock clk_out1_clk_wiz_0 rise edge)
                                                      0.000     0.000 r  
    Y9                                                0.000     0.000 r  sys_clock_i (IN)
                         net (fo=0)                   0.000     0.000    clock_100MHz/inst/clk_in1
    Y9                   IBUF (Prop_ibuf_I_O)         0.446     0.446 r  clock_100MHz/inst/clkin1_ibufg/O
                         net (fo=1, routed)           0.480     0.926    clock_100MHz/inst/clk_in1_clk_wiz_0
    MMCME2_ADV_X0Y0      MMCME2_ADV (Prop_mmcme2_adv_CLKIN1_CLKOUT0)
                                                     -3.204    -2.278 r  clock_100MHz/inst/mmcm_adv_inst/CLKOUT0
                         net (fo=1, routed)           0.564    -1.714    clock_100MHz/inst/clk_out1_clk_wiz_0
    BUFGCTRL_X0Y0        BUFG (Prop_bufg_I_O)         0.029    -1.685 r  clock_100MHz/inst/clkout1_buf/O
                         net (fo=565, routed)         0.908    -0.777    FSM_DUT/CLK
    SLICE_X106Y52        FDCE                                         r  FSM_DUT/FSM_onehot_Ep_reg[15]/C

Slack:                    inf
  Source:                 reset_i
                            (input port)
  Destination:            FSM_DUT/FSM_onehot_Ep_reg[16]/CLR
                            (removal check against rising-edge clock clk_out1_clk_wiz_0  {rise@0.000ns fall@5.000ns period=10.000ns})
  Path Group:             (none)
  Path Type:              Removal (Min at Fast Process Corner)
  Data Path Delay:        0.648ns  (logic 0.216ns (33.359%)  route 0.432ns (66.641%))
  Logic Levels:           1  (IBUF=1)
  Clock Path Skew:        -0.777ns (DCD - SCD - CPR)
    Destination Clock Delay (DCD):    -0.777ns
    Source Clock Delay      (SCD):    0.000ns
    Clock Pessimism Removal (CPR):    -0.000ns

    Location             Delay type                Incr(ns)  Path(ns)    Netlist Resource(s)
  -------------------------------------------------------------------    -------------------
    P16                                               0.000     0.000 f  reset_i (IN)
                         net (fo=0)                   0.000     0.000    reset_i
    P16                  IBUF (Prop_ibuf_I_O)         0.216     0.216 f  reset_i_IBUF_inst/O
                         net (fo=564, routed)         0.432     0.648    FSM_DUT/AR[0]
    SLICE_X106Y52        FDCE                                         f  FSM_DUT/FSM_onehot_Ep_reg[16]/CLR
  -------------------------------------------------------------------    -------------------

                         (clock clk_out1_clk_wiz_0 rise edge)
                                                      0.000     0.000 r  
    Y9                                                0.000     0.000 r  sys_clock_i (IN)
                         net (fo=0)                   0.000     0.000    clock_100MHz/inst/clk_in1
    Y9                   IBUF (Prop_ibuf_I_O)         0.446     0.446 r  clock_100MHz/inst/clkin1_ibufg/O
                         net (fo=1, routed)           0.480     0.926    clock_100MHz/inst/clk_in1_clk_wiz_0
    MMCME2_ADV_X0Y0      MMCME2_ADV (Prop_mmcme2_adv_CLKIN1_CLKOUT0)
                                                     -3.204    -2.278 r  clock_100MHz/inst/mmcm_adv_inst/CLKOUT0
                         net (fo=1, routed)           0.564    -1.714    clock_100MHz/inst/clk_out1_clk_wiz_0
    BUFGCTRL_X0Y0        BUFG (Prop_bufg_I_O)         0.029    -1.685 r  clock_100MHz/inst/clkout1_buf/O
                         net (fo=565, routed)         0.908    -0.777    FSM_DUT/CLK
    SLICE_X106Y52        FDCE                                         r  FSM_DUT/FSM_onehot_Ep_reg[16]/C

Slack:                    inf
  Source:                 reset_i
                            (input port)
  Destination:            FSM_DUT/FSM_onehot_Ep_reg[17]/CLR
                            (removal check against rising-edge clock clk_out1_clk_wiz_0  {rise@0.000ns fall@5.000ns period=10.000ns})
  Path Group:             (none)
  Path Type:              Removal (Min at Fast Process Corner)
  Data Path Delay:        0.648ns  (logic 0.216ns (33.359%)  route 0.432ns (66.641%))
  Logic Levels:           1  (IBUF=1)
  Clock Path Skew:        -0.777ns (DCD - SCD - CPR)
    Destination Clock Delay (DCD):    -0.777ns
    Source Clock Delay      (SCD):    0.000ns
    Clock Pessimism Removal (CPR):    -0.000ns

    Location             Delay type                Incr(ns)  Path(ns)    Netlist Resource(s)
  -------------------------------------------------------------------    -------------------
    P16                                               0.000     0.000 f  reset_i (IN)
                         net (fo=0)                   0.000     0.000    reset_i
    P16                  IBUF (Prop_ibuf_I_O)         0.216     0.216 f  reset_i_IBUF_inst/O
                         net (fo=564, routed)         0.432     0.648    FSM_DUT/AR[0]
    SLICE_X106Y52        FDCE                                         f  FSM_DUT/FSM_onehot_Ep_reg[17]/CLR
  -------------------------------------------------------------------    -------------------

                         (clock clk_out1_clk_wiz_0 rise edge)
                                                      0.000     0.000 r  
    Y9                                                0.000     0.000 r  sys_clock_i (IN)
                         net (fo=0)                   0.000     0.000    clock_100MHz/inst/clk_in1
    Y9                   IBUF (Prop_ibuf_I_O)         0.446     0.446 r  clock_100MHz/inst/clkin1_ibufg/O
                         net (fo=1, routed)           0.480     0.926    clock_100MHz/inst/clk_in1_clk_wiz_0
    MMCME2_ADV_X0Y0      MMCME2_ADV (Prop_mmcme2_adv_CLKIN1_CLKOUT0)
                                                     -3.204    -2.278 r  clock_100MHz/inst/mmcm_adv_inst/CLKOUT0
                         net (fo=1, routed)           0.564    -1.714    clock_100MHz/inst/clk_out1_clk_wiz_0
    BUFGCTRL_X0Y0        BUFG (Prop_bufg_I_O)         0.029    -1.685 r  clock_100MHz/inst/clkout1_buf/O
                         net (fo=565, routed)         0.908    -0.777    FSM_DUT/CLK
    SLICE_X106Y52        FDCE                                         r  FSM_DUT/FSM_onehot_Ep_reg[17]/C

Slack:                    inf
  Source:                 init_i
                            (input port)
  Destination:            DUT/U0/FSM_onehot_Ep_reg[0]/D
                            (rising edge-triggered cell FDPE clocked by clk_out1_clk_wiz_0  {rise@0.000ns fall@5.000ns period=10.000ns})
  Path Group:             (none)
  Path Type:              Hold (Min at Fast Process Corner)
  Data Path Delay:        0.756ns  (logic 0.286ns (37.783%)  route 0.471ns (62.217%))
  Logic Levels:           2  (IBUF=1 LUT2=1)
  Clock Path Skew:        -0.778ns (DCD - SCD - CPR)
    Destination Clock Delay (DCD):    -0.778ns
    Source Clock Delay      (SCD):    0.000ns
    Clock Pessimism Removal (CPR):    -0.000ns

    Location             Delay type                Incr(ns)  Path(ns)    Netlist Resource(s)
  -------------------------------------------------------------------    -------------------
    R16                                               0.000     0.000 f  init_i (IN)
                         net (fo=0)                   0.000     0.000    init_i
    R16                  IBUF (Prop_ibuf_I_O)         0.241     0.241 f  init_i_IBUF_inst/O
                         net (fo=8, routed)           0.471     0.711    DUT/U0/init_i_IBUF
    SLICE_X108Y54        LUT2 (Prop_lut2_I1_O)        0.045     0.756 r  DUT/U0/FSM_onehot_Ep[0]_i_1/O
                         net (fo=1, routed)           0.000     0.756    DUT/U0/Ef[0]
    SLICE_X108Y54        FDPE                                         r  DUT/U0/FSM_onehot_Ep_reg[0]/D
  -------------------------------------------------------------------    -------------------

                         (clock clk_out1_clk_wiz_0 rise edge)
                                                      0.000     0.000 r  
    Y9                                                0.000     0.000 r  sys_clock_i (IN)
                         net (fo=0)                   0.000     0.000    clock_100MHz/inst/clk_in1
    Y9                   IBUF (Prop_ibuf_I_O)         0.446     0.446 r  clock_100MHz/inst/clkin1_ibufg/O
                         net (fo=1, routed)           0.480     0.926    clock_100MHz/inst/clk_in1_clk_wiz_0
    MMCME2_ADV_X0Y0      MMCME2_ADV (Prop_mmcme2_adv_CLKIN1_CLKOUT0)
                                                     -3.204    -2.278 r  clock_100MHz/inst/mmcm_adv_inst/CLKOUT0
                         net (fo=1, routed)           0.564    -1.714    clock_100MHz/inst/clk_out1_clk_wiz_0
    BUFGCTRL_X0Y0        BUFG (Prop_bufg_I_O)         0.029    -1.685 r  clock_100MHz/inst/clkout1_buf/O
                         net (fo=565, routed)         0.907    -0.778    DUT/U0/CLK
    SLICE_X108Y54        FDPE                                         r  DUT/U0/FSM_onehot_Ep_reg[0]/C

Slack:                    inf
  Source:                 init_i
                            (input port)
  Destination:            FSM_DUT/FSM_onehot_Ep_reg[3]/D
                            (rising edge-triggered cell FDCE clocked by clk_out1_clk_wiz_0  {rise@0.000ns fall@5.000ns period=10.000ns})
  Path Group:             (none)
  Path Type:              Hold (Min at Fast Process Corner)
  Data Path Delay:        0.765ns  (logic 0.284ns (37.075%)  route 0.482ns (62.925%))
  Logic Levels:           2  (IBUF=1 LUT4=1)
  Clock Path Skew:        -0.778ns (DCD - SCD - CPR)
    Destination Clock Delay (DCD):    -0.778ns
    Source Clock Delay      (SCD):    0.000ns
    Clock Pessimism Removal (CPR):    -0.000ns

    Location             Delay type                Incr(ns)  Path(ns)    Netlist Resource(s)
  -------------------------------------------------------------------    -------------------
    R16                                               0.000     0.000 f  init_i (IN)
                         net (fo=0)                   0.000     0.000    init_i
    R16                  IBUF (Prop_ibuf_I_O)         0.241     0.241 f  init_i_IBUF_inst/O
                         net (fo=8, routed)           0.482     0.722    FSM_DUT/init_i_IBUF
    SLICE_X108Y53        LUT4 (Prop_lut4_I0_O)        0.043     0.765 r  FSM_DUT/FSM_onehot_Ep[3]_i_1__0/O
                         net (fo=1, routed)           0.000     0.765    FSM_DUT/Ef[3]
    SLICE_X108Y53        FDCE                                         r  FSM_DUT/FSM_onehot_Ep_reg[3]/D
  -------------------------------------------------------------------    -------------------

                         (clock clk_out1_clk_wiz_0 rise edge)
                                                      0.000     0.000 r  
    Y9                                                0.000     0.000 r  sys_clock_i (IN)
                         net (fo=0)                   0.000     0.000    clock_100MHz/inst/clk_in1
    Y9                   IBUF (Prop_ibuf_I_O)         0.446     0.446 r  clock_100MHz/inst/clkin1_ibufg/O
                         net (fo=1, routed)           0.480     0.926    clock_100MHz/inst/clk_in1_clk_wiz_0
    MMCME2_ADV_X0Y0      MMCME2_ADV (Prop_mmcme2_adv_CLKIN1_CLKOUT0)
                                                     -3.204    -2.278 r  clock_100MHz/inst/mmcm_adv_inst/CLKOUT0
                         net (fo=1, routed)           0.564    -1.714    clock_100MHz/inst/clk_out1_clk_wiz_0
    BUFGCTRL_X0Y0        BUFG (Prop_bufg_I_O)         0.029    -1.685 r  clock_100MHz/inst/clkout1_buf/O
                         net (fo=565, routed)         0.907    -0.778    FSM_DUT/CLK
    SLICE_X108Y53        FDCE                                         r  FSM_DUT/FSM_onehot_Ep_reg[3]/C

Slack:                    inf
  Source:                 init_i
                            (input port)
  Destination:            FSM_DUT/FSM_onehot_Ep_reg[2]/D
                            (rising edge-triggered cell FDCE clocked by clk_out1_clk_wiz_0  {rise@0.000ns fall@5.000ns period=10.000ns})
  Path Group:             (none)
  Path Type:              Hold (Min at Fast Process Corner)
  Data Path Delay:        0.767ns  (logic 0.286ns (37.239%)  route 0.482ns (62.761%))
  Logic Levels:           2  (IBUF=1 LUT3=1)
  Clock Path Skew:        -0.778ns (DCD - SCD - CPR)
    Destination Clock Delay (DCD):    -0.778ns
    Source Clock Delay      (SCD):    0.000ns
    Clock Pessimism Removal (CPR):    -0.000ns

    Location             Delay type                Incr(ns)  Path(ns)    Netlist Resource(s)
  -------------------------------------------------------------------    -------------------
    R16                                               0.000     0.000 r  init_i (IN)
                         net (fo=0)                   0.000     0.000    init_i
    R16                  IBUF (Prop_ibuf_I_O)         0.241     0.241 r  init_i_IBUF_inst/O
                         net (fo=8, routed)           0.482     0.722    FSM_DUT/init_i_IBUF
    SLICE_X108Y53        LUT3 (Prop_lut3_I1_O)        0.045     0.767 r  FSM_DUT/FSM_onehot_Ep[2]_i_1__0/O
                         net (fo=1, routed)           0.000     0.767    FSM_DUT/Ef[2]
    SLICE_X108Y53        FDCE                                         r  FSM_DUT/FSM_onehot_Ep_reg[2]/D
  -------------------------------------------------------------------    -------------------

                         (clock clk_out1_clk_wiz_0 rise edge)
                                                      0.000     0.000 r  
    Y9                                                0.000     0.000 r  sys_clock_i (IN)
                         net (fo=0)                   0.000     0.000    clock_100MHz/inst/clk_in1
    Y9                   IBUF (Prop_ibuf_I_O)         0.446     0.446 r  clock_100MHz/inst/clkin1_ibufg/O
                         net (fo=1, routed)           0.480     0.926    clock_100MHz/inst/clk_in1_clk_wiz_0
    MMCME2_ADV_X0Y0      MMCME2_ADV (Prop_mmcme2_adv_CLKIN1_CLKOUT0)
                                                     -3.204    -2.278 r  clock_100MHz/inst/mmcm_adv_inst/CLKOUT0
                         net (fo=1, routed)           0.564    -1.714    clock_100MHz/inst/clk_out1_clk_wiz_0
    BUFGCTRL_X0Y0        BUFG (Prop_bufg_I_O)         0.029    -1.685 r  clock_100MHz/inst/clkout1_buf/O
                         net (fo=565, routed)         0.907    -0.778    FSM_DUT/CLK
    SLICE_X108Y53        FDCE                                         r  FSM_DUT/FSM_onehot_Ep_reg[2]/C

Slack:                    inf
  Source:                 reset_i
                            (input port)
  Destination:            DUT/U0/FSM_onehot_Ep_reg[10]/CLR
                            (removal check against rising-edge clock clk_out1_clk_wiz_0  {rise@0.000ns fall@5.000ns period=10.000ns})
  Path Group:             (none)
  Path Type:              Removal (Min at Fast Process Corner)
  Data Path Delay:        0.787ns  (logic 0.216ns (27.454%)  route 0.571ns (72.546%))
  Logic Levels:           1  (IBUF=1)
  Clock Path Skew:        -0.778ns (DCD - SCD - CPR)
    Destination Clock Delay (DCD):    -0.778ns
    Source Clock Delay      (SCD):    0.000ns
    Clock Pessimism Removal (CPR):    -0.000ns

    Location             Delay type                Incr(ns)  Path(ns)    Netlist Resource(s)
  -------------------------------------------------------------------    -------------------
    P16                                               0.000     0.000 f  reset_i (IN)
                         net (fo=0)                   0.000     0.000    reset_i
    P16                  IBUF (Prop_ibuf_I_O)         0.216     0.216 f  reset_i_IBUF_inst/O
                         net (fo=564, routed)         0.571     0.787    DUT/U0/reset_i_IBUF
    SLICE_X107Y53        FDCE                                         f  DUT/U0/FSM_onehot_Ep_reg[10]/CLR
  -------------------------------------------------------------------    -------------------

                         (clock clk_out1_clk_wiz_0 rise edge)
                                                      0.000     0.000 r  
    Y9                                                0.000     0.000 r  sys_clock_i (IN)
                         net (fo=0)                   0.000     0.000    clock_100MHz/inst/clk_in1
    Y9                   IBUF (Prop_ibuf_I_O)         0.446     0.446 r  clock_100MHz/inst/clkin1_ibufg/O
                         net (fo=1, routed)           0.480     0.926    clock_100MHz/inst/clk_in1_clk_wiz_0
    MMCME2_ADV_X0Y0      MMCME2_ADV (Prop_mmcme2_adv_CLKIN1_CLKOUT0)
                                                     -3.204    -2.278 r  clock_100MHz/inst/mmcm_adv_inst/CLKOUT0
                         net (fo=1, routed)           0.564    -1.714    clock_100MHz/inst/clk_out1_clk_wiz_0
    BUFGCTRL_X0Y0        BUFG (Prop_bufg_I_O)         0.029    -1.685 r  clock_100MHz/inst/clkout1_buf/O
                         net (fo=565, routed)         0.907    -0.778    DUT/U0/CLK
    SLICE_X107Y53        FDCE                                         r  DUT/U0/FSM_onehot_Ep_reg[10]/C





